month,HEAD,total_pkr,month_expense_total_pkr,total_revenue_pkr,pct_of_expenses,pct_of_revenue
2024-01,Purchase of Sunflower,42837951.0,46032565.0,8268446.0,93.06009995315273,518.0895055733569
2024-01,Electricity Charges,2332941.0,46032565.0,8268446.0,5.068023039776297,28.214987435365728
2024-01,Purchase of canola cooking oil,1982738.0,46032565.0,8268446.0,4.3072507473785135,23.979572461379078
2024-01,Salaries & Wages,964027.0,46032565.0,8268446.0,2.0942282925142233,11.659107406639652
2024-01,Labour charges-corn(DAL),834597.0,46032565.0,8268446.0,1.8130577776841243,10.093758851421414
2024-01,Purchases of Pak Afgoi(Corn),751016.0,46032565.0,8268446.0,1.631488490810799,9.082915943334454
2024-01,Salary & Wages,710190.0,46032565.0,8268446.0,1.5427991032000932,8.589159317240506
2024-01,Directors Remuneration,420000.0,46032565.0,8268446.0,0.9123975602923712,5.079551828723317
2024-01,Salaries & Wages (H.O),399000.0,46032565.0,8268446.0,0.8667776822777526,4.825574237287151
2024-01,Salary & Wages-Production staff,303958.0,46032565.0,8268446.0,0.6603108038841633,3.6761200351311483
2024-01,Salaries & Wages (Factory),303428.0,46032565.0,8268446.0,0.6591594450580801,3.6697101244901402
2024-01,Wood Expenses(Dryer),286767.0,46032565.0,8268446.0,0.6229655027913391,3.468209141113094
2024-01,Labour charges-Misc,283050.0,46032565.0,8268446.0,0.6148907843827517,3.423255107428893
2024-01,Labour Charges Dryer Corn,246706.0,46032565.0,8268446.0,0.5359379821654517,2.9837045558500352
2024-01,Wheat seed expenses,189300.0,46032565.0,8268446.0,0.41123061467463307,2.289426574231724
2024-01,Pesticide Expenses,156000.0,46032565.0,8268446.0,0.33889052239430933,1.8866906792400895
2024-01,Ploughing Expenses,151270.0,46032565.0,8268446.0,0.32861518796530237,1.8294852503118482
2024-01,Hybrid Testing Fee,150000.0,46032565.0,8268446.0,0.32585627153298974,1.8141256531154706
2024-01,Packing Material Consumed,131634.0,46032565.0,8268446.0,0.2859584296464905,1.5920041081480125
2024-01,Labour charges-Cotton seed,124588.0,46032565.0,8268446.0,0.2706518743850142,1.5067885791356683
2024-01,Labour charges-Cotton Seed,117776.0,46032565.0,8268446.0,0.25585365490712936,1.4244030861421844
2024-01,Vehicle 2.OD POL 4382 Dr. Anwar Sb.,95600.0,46032565.0,8268446.0,0.20767906372369216,1.156202749585593
2024-01,Cotton seed expenses,80000.0,46032565.0,8268446.0,0.17379001148426118,0.9675336816615843
2024-01,Labour charges(Daily Marketing staf,77350.0,46032565.0,8268446.0,0.16803321735384505,0.9354841284565443
2024-01,Lease expenses,70000.0,46032565.0,8268446.0,0.15206626004872853,0.8465919714538863
2024-01,Entertainment  (Factory),67952.0,46032565.0,8268446.0,0.14761723575473146,0.8218231092033497
2024-01,Ploughing expenses-fty,62000.0,46032565.0,8268446.0,0.13468725890030245,0.7498386032877278
2024-01,Advertisement Expenses-selling,59250.0,46032565.0,8268446.0,0.12871322725553094,0.7165796329806109
2024-01,Legal & Professional Charges,54040.0,46032565.0,8268446.0,0.11739515275761844,0.6535690019624002
2024-01,Printing & Stationery  (Factory),52943.0,46032565.0,8268446.0,0.1150120572251405,0.6403016963526157
2024-01,Salary & wages,44000.0,46032565.0,8268446.0,0.09558450631634366,0.5321435249138713
2024-01,Germination Claim,42880.0,46032565.0,8268446.0,0.093151446155564,0.5185980533706092
2024-01,Canteen Expenses,41452.0,46032565.0,8268446.0,0.09004929445056993,0.50132757715295
2024-01,Micronutrient expenses,40000.0,46032565.0,8268446.0,0.08689500574213059,0.48376684083079213
2024-01,Vehicle R&M Pol 418 (Akhtar),39184.0,46032565.0,8268446.0,0.08512234762499114,0.47389799727784404
2024-01,Vehicle R&M POL 155 AEJ(Dr.Shahid),38756.0,46032565.0,8268446.0,0.08419257106355034,0.4687216920809545
2024-01,Sesame seed,37890.0,46032565.0,8268446.0,0.0823112941892332,0.45824813997696784
2024-01,Vehicle R&M POL & Repair,36540.0,46032565.0,8268446.0,0.07937858774543631,0.4419210090989286
2024-01,Vehicle POL LEH-7012 Hassan Shah,35540.0,46032565.0,8268446.0,0.07720621260188304,0.42982683807815886
2024-01,Vehicle POL LZH-5455,32070.0,46032565.0,8268446.0,0.0696680708537532,0.38786006463608763
2024-01,Sales Promotion Expenses,30480.0,46032565.0,8268446.0,0.06621399437550352,0.3686303327130636
2024-01,Labour charges,29993.0,46032565.0,8268446.0,0.06515604768059308,0.36274047142594873
2024-01,Audit Fee - ISO,29750.0,46032565.0,8268446.0,0.06462816052070963,0.3598015878679017
2024-01,Freight & Octroi,29700.0,46032565.0,8268446.0,0.06451954176353196,0.35919687931686317
2024-01,Accomodation / Residence Expenses,27850.0,46032565.0,8268446.0,0.06050064774795842,0.33682266292843904
2024-01,Electricity expense,26680.0,46032565.0,8268446.0,0.05795896883000111,0.32267248283413835
2024-01,E.O.B.I,25600.0,46032565.0,8268446.0,0.05561280367496358,0.309610778131707
2024-01,Electricity Charges (H.O),24898.0,46032565.0,8268446.0,0.05408779632418919,0.3011206700751266
2024-01,Purchase of wheat seed,24450.0,46032565.0,8268446.0,0.05311457225987733,0.2957024814578217
2024-01,Labour charges-Okra,23903.0,46032565.0,8268446.0,0.051926283056353696,0.28908696990946064
2024-01,Vehicle R&M POL 118,23720.0,46032565.0,8268446.0,0.051528738405083443,0.28687373661265975
2024-01,Vehicle POL LEE-17-7430 Hafiz Qadir,23540.0,46032565.0,8268446.0,0.051137710879243854,0.28469678582892116
2024-01,House Rent (G.M.),23000.0,46032565.0,8268446.0,0.0499646283017251,0.27816593347770546
2024-01,Freight & octroi-corn seed,22500.0,46032565.0,8268446.0,0.048878440729948465,0.2721188479673206
2024-01,Social Security,21120.0,46032565.0,8268446.0,0.045880563031844956,0.25542889195865826
2024-01,E.O.B.I Factory,20129.0,46032565.0,8268446.0,0.04372773926458367,0.2434435684770754
2024-01,Vehicle POL 2995 Aslam Sb.,19900.0,46032565.0,8268446.0,0.04323026535670997,0.24067400331331906
2024-01,Social security,19200.0,46032565.0,8268446.0,0.04170960275622269,0.23220808359878023
2024-01,Vehicle R&M POL 2260 Rizwan Sb.,19000.0,46032565.0,8268446.0,0.04127512772751203,0.22978924939462625
2024-01,Repair & Renovation HO,18702.0,46032565.0,8268446.0,0.04062775993473316,0.22618518643043686
2024-01,Freight & Octroi-okra,15100.0,46032565.0,8268446.0,0.0328028646676543,0.18262198241362404
2024-01,Freight& Octroi on purchases paddy,14000.0,46032565.0,8268446.0,0.03041325200974571,0.16931839429077725
2024-01,labour charges,14000.0,46032565.0,8268446.0,0.03041325200974571,0.16931839429077725
2024-01,Vehicle 2.OD Repair 4382 Dr.Sb,13880.0,46032565.0,8268446.0,0.03015256699251932,0.16786709376828488
2024-01,Vehicle Repair LZH-5455,13800.0,46032565.0,8268446.0,0.029978776981035054,0.1668995600866233
2024-01,Irrigation Expenses,13500.0,46032565.0,8268446.0,0.029327064437969078,0.16327130878039234
2024-01,Misc.Expenses,12380.0,46032565.0,8268446.0,0.026894004277189423,0.14972583723713018
2024-01,Vehicle R&M POL 371 (FRK),12100.0,46032565.0,8268446.0,0.026285739236994503,0.14633946935131462
2024-01,Freight & Octroi - wheat seed,12000.0,46032565.0,8268446.0,0.02606850172263918,0.14513005224923764
2024-01,Labour Purchase of Afgoyee Seed,12000.0,46032565.0,8268446.0,0.02606850172263918,0.14513005224923764
2024-01,Travelling & Conveyance Others,11550.0,46032565.0,8268446.0,0.02509093290804021,0.13968767528989123
2024-01,Vehicle POL AGC-21-3228 Abdul Rauf,11500.0,46032565.0,8268446.0,0.02498231415086255,0.13908296673885273
2024-01,Labortary Expenses,11200.0,46032565.0,8268446.0,0.024330601607796567,0.1354547154326218
2024-01,Vehicle Repair LEH-7012 Hassan Shah,11010.0,46032565.0,8268446.0,0.023917850330521448,0.13315682293867553
2024-01,Seasonal Disc.Corn(Mosmi)July-Dec,11000.0,46032565.0,8268446.0,0.023896126579085915,0.13303588122846782
2024-01,Bank Charges,10579.0,46032565.0,8268446.0,0.02298155664364999,0.12794423522872375
2024-01,Vehicle RepairLEE-17-7430 Haifz Qad,10050.0,46032565.0,8268446.0,0.02183237019271031,0.12154641875873652
2024-01,R&M Generator (HO),10000.0,46032565.0,8268446.0,0.021723751435532648,0.12094171020769803
2024-01,Vehicle POL KWM-2868 Nazar Ali,9100.0,46032565.0,8268446.0,0.01976861380633471,0.1100569562890052
2024-01,Vehicle POL M/C ALF 6829 Hassan Raz,8520.0,46032565.0,8268446.0,0.01850863622307382,0.10304233709695872
2024-01,Gardening & Plantation,8500.0,46032565.0,8268446.0,0.018465188720202752,0.10280045367654332
2024-01,Freight & Octroi-chemicals,8000.0,46032565.0,8268446.0,0.01737900114842612,0.09675336816615843
2024-01,Education Cess,7510.0,46032565.0,8268446.0,0.01631453732808502,0.09082722436598123
2024-01,Vehicle R&M Repair 2260 Rizwan Sb.,7450.0,46032565.0,8268446.0,0.016184194819471823,0.09010157410473503
2024-01,Labour charges-SSG,7000.0,46032565.0,8268446.0,0.015206626004872855,0.08465919714538862
2024-01,Vehicle R&M Repair 155 AEJ(Dr.Shah),6950.0,46032565.0,8268446.0,0.015098007247695193,0.08405448859435014
2024-01,Vehicle R&M Repair 118,6550.0,46032565.0,8268446.0,0.014229057190273887,0.07921682018604222
2024-01,Labour charges-Misc.,6549.0,46032565.0,8268446.0,0.014226884815130332,0.07920472601502145
2024-01,Freight-sesame seed,6500.0,46032565.0,8268446.0,0.014120438433096221,0.07861211163500373
2024-01,Vehicle POL KWM-17-4525 Haider Abba,6500.0,46032565.0,8268446.0,0.014120438433096221,0.07861211163500373
2024-01,Vehicle POL KWK-20-7778 Khaliq Dad,6400.0,46032565.0,8268446.0,0.013903200918740895,0.07740269453292675
2024-01,Veh. Running & Maint.General,6000.0,46032565.0,8268446.0,0.01303425086131959,0.07256502612461882
2024-01,Telephone Exp Fty PTCL,5970.0,46032565.0,8268446.0,0.012969079607012992,0.07220220099399573
2024-01,Consultency charges-ISO,5600.0,46032565.0,8268446.0,0.012165300803898283,0.0677273577163109
2024-01,Vehicle POL KWM-19-3348 Zain Ul Abi,5400.0,46032565.0,8268446.0,0.01173082577518763,0.06530852351215695
2024-01,Misc. Expenses,5230.0,46032565.0,8268446.0,0.011361522000783577,0.06325251443862608
2024-01,Vehicle POL KWK-20-8845 Shahid Sajj,5221.0,46032565.0,8268446.0,0.011341970624491595,0.06314366689943915
2024-01,Misc. Expenses-Selling,5190.0,46032565.0,8268446.0,0.011274626995041444,0.06276874759779529
2024-01,Freight & Octori-cotton seed,5000.0,46032565.0,8268446.0,0.010861875717766324,0.06047085510384902
2024-01,Vehicle POL-KWM-17-7032 M.Khalid,5000.0,46032565.0,8268446.0,0.010861875717766324,0.06047085510384902
2024-01,Travelling & conveyance-MFG.,4880.0,46032565.0,8268446.0,0.010601190700539933,0.05901955458135664
2024-01,Telephone Expenses-Director,4500.0,46032565.0,8268446.0,0.009775688145989692,0.054423769593464115
2024-01,Vehicle R&M Repair 418(Akhtar),4400.0,46032565.0,8268446.0,0.009558450631634366,0.05321435249138714
2024-01,Vehicle POL KWN-17-4123 Naveed,4000.0,46032565.0,8268446.0,0.00868950057421306,0.04837668408307921
2024-01,Postal & Courier Charges,3803.0,46032565.0,8268446.0,0.008261542670933066,0.04599413239198756
2024-01,Repair & Maint. Plant & Machinery,3800.0,46032565.0,8268446.0,0.008255025545502406,0.045957849878925254
2024-01,Electricity Expenses Bedian,3705.0,46032565.0,8268446.0,0.008048649906864847,0.04480890363195212
2024-01,Freight & Oct. General,3300.0,46032565.0,8268446.0,0.0071688379737257744,0.03991076436854035
2024-01,Entertainmetn-Mfg,3290.0,46032565.0,8268446.0,0.007147114222290242,0.039789822658332655
2024-01,Telephone Expenses-MFG,3145.0,46032565.0,8268446.0,0.006832119826475018,0.03803616786032103
2024-01,Vehicle Repair-KWM-19-2868 Nazar Ai,2810.0,46032565.0,8268446.0,0.006104374153384674,0.03398462056836315
2024-01,Vehicle Repair KWM-19-3348 Zain Ul,2750.0,46032565.0,8268446.0,0.005974031644771479,0.033258970307116956
2024-01,Vehicle R&M POL 9700 Zafar Iqbal,2450.0,46032565.0,8268446.0,0.005322319101705499,0.02963071900088602
2024-01,Electricity,2251.0,46032565.0,8268446.0,0.004890016448138399,0.027223978967752832
2024-01,Vehicle Repair AGC-21-3251 Zakria,2250.0,46032565.0,8268446.0,0.004887844072994846,0.027211884796732057
2024-01,Vehicle Repair KWK-20-8845 Shahid S,2220.0,46032565.0,8268446.0,0.004822672818688248,0.026849059666108965
2024-01,Vehicle RepairKWK-20-7778 Khaliq Da,2200.0,46032565.0,8268446.0,0.004779225315817183,0.02660717624569357
2024-01,Labour charges Sesame(DAL),2089.0,46032565.0,8268446.0,0.0045380916748827705,0.02526472326238812
2024-01,Telephone Exp-Rizwan Sb,2000.0,46032565.0,8268446.0,0.00434475028710653,0.024188342041539607
2024-01,Vehicel R&M POL M/C Zakriya,2000.0,46032565.0,8268446.0,0.00434475028710653,0.024188342041539607
2024-01,Vehicle POL 6793   Aslam Shakir,2000.0,46032565.0,8268446.0,0.00434475028710653,0.024188342041539607
2024-01,Vehicle Repair KWM17-4525 Haider A,1900.0,46032565.0,8268446.0,0.004127512772751203,0.022978924939462627
2024-01,Entertainment,1860.0,46032565.0,8268446.0,0.004040617767009073,0.022495158098631833
2024-01,Vehicle Repair AGC-21-3228 Rauf,1750.0,46032565.0,8268446.0,0.0038016565012182137,0.021164799286347156
2024-01,Vehicle POL -17-2347 Mess Safdar,1700.0,46032565.0,8268446.0,0.0036930377440405502,0.020560090735308668
2024-01,Vehicle Repair KWN-17-4123 Naveed,1510.0,46032565.0,8268446.0,0.00328028646676543,0.018262198241362403
2024-01,Telephone Exp Akhtar Ali,1500.0,46032565.0,8268446.0,0.0032585627153298973,0.018141256531154705
2024-01,Telephone Exp Hassan Raza,1500.0,46032565.0,8268446.0,0.0032585627153298973,0.018141256531154705
2024-01,Telephone Exp Zakria,1500.0,46032565.0,8268446.0,0.0032585627153298973,0.018141256531154705
2024-01,Freight & octroi-packing material,1430.0,46032565.0,8268446.0,0.0031064964552811694,0.017294664559700818
2024-01,Newspaper & Perodical,1265.0,46032565.0,8268446.0,0.00274805455659488,0.015299126341273802
2024-01,Telephone Exp Abdul Rauf,1250.0,46032565.0,8268446.0,0.002715468929441581,0.015117713775962254
2024-01,R&M Tractor],1200.0,46032565.0,8268446.0,0.002606850172263918,0.014513005224923764
2024-01,Vehicle Repair 2995 Aslam Sb.,1200.0,46032565.0,8268446.0,0.002606850172263918,0.014513005224923764
2024-01,Entertainment expenses,1100.0,46032565.0,8268446.0,0.0023896126579085915,0.013303588122846785
2024-01,Telephone Exp Farid,1000.0,46032565.0,8268446.0,0.002172375143553265,0.012094171020769803
2024-01,Telephone Exp Haider Abbas,1000.0,46032565.0,8268446.0,0.002172375143553265,0.012094171020769803
2024-01,Telephone Exp Haifz Ghulam Qadir,1000.0,46032565.0,8268446.0,0.002172375143553265,0.012094171020769803
2024-01,Telephone Exp Hassan Gardezi,1000.0,46032565.0,8268446.0,0.002172375143553265,0.012094171020769803
2024-01,Telephone Exp Khaliq Dad,1000.0,46032565.0,8268446.0,0.002172375143553265,0.012094171020769803
2024-01,Telephone Exp Naveed,1000.0,46032565.0,8268446.0,0.002172375143553265,0.012094171020769803
2024-01,Labour charges SSG(DAL),900.0,46032565.0,8268446.0,0.0019551376291979386,0.010884753918692824
2024-01,Vehicle ALF-6829 Repair Hassan Raza,900.0,46032565.0,8268446.0,0.0019551376291979386,0.010884753918692824
2024-01,Repair & Maint. Office Equipment,850.0,46032565.0,8268446.0,0.0018465188720202751,0.010280045367654334
2024-01,Telephone Exp Nazar Ali,800.0,46032565.0,8268446.0,0.0017379001148426119,0.009675336816615844
2024-01,Repair & Maintenance Electrical,760.0,46032565.0,8268446.0,0.0016510051091004811,0.00919156997578505
2024-01,Telephone Exp Shahid Sajjad,750.0,46032565.0,8268446.0,0.0016292813576649487,0.009070628265577352
2024-01,Telephone Exp Kafitullah,600.0,46032565.0,8268446.0,0.001303425086131959,0.007256502612461882
2024-01,Telephone Exp M.Khalid,600.0,46032565.0,8268446.0,0.001303425086131959,0.007256502612461882
2024-01,Vehicle Running & Maint.Gen(Factor,544.0,46032565.0,8268446.0,0.001181772078092976,0.006579229035298773
2024-01,Misc expenses,300.0,46032565.0,8268446.0,0.0006517125430659795,0.003628251306230941
2024-01,Telephone & Telex  (Factory),300.0,46032565.0,8268446.0,0.0006517125430659795,0.003628251306230941
2024-01,Vehicle Repair 6793 Aslam Shakir,200.0,46032565.0,8268446.0,0.00043447502871065297,0.002418834204153961
2024-01,Other Income,-11875.0,46032565.0,8268446.0,-0.025796954829695018,-0.1436182808716414
2024-01,Income-Kamboh Farm,-76000.0,46032565.0,8268446.0,-0.16510051091004813,-0.919156997578505
2024-01,Processing charges-corn seed,-97490.0,46032565.0,8268446.0,-0.21178485274500777,-1.1790607328148481
2024-01,Harvesting charges of Turnip,-148000.0,46032565.0,8268446.0,-0.32151152124588317,-1.789937311073931
2024-01,Chemical application & packing char,-409580.0,46032565.0,8268446.0,-0.8897614112965463,-4.953530566686896
2024-01,Delinting & processing-cotton seed,-8854790.0,46032565.0,8268446.0,-19.235925697384015,-107.09134461300225
2024-02,Purchase of Sunflower,13510340.0,17340125.0,22328957.0,77.91374052955213,60.50591615183817
2024-02,Electricity Charges,2669533.0,17340125.0,22328957.0,15.395119700694199,11.955475573713542
2024-02,Salaries & Wages,964027.0,17340125.0,22328957.0,5.559515862774923,4.3173848200791465
2024-02,Salary & Wages,710190.0,17340125.0,22328957.0,4.095645215937024,3.1805784748477053
2024-02,Labour charges-corn(DAL),692906.0,17340125.0,22328957.0,3.9959688871908363,3.103172261919802
2024-02,Labour charges-Misc,424012.0,17340125.0,22328957.0,2.44526495627915,1.898933299929773
2024-02,Directors Remuneration,420000.0,17340125.0,22328957.0,2.42212786816704,1.880965599960625
2024-02,Salaries & Wages (H.O),399000.0,17340125.0,22328957.0,2.3010214747586883,1.7869173199625938
2024-02,Seasonal Disc.Corn(Mosmi)July-Dec,349000.0,17340125.0,22328957.0,2.012672919024517,1.5629928437768053
2024-02,Salary & Wages-Production staff,303959.0,17340125.0,22328957.0,1.7529227730480605,1.361277197139123
2024-02,Salaries & Wages (Factory),301852.0,17340125.0,22328957.0,1.7407717649094225,1.3518410197126538
2024-02,Labour Charges Dryer Corn,250994.0,17340125.0,22328957.0,1.4474751479588526,1.124073999515517
2024-02,Labour charges-Cotton Seed,175849.0,17340125.0,22328957.0,1.0141161035459665,0.7875379042558951
2024-02,Sales Promotion Expenses,145000.0,17340125.0,22328957.0,0.8362108116290972,0.6493809809387873
2024-02,Repair & Maint. Plant & Machinery,102900.0,17340125.0,22328957.0,0.5934213277009248,0.46083657199035316
2024-02,Pesticide Expenses,100000.0,17340125.0,22328957.0,0.5766971114683429,0.4478489523715774
2024-02,Irrigation Expenses,99795.0,17340125.0,22328957.0,0.5755148823898328,0.4469308620192157
2024-02,Additional Discount,98500.0,17340125.0,22328957.0,0.5680466547963178,0.44113121808600375
2024-02,Commission on sale of Raya Seed,97102.0,17340125.0,22328957.0,0.5599844291779904,0.43487028973184905
2024-02,Labour charges-Cotton seed,95146.0,17340125.0,22328957.0,0.5487042336776696,0.42611036422346105
2024-02,Labour charges,94742.0,17340125.0,22328957.0,0.5463743773473375,0.42430105445587984
2024-02,Cotton seed expenses,91000.0,17340125.0,22328957.0,0.5247943714361921,0.4075425466581355
2024-02,Freight & octroi-corn seed,89600.0,17340125.0,22328957.0,0.5167206118756352,0.40127266132493333
2024-02,Entertainment  (Factory),86200.0,17340125.0,22328957.0,0.4971129100857116,0.3860457969442997
2024-02,Bank Charges,78680.0,17340125.0,22328957.0,0.4537452873032922,0.35236755572595707
2024-02,Lease expenses,70000.0,17340125.0,22328957.0,0.40368797802784,0.31349426666010416
2024-02,Labour Expenses,69500.0,17340125.0,22328957.0,0.4008044924704983,0.31125502189824633
2024-02,Audit Fee - ISO,67150.0,17340125.0,22328957.0,0.3872521103509923,0.3007305715175142
2024-02,Vehicle 2.OD POL 4382 Dr. Anwar Sb.,66900.0,17340125.0,22328957.0,0.3858103675723214,0.29961094913658526
2024-02,Labour charges(Daily Marketing staf,65200.0,17340125.0,22328957.0,0.37600651667735957,0.29199751694626846
2024-02,Ploughing expenses-fty,62000.0,17340125.0,22328957.0,0.35755220911037267,0.277666350470378
2024-02,Freight & Octroi Paddy,61700.0,17340125.0,22328957.0,0.35582211777596756,0.2763228036132632
2024-02,Packing Material Consumed,60650.0,17340125.0,22328957.0,0.34976679810554995,0.2716203896133617
2024-02,Ploughing Expenses,59850.0,17340125.0,22328957.0,0.34515322121380326,0.2680375979943891
2024-02,Vehicle R&M POL 2260 Rizwan Sb.,57000.0,17340125.0,22328957.0,0.32871735353695547,0.25527390285179913
2024-02,Advertisement Expenses-selling,48000.0,17340125.0,22328957.0,0.27681461350480463,0.21496749713835717
2024-02,Salary & wages,44000.0,17340125.0,22328957.0,0.2537467290460709,0.19705353904349407
2024-02,Vehicle R&M Repair 2260 Rizwan Sb.,43200.0,17340125.0,22328957.0,0.24913315215432416,0.19347074742452144
2024-02,Canteen Expenses,42691.0,17340125.0,22328957.0,0.2461977638569503,0.1911911962569501
2024-02,Tag & Sticker Expenses,40500.0,17340125.0,22328957.0,0.23356233014467886,0.18137882571048886
2024-02,Micronutrient expenses,40000.0,17340125.0,22328957.0,0.23067884458733717,0.17913958094863097
2024-02,Vehicle R&M POL & Repair,37896.0,17340125.0,22328957.0,0.21854513736204326,0.16971683899073298
2024-02,Vehicle R&M POL 6677 Sohail Sb,33666.0,17340125.0,22328957.0,0.19415084954693235,0.15077282830541525
2024-02,Vehicle Running & Maint. (H.O),33500.0,17340125.0,22328957.0,0.19319353234189487,0.15002939904447843
2024-02,Misc.Expenses-HO,32225.0,17340125.0,22328957.0,0.1858406441706735,0.14431932490174082
2024-02,labour charges,31850.0,17340125.0,22328957.0,0.18367803000266722,0.1426398913303474
2024-02,Vehicle R&M POL 118,31491.0,17340125.0,22328957.0,0.18160768737249589,0.14103211359133344
2024-02,Electricity Charges (H.O),30065.0,17340125.0,22328957.0,0.1733839865629573,0.13464578753051476
2024-02,Misc.Expenses,26970.0,17340125.0,22328957.0,0.1555352109630121,0.12078486245461442
2024-02,Seed Expenses,26000.0,17340125.0,22328957.0,0.14994124898176917,0.11644072761661012
2024-02,Vehicle POL LZH-5455,25850.0,17340125.0,22328957.0,0.14907620331456664,0.11576895418805276
2024-02,E.O.B.I,25600.0,17340125.0,22328957.0,0.1476344605358958,0.11464933180712382
2024-02,Vehicle 2.OD Repair 4382 Dr.Sb,24890.0,17340125.0,22328957.0,0.14353991104447056,0.11146960424528563
2024-02,Labour charges(DAL)Pddy,23461.0,17340125.0,22328957.0,0.13529890932158795,0.10506984271589578
2024-02,House Rent (G.M.),23000.0,17340125.0,22328957.0,0.13264033563771888,0.10300525904546279
2024-02,Vehicle R&M Repair 6989(Pick u,23000.0,17340125.0,22328957.0,0.13264033563771888,0.10300525904546279
2024-02,labour charges-cotton,21550.0,17340125.0,22328957.0,0.1242782275214279,0.09651144923607492
2024-02,Telephone Expenses-Director,21300.0,17340125.0,22328957.0,0.12283648474275705,0.095391826855146
2024-02,Social Security,21120.0,17340125.0,22328957.0,0.12179842994211403,0.09458569874087715
2024-02,Labour charges-SSG,21050.0,17340125.0,22328957.0,0.1213947419640862,0.09427220447421705
2024-02,Legal & Professional Charges,20880.0,17340125.0,22328957.0,0.12041435687459,0.09351086125518537
2024-02,Repair & Maintenance Electrical,20190.0,17340125.0,22328957.0,0.11643514680545844,0.09042070348382147
2024-02,Consultency charges-ISO,20000.0,17340125.0,22328957.0,0.11533942229366859,0.08956979047431549
2024-02,"Rent, Rates & Taxes",20000.0,17340125.0,22328957.0,0.11533942229366859,0.08956979047431549
2024-02,E.O.B.I Factory,19200.0,17340125.0,22328957.0,0.11072584540192183,0.08598699885534286
2024-02,Social security,19200.0,17340125.0,22328957.0,0.11072584540192183,0.08598699885534286
2024-02,Vehicle POL LEH-7012 Hassan Shah,18990.0,17340125.0,22328957.0,0.10951478146783833,0.08504651605536255
2024-02,Freight & Octori-cotton seed,18800.0,17340125.0,22328957.0,0.10841905695604848,0.08419560304585655
2024-02,Vehicle POL 6793   Aslam Shakir,17000.0,17340125.0,22328957.0,0.09803850894961828,0.07613432190316816
2024-02,Vehicle Repair LEH-7012 Hassan Shah,16960.0,17340125.0,22328957.0,0.09780783010503095,0.07595518232221952
2024-02,Repair & Renovation HO,16691.0,17340125.0,22328957.0,0.09625651487518112,0.07475046864033999
2024-02,Tractor repair,16000.0,17340125.0,22328957.0,0.09227153783493487,0.07165583237945237
2024-02,Entertainment (H.O),15649.0,17340125.0,22328957.0,0.09024733097368098,0.07008388255662815
2024-02,Postal & Courier Charges,15292.0,17340125.0,22328957.0,0.088188522285739,0.06848506179666163
2024-02,Vehicle POL 2995 Aslam Sb.,15006.0,17340125.0,22328957.0,0.08653916854693953,0.0672042137928789
2024-02,Telephone & Telex Charges (H.O),12000.0,17340125.0,22328957.0,0.06920365337620116,0.05374187428458929
2024-02,Vehicle POL KWM-2868 Nazar Ali,10500.0,17340125.0,22328957.0,0.06055319670417601,0.04702413999901563
2024-02,R&M Generator (HO),10000.0,17340125.0,22328957.0,0.05766971114683429,0.04478489523715774
2024-02,Samples-corn seed,10000.0,17340125.0,22328957.0,0.05766971114683429,0.04478489523715774
2024-02,Printing & Stationery  (Factory),9653.0,17340125.0,22328957.0,0.05566857217003914,0.04323085937242837
2024-02,R&M Tractor],9050.0,17340125.0,22328957.0,0.05219108858788503,0.040530330189627754
2024-02,Vehicle POL KWN-17-4123 Naveed,8900.0,17340125.0,22328957.0,0.05132604292068252,0.03985855676107039
2024-02,Vehicle POL AGC-21-3228 Abdul Rauf,8500.0,17340125.0,22328957.0,0.04901925447480914,0.03806716095158408
2024-02,Vehicle POL KWM-17-4525 Haider Abba,8000.0,17340125.0,22328957.0,0.046135768917467436,0.03582791618972619
2024-02,Entertainmetn-Mfg,7670.0,17340125.0,22328957.0,0.044232668449621905,0.03435001464689998
2024-02,Vehicle Repair 6793 Aslam Shakir,7500.0,17340125.0,22328957.0,0.04325228336012572,0.033588671427868304
2024-02,Vehicle POL 6793 Subhan Ali,7060.0,17340125.0,22328957.0,0.04071481606966501,0.03161813603743336
2024-02,Vehicle Repair LZH-5455,6950.0,17340125.0,22328957.0,0.040080449247049836,0.03112550218982463
2024-02,Misc. Expenses,6930.0,17340125.0,22328957.0,0.039965109824756165,0.031035932399350315
2024-02,Labour charges-javi,6760.0,17340125.0,22328957.0,0.038984724735259976,0.030274589180318636
2024-02,Freight & Octroi,6500.0,17340125.0,22328957.0,0.03748531224544229,0.02911018190415253
2024-02,Telephone Exp Fty PTCL,6430.0,17340125.0,22328957.0,0.03708162426741445,0.028796687637492425
2024-02,Vehicle POL M/C ALF 6829 Hassan Raz,6311.0,17340125.0,22328957.0,0.036395354704767124,0.02826374738417025
2024-02,Vehicle POL KWK-20-8845 Shahid Sajj,6280.0,17340125.0,22328957.0,0.036216578600211935,0.02812491420893506
2024-02,Veh. Running & Maint.General,6000.0,17340125.0,22328957.0,0.03460182668810058,0.026870937142294646
2024-02,Vehicle POL GAQ-7345 Hassan Ayub,6000.0,17340125.0,22328957.0,0.03460182668810058,0.026870937142294646
2024-02,Electricity Expenses Bedian,5989.0,17340125.0,22328957.0,0.03453839000583906,0.026821673757533773
2024-02,Vehicle POL KWM-19-3348 Zain Ul Abi,5600.0,17340125.0,22328957.0,0.0322950382422272,0.025079541332808333
2024-02,Travelling & Conveyance Others,5400.0,17340125.0,22328957.0,0.03114164401929052,0.02418384342806518
2024-02,Vehicle POL KWK-20-7778 Khaliq Dad,5400.0,17340125.0,22328957.0,0.03114164401929052,0.02418384342806518
2024-02,Vehicle ALF-6829 Repair Hassan Raza,5170.0,17340125.0,22328957.0,0.029815240662913328,0.02315379083761055
2024-02,Vehicle POL-KWM-17-7032 M.Khalid,5020.0,17340125.0,22328957.0,0.028950194995710814,0.022482017409053187
2024-02,Misc. Expenses-Selling,4520.0,17340125.0,22328957.0,0.0260667094383691,0.0202427726471953
2024-02,Freight & Octroi-chemicals,4400.0,17340125.0,22328957.0,0.02537467290460709,0.019705353904349406
2024-02,Vehicle Repair GAQ-7345 Hassan Ayub,3390.0,17340125.0,22328957.0,0.019550032078776827,0.015182079485396472
2024-02,Vehicle R&M POL 9700 Zafar Iqbal,3300.0,17340125.0,22328957.0,0.019031004678455317,0.014779015428262056
2024-02,Telephone Exp Aslam Sb,3000.0,17340125.0,22328957.0,0.01730091334405029,0.013435468571147323
2024-02,Vehicle POL AGB-6545 Faisal Driver,3000.0,17340125.0,22328957.0,0.01730091334405029,0.013435468571147323
2024-02,Vehicle POL -17-2347 Mess Safdar,2350.0,17340125.0,22328957.0,0.01355238211950606,0.010524450380732069
2024-02,Electricity,2188.0,17340125.0,22328957.0,0.012618132798927343,0.009798935077890114
2024-02,Telephone Exp-Rizwan Sb,2000.0,17340125.0,22328957.0,0.011533942229366859,0.008956979047431547
2024-02,Vehicel R&M POL M/C Zakriya,2000.0,17340125.0,22328957.0,0.011533942229366859,0.008956979047431547
2024-02,Postal & Courier charges HO,1980.0,17340125.0,22328957.0,0.011418602807073191,0.008867409256957233
2024-02,Labortary Expenses,1870.0,17340125.0,22328957.0,0.010784235984458013,0.008374775409348497
2024-02,Entertainment,1860.0,17340125.0,22328957.0,0.010726566273311177,0.008329990514111341
2024-02,Vehicle Repair AGC-21-3251 Zakria,1790.0,17340125.0,22328957.0,0.010322878295283338,0.008016496247451236
2024-02,Vehicle RepairKWK-20-7778 Khaliq Da,1700.0,17340125.0,22328957.0,0.00980385089496183,0.007613432190316816
2024-02,Vehicle Repair KWM17-4525 Haider A,1670.0,17340125.0,22328957.0,0.009630841761521326,0.0074790775046053425
2024-02,Micronutrient-Bolo,1650.0,17340125.0,22328957.0,0.009515502339227658,0.007389507714131028
2024-02,Telephone Exp Hassan Raza,1500.0,17340125.0,22328957.0,0.008650456672025145,0.0067177342855736615
2024-02,Telephone Exp Zakria,1500.0,17340125.0,22328957.0,0.008650456672025145,0.0067177342855736615
2024-02,Vehicle Repair KWM-17-7032 M.Khalid,1450.0,17340125.0,22328957.0,0.008362108116290973,0.006493809809387873
2024-02,Repair & Maint. Office Equipment,1350.0,17340125.0,22328957.0,0.00778541100482263,0.006045960857016295
2024-02,Vehicle Repair 2995 Aslam Sb.,1350.0,17340125.0,22328957.0,0.00778541100482263,0.006045960857016295
2024-02,Vehicle Repair KWM-19-3348 Zain Ul,1320.0,17340125.0,22328957.0,0.007612401871382127,0.005911606171304822
2024-02,Vehicle Repair-KWM-19-2868 Nazar Ai,1320.0,17340125.0,22328957.0,0.007612401871382127,0.005911606171304822
2024-02,Vehicle Repair AGC-21-3228 Rauf,1300.0,17340125.0,22328957.0,0.007497062449088458,0.005822036380830506
2024-02,Newspaper & Perodical,1265.0,17340125.0,22328957.0,0.0072952184600745375,0.005665289247500455
2024-02,Vehicle Repair 6793 Subhan Ali,1150.0,17340125.0,22328957.0,0.006632016781885944,0.005150262952273141
2024-02,Vehicle Repair KWK-20-8845 Shahid S,1130.0,17340125.0,22328957.0,0.006516677359592275,0.005060693161798825
2024-02,Vehicle Repari KWM-17-2347 Mess,1030.0,17340125.0,22328957.0,0.005939980248123932,0.004612844209427248
2024-02,Telephone Exp Farid,1000.0,17340125.0,22328957.0,0.0057669711146834295,0.004478489523715773
2024-02,Telephone Exp Haider Abbas,1000.0,17340125.0,22328957.0,0.0057669711146834295,0.004478489523715773
2024-02,Telephone Exp Hassan Gardezi,1000.0,17340125.0,22328957.0,0.0057669711146834295,0.004478489523715773
2024-02,Telephone Exp Khaliq Dad,1000.0,17340125.0,22328957.0,0.0057669711146834295,0.004478489523715773
2024-02,Telephone Exp Naveed,1000.0,17340125.0,22328957.0,0.0057669711146834295,0.004478489523715773
2024-02,Freight & octroi-packing material,970.0,17340125.0,22328957.0,0.005593961981242927,0.004344134838004301
2024-02,Entertainment-Selling,808.0,17340125.0,22328957.0,0.004659712660664211,0.003618619535162346
2024-02,Freight & Oct. General,800.0,17340125.0,22328957.0,0.004613576891746744,0.0035827916189726194
2024-02,Telephone Exp Nazar Ali,800.0,17340125.0,22328957.0,0.004613576891746744,0.0035827916189726194
2024-02,Telephone Exp Kafitullah,750.0,17340125.0,22328957.0,0.004325228336012572,0.0033588671427868307
2024-02,Telephone & Telex  (Factory),650.0,17340125.0,22328957.0,0.003748531224544229,0.002911018190415253
2024-02,Telephone Exp Abdul Rauf,650.0,17340125.0,22328957.0,0.003748531224544229,0.002911018190415253
2024-02,Telephone Exp M.Khalid,600.0,17340125.0,22328957.0,0.0034601826688100573,0.0026870937142294644
2024-02,Telephone Exp Subhan Ali,550.0,17340125.0,22328957.0,0.0031718341130758864,0.0024631692380436758
2024-02,Labour charges-Misc.,509.0,17340125.0,22328957.0,0.0029353882973738657,0.0022795511675713287
2024-02,Purchase of wheat seed,420.0,17340125.0,22328957.0,0.0024221278681670405,0.001880965599960625
2024-02,Vehicle Running & Maint.Gen(Factor,400.0,17340125.0,22328957.0,0.002306788445873372,0.0017913958094863097
2024-02,Vehicle POL KWD-2271 Ghulam Farid,300.0,17340125.0,22328957.0,0.0017300913344050286,0.0013435468571147322
2024-02,Vehicle Repair KWN-17-4123 Naveed,270.0,17340125.0,22328957.0,0.0015570822009645258,0.001209192171403259
2024-02,Telephone Exp Zafar Iqbal,260.0,17340125.0,22328957.0,0.0014994124898176917,0.0011644072761661012
2024-02,Other Income,-110999.0,17340125.0,22328957.0,-0.6401280267587459,-0.49710785864292717
2024-02,Processing charges-corn seed,-125694.0,17340125.0,22328957.0,-0.7248736672890189,-0.5629192621939305
2024-02,Chemical application & packing char,-259115.0,17340125.0,22328957.0,-1.4943087203811969,-1.1604438129376127
2024-02,Delinting & processing-cotton seed,-6468720.0,17340125.0,22328957.0,-37.304921388974996,-28.9700947518507
2024-03,Mark-up on Al-Towfiq,5734146.1899999995,23764398.79,33286416.0,24.129144779429108,17.22668547433884
2024-03,Diesel for Generator Consumed,4327094.0,23764398.79,33286416.0,18.208304103282558,12.999579167670078
2024-03,Mark-up on Supliers Credit Loan,3937817.6,23764398.79,33286416.0,16.570238678442916,11.830103907852381
2024-03,Chemicals Consumed,2593405.0,23764398.79,33286416.0,10.912983841574391,7.791181243423743
2024-03,Seasonal Disc.Corn(Mosmi)July-Dec,2393500.0,23764398.79,33286416.0,10.071788565537702,7.190620942789396
2024-03,Electricity Charges,1986623.0,23764398.79,33286416.0,8.359660252949324,5.968269458628408
2024-03,Packing Material Consumed,1796671.0,23764398.79,33286416.0,7.560346953763605,5.397610244371157
2024-03,Salaries & Wages,1009027.0,23764398.79,33286416.0,4.2459605602334705,3.0313476824900585
2024-03,Farm Lease Expenses,806918.0,23764398.79,33286416.0,3.395490906925654,2.4241660622158903
2024-03,Salary & Wages,610190.0,23764398.79,33286416.0,2.567664367998935,1.833150195563259
2024-03,Baling expenses-silage,551274.0,23764398.79,33286416.0,2.319747302978162,1.6561530685670696
2024-03,Labour charges-Misc,451538.0,23764398.79,33286416.0,1.9000606915837739,1.3565233337226814
2024-03,Fertilizer Expenses,435286.0,23764398.79,33286416.0,1.8316726791471252,1.3076986119502922
2024-03,Directors Remuneration,420000.0,23764398.79,33286416.0,1.7673495707231397,1.2617759749202198
2024-03,Salaries & Wages (H.O),399000.0,23764398.79,33286416.0,1.6789820921869827,1.1986871761742088
2024-03,Salary & Wages-Production staff,303958.0,23764398.79,33286416.0,1.2790477162330096,0.9131592899638099
2024-03,Salaries & Wages (Factory),303428.0,23764398.79,33286416.0,1.276817489393764,0.9115670488526011
2024-03,Farm Lease,251507.0,23764398.79,33286416.0,1.0583352106758683,0.7555845002958564
2024-03,Freight & Octroi Paddy,238800.0,23764398.79,33286416.0,1.0048644702111567,0.7174097685974964
2024-03,Labour charges-Cotton Seed,195675.0,23764398.79,33286416.0,0.8233955410744056,0.5878524140297953
2024-03,Pesticide Expenses,160030.0,23764398.79,33286416.0,0.6734022661972001,0.48076668872972084
2024-03,Processing discount,156216.0,23764398.79,33286416.0,0.6573530489049666,0.4693085611860406
2024-03,Discount-corn seed,127512.0,23764398.79,33286416.0,0.5365673296715452,0.38307518598577867
2024-03,Wheat Roguing,117100.0,23764398.79,33286416.0,0.49275389221828486,0.3517951587218041
2024-03,Labour charges-Cotton seed,111378.0,23764398.79,33286416.0,0.4686758583047663,0.334604963177772
2024-03,Sales Promotion Expenses,108240.0,23764398.79,33286416.0,0.4554712322263634,0.3251776941080109
2024-03,Vehicle 2.OD POL 4382 Dr. Anwar Sb.,106660.0,23764398.79,33286416.0,0.44882263146030976,0.3204310130595015
2024-03,Labour charges,99553.0,23764398.79,33286416.0,0.41891655193857313,0.29907996102674433
2024-03,Labour charges-corn(DAL),92310.0,23764398.79,33286416.0,0.3884381877939358,0.277320333916394
2024-03,Vehicle R&M Pol 418 (Akhtar),88051.0,23764398.79,33286416.0,0.3705164215517695,0.2645253246850006
2024-03,labour charges-cotton,79729.0,23764398.79,33286416.0,0.335497652200441,0.23952413501051
2024-03,Fertilizer Expenses-Okra,79704.0,23764398.79,33286416.0,0.33539245282123126,0.2394490292977171
2024-03,labour charges-paddy,73327.0,23764398.79,33286416.0,0.3085581951724182,0.2202910640785118
2024-03,Vehicle 2.OD Repair 4382 Dr.Sb,73190.0,23764398.79,33286416.0,0.30798170257434904,0.21987948477240685
2024-03,Lease expenses,70000.0,23764398.79,33286416.0,0.29455826178718997,0.2102959958200366
2024-03,Labour charges(DAL)Pddy,66721.0,23764398.79,33286416.0,0.2807603112100443,0.20044513053012375
2024-03,Labour charges(Daily Marketing staf,65200.0,23764398.79,33286416.0,0.2743599809789255,0.19587569896380555
2024-03,Ploughing expenses-fty,62000.0,23764398.79,33286416.0,0.2608944604400825,0.18626216772631815
2024-03,Labour Charges Dryer Corn,59456.0,23764398.79,33286416.0,0.25018937161170235,0.17861941039251567
2024-03,fertilizer expenses,59165.0,23764398.79,33286416.0,0.24896485083770134,0.17774517989560668
2024-03,Canteen Expenses,56376.0,23764398.79,33286416.0,0.23722880809306604,0.16936638657643407
2024-03,Irrigation Expenses,52605.0,23764398.79,33286416.0,0.22136053373307324,0.15803744085875754
2024-03,Vehicle POL LEE-17-7430 Hafiz Qadir,46240.0,23764398.79,33286416.0,0.1945767717862809,0.13891552638169274
2024-03,Electricity Charges (H.O),45446.0,23764398.79,33286416.0,0.19123563950258052,0.1365301689433912
2024-03,Salary & wages,44000.0,23764398.79,33286416.0,0.18515090740909082,0.1321860545154516
2024-03,Vehicle R&M POL 118,43513.0,23764398.79,33286416.0,0.18310162350208567,0.13072299523024647
2024-03,Vehicle POL LEH-7012 Hassan Shah,42664.0,23764398.79,33286416.0,0.1795290525841239,0.1281724052238006
2024-03,Lease Expenses,41918.0,23764398.79,33286416.0,0.1763899031085061,0.12593125075406136
2024-03,Freight & Octori-cotton seed,40000.0,23764398.79,33286416.0,0.16831900673553712,0.12016914046859237
2024-03,Micronutrient expenses,40000.0,23764398.79,33286416.0,0.16831900673553712,0.12016914046859237
2024-03,Printing & Stationery H.O,38960.0,23764398.79,33286416.0,0.16394271256041315,0.11704474281640895
2024-03,Vehicle POL LZH-5455,33500.0,23764398.79,33286416.0,0.14096716814101234,0.1006416551424461
2024-03,Labour Expenses,33400.0,23764398.79,33286416.0,0.1405463706241735,0.10034123229127462
2024-03,Entertainment  (Factory),32440.0,23764398.79,33286416.0,0.1365067144625206,0.0974571729200284
2024-03,Tag & Sticker Expenses,31500.0,23764398.79,33286416.0,0.13255121780423548,0.09463319811901648
2024-03,Freight-sesame seed,29300.0,23764398.79,33286416.0,0.12329367243378093,0.0880238953932439
2024-03,Vehicle R&M POL 6677 Sohail Sb,29000.0,23764398.79,33286416.0,0.1220312798832644,0.08712262683972945
2024-03,Labortary Expenses,27350.0,23764398.79,33286416.0,0.1150881208554235,0.08216564979540002
2024-03,Printing & Stationery  (Factory),26890.0,23764398.79,33286416.0,0.11315245227796482,0.08078370468001121
2024-03,Purchase of canola cooking oil,26800.0,23764398.79,33286416.0,0.11277373451280986,0.08051332411395688
2024-03,Labour charges-SSG,26710.0,23764398.79,33286416.0,0.11239501674765492,0.08024294354790254
2024-03,Freight & Octroi,25840.0,23764398.79,33286416.0,0.10873407835115699,0.07762926474271066
2024-03,E.O.B.I,25600.0,23764398.79,33286416.0,0.10772416431074376,0.0769082498998991
2024-03,House Rent (G.M.),23000.0,23764398.79,33286416.0,0.09678342887293384,0.0690972557694406
2024-03,Vehicle Repair 2995 Aslam Sb.,22040.0,23764398.79,33286416.0,0.09274377271128095,0.0662131963981944
2024-03,Vehicle R&M POL 155 AEJ(Dr.Shahid),21750.0,23764398.79,33286416.0,0.09152345991244831,0.06534197012979709
2024-03,Samples-corn seed,21164.0,23764398.79,33286416.0,0.08905758646377268,0.06358149222193221
2024-03,Social Security,21120.0,23764398.79,33286416.0,0.0888724355563636,0.06344930616741676
2024-03,Freight & Octroi-purchases Raya,20000.0,23764398.79,33286416.0,0.08415950336776856,0.060084570234296183
2024-03,Vehicle POL 2995 Aslam Sb.,19726.0,23764398.79,33286416.0,0.08300651817163013,0.05926141162208632
2024-03,Vehicle RepairLEE-17-7430 Haifz Qad,19710.0,23764398.79,33286416.0,0.08293919056893592,0.059213343965898876
2024-03,Advertisement Expenses-selling,19440.0,23764398.79,33286416.0,0.08180303727347103,0.05840220226773588
2024-03,E.O.B.I Factory,19200.0,23764398.79,33286416.0,0.08079312323305782,0.05768118742492433
2024-03,Social security,19200.0,23764398.79,33286416.0,0.08079312323305782,0.05768118742492433
2024-03,Freight & octroi-packing material,19010.0,23764398.79,33286416.0,0.07999360795106401,0.057110384007698516
2024-03,Vehicle R&M POL 2260 Rizwan Sb.,19000.0,23764398.79,33286416.0,0.07995152819938013,0.057080341722581376
2024-03,Vehicle POL M/C ALF 6829 Hassan Raz,18750.0,23764398.79,33286416.0,0.07889953440728302,0.05632928459465267
2024-03,Fee & Subscription,17750.0,23764398.79,33286416.0,0.07469155923889459,0.05332505608293786
2024-03,Entertainment (H.O),17622.0,23764398.79,33286416.0,0.07415293841734089,0.052940514833438354
2024-03,Labour charges-corn,17278.0,23764398.79,33286416.0,0.07270539495941526,0.05190706022540847
2024-03,labour charges,16100.0,23764398.79,33286416.0,0.06774840021105369,0.04836807903860842
2024-03,Vehicle Repair LZH-5455,14500.0,23764398.79,33286416.0,0.0610156399416322,0.043561313419864724
2024-03,Repair & Renovation HO,14000.0,23764398.79,33286416.0,0.05891165235743799,0.04205919916400732
2024-03,Freight & octroi-corn seed,13800.0,23764398.79,33286416.0,0.058070057323760305,0.04145835346166436
2024-03,Vehicle R&M POL 371 (FRK),13000.0,23764398.79,33286416.0,0.05470367718904956,0.03905497065229251
2024-03,Staff Welfare  (Factory),12770.0,23764398.79,33286416.0,0.05373584290032023,0.03836399809459811
2024-03,Ploughing Expenses,11450.0,23764398.79,33286416.0,0.048181315678047495,0.034398416459134565
2024-03,Pesticide expenses,11122.0,23764398.79,33286416.0,0.0468010998228161,0.0334130295072921
2024-03,Bank Charges,11050.0,23764398.79,33286416.0,0.04649812561069213,0.033196725054448636
2024-03,R&M Generator (HO),10784.0,23764398.79,33286416.0,0.045378804215900806,0.0323976002703325
2024-03,Germination Claim,10500.0,23764398.79,33286416.0,0.0441837392680785,0.031544399373005495
2024-03,Fertilizer,10343.0,23764398.79,33286416.0,0.04352308716664151,0.031072735496666268
2024-03,Consultency charges-ISO,10150.0,23764398.79,33286416.0,0.04271094795914254,0.030492919393905308
2024-03,Travelling & Conveyance Others,9560.0,23764398.79,33286416.0,0.040228242609793366,0.028720424571993572
2024-03,Legal & Professional Charges,9280.0,23764398.79,33286416.0,0.03905000956264461,0.02787924058871343
2024-03,labour charges sesame seed,8606.0,23764398.79,33286416.0,0.03621383429915081,0.025854390571817643
2024-03,Telephone & Telex Charges (H.O),8500.0,23764398.79,33286416.0,0.03576778893130164,0.025535942349575874
2024-03,Purchase of Fuzzy Cotton Seed.,8000.0,23764398.79,33286416.0,0.033663801347107426,0.02403382809371847
2024-03,Vehicle POL KWM-17-4525 Haider Abba,8000.0,23764398.79,33286416.0,0.033663801347107426,0.02403382809371847
2024-03,Vehicle POL 6793 Subhan Ali,7880.0,23764398.79,33286416.0,0.03315884432690081,0.023673320672312693
2024-03,Misc. Expenses-Selling,7670.0,23764398.79,33286416.0,0.032275169541539236,0.023042432684852582
2024-03,Repair & Maint. Plant & Machinery,7650.0,23764398.79,33286416.0,0.03219101003817147,0.022982348114618287
2024-03,Vehicle R&M Repair 118,7450.0,23764398.79,33286416.0,0.031349415004493786,0.022381502412275326
2024-03,Labour charges-silage,7300.0,23764398.79,33286416.0,0.030718218729235525,0.021930868135518106
2024-03,Repair & Maintenance Electrical,7300.0,23764398.79,33286416.0,0.030718218729235525,0.021930868135518106
2024-03,Vehicle POL KWK-20-7778 Khaliq Dad,7200.0,23764398.79,33286416.0,0.030297421212396678,0.021630445284346624
2024-03,Freight & Octroi-chemicals,6900.0,23764398.79,33286416.0,0.029035028661880152,0.02072917673083218
2024-03,Telephone Exp Fty PTCL,6860.0,23764398.79,33286416.0,0.028866709655144613,0.02060900759036359
2024-03,Vehicle R&M Repair 6989(Pick u,6763.0,23764398.79,33286416.0,0.02845853606381094,0.020317597424727253
2024-03,Seed Expenses,6500.0,23764398.79,33286416.0,0.02735183859452478,0.019527485326146257
2024-03,Labour charges-Misc.,6250.0,23764398.79,33286416.0,0.026299844802427676,0.018776428198217555
2024-03,Veh. Running & Maint.General,6000.0,23764398.79,33286416.0,0.025247851010330568,0.018025371070288853
2024-03,Vehicle POL-KWM-17-7032 M.Khalid,6000.0,23764398.79,33286416.0,0.025247851010330568,0.018025371070288853
2024-03,Telephone Ptcl H.O.,5930.0,23764398.79,33286416.0,0.02495329274854338,0.017815075074468816
2024-03,Vehicle POL KWK-20-8845 Shahid Sajj,5900.0,23764398.79,33286416.0,0.024827053493491725,0.01772494821911737
2024-03,Vehicle R&M Repair 155 AEJ(Dr.Shah),5800.0,23764398.79,33286416.0,0.024406255976652882,0.017424525367945892
2024-03,Vehicle POL KWM-19-3348 Zain Ul Abi,5700.0,23764398.79,33286416.0,0.02398545845981404,0.01712410251677441
2024-03,Education Cess,5640.0,23764398.79,33286416.0,0.023732979949710735,0.016943848806071523
2024-03,Vehicle Repair KWM17-4525 Haider A,5620.0,23764398.79,33286416.0,0.023648820446342964,0.016883764235837224
2024-03,Vehicle POL KWM-2868 Nazar Ali,5500.0,23764398.79,33286416.0,0.023143863426136353,0.01652325681443145
2024-03,Vehicle ALF-6829 Repair Hassan Raza,5260.0,23764398.79,33286416.0,0.02213394938572313,0.015802241971619897
2024-03,Samples-cotton seed,5000.0,23764398.79,33286416.0,0.02103987584194214,0.015021142558574046
2024-03,Vehicle POL 6793   Aslam Shakir,5000.0,23764398.79,33286416.0,0.02103987584194214,0.015021142558574046
2024-03,Vehicle R&M Repair 418(Akhtar),5000.0,23764398.79,33286416.0,0.02103987584194214,0.015021142558574046
2024-03,Labour charges Sesame(DAL),4899.0,23764398.79,33286416.0,0.02061487034993491,0.014717715478890848
2024-03,Vehicle R&M POL 9700 Zafar Iqbal,4600.0,23764398.79,33286416.0,0.019356685774586768,0.01381945115388812
2024-03,Vehicle POL GAQ-7345 Hassan Ayub,4550.0,23764398.79,33286416.0,0.019146287016167347,0.01366923972830238
2024-03,Vehicle Repair AGC-21-3251 Zakria,3950.0,23764398.79,33286416.0,0.01662150191513429,0.011866702621273496
2024-03,Misc. Expenses,3555.0,23764398.79,33286416.0,0.014959351723620862,0.010680032359146146
2024-03,Telephone Expenses-Director,3376.0,23764398.79,33286416.0,0.014206124168479332,0.010142275455549195
2024-03,Labour charges-javi,3313.0,23764398.79,33286416.0,0.013941021732870863,0.009953009059311162
2024-03,Telephone Exp Akhtar Ali,3100.0,23764398.79,33286416.0,0.013044723022004129,0.009313108386315909
2024-03,Cotton seed expenses,3000.0,23764398.79,33286416.0,0.012623925505165284,0.009012685535144426
2024-03,Vehicle POL AGB-6545 Faisal Driver,3000.0,23764398.79,33286416.0,0.012623925505165284,0.009012685535144426
2024-03,Misc.Expenses,2660.0,23764398.79,33286416.0,0.011193213947913219,0.007991247841161392
2024-03,Electricity Expenses Bedian,2589.0,23764398.79,33286416.0,0.01089444771095764,0.007777947616829641
2024-03,Freight & Octroi-SSg,2400.0,23764398.79,33286416.0,0.010099140404132227,0.007210148428115541
2024-03,Vehicle Repari KWL-17 5493 Imran Pl,2400.0,23764398.79,33286416.0,0.010099140404132227,0.007210148428115541
2024-03,Electricity,2198.0,23764398.79,33286416.0,0.009249129420117764,0.00660329426874915
2024-03,Vehicle Repair KWM-17-7032 M.Khalid,2120.0,23764398.79,33286416.0,0.008920907356983468,0.006368964444835394
2024-03,Telephone Exp Haifz Ghulam Qadir,2060.0,23764398.79,33286416.0,0.008668428846880162,0.0061887107341325066
2024-03,Telephone Exp Hassan Gardezi,2000.0,23764398.79,33286416.0,0.008415950336776857,0.006008457023429618
2024-03,Telephone Exp-Rizwan Sb,2000.0,23764398.79,33286416.0,0.008415950336776857,0.006008457023429618
2024-03,Irrigation expenss,1800.0,23764398.79,33286416.0,0.0075743553030991695,0.005407611321086656
2024-03,Entertainment,1740.0,23764398.79,33286416.0,0.007321876792995865,0.005227357610383767
2024-03,Freight & Oct. General,1700.0,23764398.79,33286416.0,0.007153557786260328,0.005107188469915176
2024-03,Vehicle Repair-KWM-19-2868 Nazar Ai,1640.0,23764398.79,33286416.0,0.006901079276157022,0.004926934759212286
2024-03,Vehicle Repair KWM-19-3348 Zain Ul,1570.0,23764398.79,33286416.0,0.0066065210143698315,0.00471663876339225
2024-03,Vehicle Repair KWK-20-8845 Shahid S,1550.0,23764398.79,33286416.0,0.006522361511002064,0.004656554193157954
2024-03,Electricity Expenses,1500.0,23764398.79,33286416.0,0.006311962752582642,0.004506342767572213
2024-03,Telephone Exp Zakria,1500.0,23764398.79,33286416.0,0.006311962752582642,0.004506342767572213
2024-03,Postal & Courier Charges,1405.0,23764398.79,33286416.0,0.005912205111585741,0.004220941058959306
2024-03,Telephone Exp Hassan Raza,1400.0,23764398.79,33286416.0,0.005891165235743799,0.004205919916400733
2024-03,Vehicle Repair 6793 Subhan Ali,1350.0,23764398.79,33286416.0,0.005680766477324377,0.004055708490814992
2024-03,Misc Exp,1235.0,23764398.79,33286416.0,0.005196849332959708,0.003710222211967789
2024-03,Telephone Exp Khaliq Dad,1200.0,23764398.79,33286416.0,0.005049570202066114,0.0036050742140577704
2024-03,Vehicle Repair GAQ-7345 Hassan Ayub,1200.0,23764398.79,33286416.0,0.005049570202066114,0.0036050742140577704
2024-03,Newspaper & Perodical,1180.0,23764398.79,33286416.0,0.004965410698698345,0.0035449896438234747
2024-03,Telephone Exp Zafar Iqbal,1040.0,23764398.79,33286416.0,0.004376294175123965,0.0031243976521834007
2024-03,Telephone Exp Aslam Sb,1000.0,23764398.79,33286416.0,0.004207975168388428,0.003004228511714809
2024-03,Telephone Exp Farid,1000.0,23764398.79,33286416.0,0.004207975168388428,0.003004228511714809
2024-03,Telephone Exp Haider Abbas,1000.0,23764398.79,33286416.0,0.004207975168388428,0.003004228511714809
2024-03,Telephone Exp Naveed,1000.0,23764398.79,33286416.0,0.004207975168388428,0.003004228511714809
2024-03,Vehicle POL -17-2347 Mess Safdar,900.0,23764398.79,33286416.0,0.0037871776515495848,0.002703805660543328
2024-03,Vehicle Repair LEH-7012 Hassan Shah,860.0,23764398.79,33286416.0,0.0036188586448140485,0.0025836365200747357
2024-03,Micronutrient-Bolo,830.0,23764398.79,33286416.0,0.0034926193897623953,0.0024935096647232913
2024-03,Telephone Exp Nazar Ali,800.0,23764398.79,33286416.0,0.0033663801347107425,0.002403382809371847
2024-03,Telephone Exp M.Khalid,750.0,23764398.79,33286416.0,0.003155981376291321,0.0022531713837861066
2024-03,Telephone Exp Shahid Sajjad,750.0,23764398.79,33286416.0,0.003155981376291321,0.0022531713837861066
2024-03,Misc expenses,737.0,23764398.79,33286416.0,0.0031012776991022717,0.0022141164131338144
2024-03,labour charges vanda,700.0,23764398.79,33286416.0,0.0029455826178718995,0.0021029599582003664
2024-03,Labour charges-vanda,692.0,23764398.79,33286416.0,0.002911918816524792,0.0020789261301066477
2024-03,Telephone & Telex  (Factory),650.0,23764398.79,33286416.0,0.002735183859452478,0.0019527485326146256
2024-03,Telephone Exp Kafitullah,650.0,23764398.79,33286416.0,0.002735183859452478,0.0019527485326146256
2024-03,Travelling & conveyance-MFG.,568.0,23764398.79,33286416.0,0.0023901298956446274,0.0017064017946540116
2024-03,Telephone Exp Subhan Ali,550.0,23764398.79,33286416.0,0.0023143863426136353,0.001652325681443145
2024-03,Vehicle Repair KWN-17-4123 Naveed,350.0,23764398.79,33286416.0,0.0014727913089359497,0.0010514799791001832
2024-03,Vehicle Repari KWM-17-2347 Mess,330.0,23764398.79,33286416.0,0.0013886318055681812,0.0009913954088658868
2024-03,Packing charges-cotton seed,-23610.0,23764398.79,33286416.0,-0.0993502937256508,-0.07092983516158663
2024-03,Chemical application & packing char,-292800.0,23764398.79,33286416.0,-1.2320951293041318,-0.879638108230096
2024-03,Other Income,-542478.0,23764398.79,33286416.0,-2.2827339533970177,-1.6297278745780261
2024-03,Delinting & processing-cotton seed,-7618410.0,23764398.79,33286416.0,-32.058080102602084,-22.887444535933216
2024-04,Purchase of Raw Material (Wheat),56871598.0,62063933.0,21936517.0,91.63389306958682,259.25536857104527
2024-04,Electricity Charges,1397582.0,62063933.0,21936517.0,2.2518424670250914,6.371029639755482
2024-04,Purchase of wheat Commercial,1120088.0,62063933.0,21936517.0,1.8047325489346608,5.10604304229336
2024-04,Salaries & Wages,1009027.0,62063933.0,21936517.0,1.6257864289715576,4.599759387508965
2024-04,Salary & Wages,810190.0,62063933.0,21936517.0,1.3054119531870467,3.6933392844452015
2024-04,"Rent, Rates & Taxes",500000.0,62063933.0,21936517.0,0.8056208748485212,2.2793044128199567
2024-04,Directors Remuneration,420000.0,62063933.0,21936517.0,0.6767215348727578,1.9146157067687637
2024-04,Salaries & Wages (H.O),399000.0,62063933.0,21936517.0,0.6428854581291199,1.8188849214303255
2024-04,Freight & Octroi-wheat,335699.0,62063933.0,21936517.0,0.5408922441315474,1.5303204241584933
2024-04,Salary & Wages-Production staff,303958.0,62063933.0,21936517.0,0.48974981975441356,1.385625621423857
2024-04,Salaries & Wages (Factory),303428.0,62063933.0,21936517.0,0.48889586162707416,1.3832095587462676
2024-04,Premium on Wheat Seed,282276.0,62063933.0,21936517.0,0.4548148761374823,1.2867858648663322
2024-04,Labour charges-Misc,258100.0,62063933.0,21936517.0,0.4158614955968066,1.1765769378976616
2024-04,Labour charges-Cotton Seed,131607.0,62063933.0,21936517.0,0.21205069295237863,0.5999448317159921
2024-04,Staff Welfare  (Factory),119903.0,62063933.0,21936517.0,0.19319271951392444,0.5465908740207025
2024-04,Labour charges-SSG,119106.0,62063933.0,21936517.0,0.1919085598394159,0.5429576627866676
2024-04,Seasonal Disc.Corn(Mosmi)July-Dec,107694.0,62063933.0,21936517.0,0.17352106899187328,0.49093481886846485
2024-04,Vehicle 2.OD POL 4382 Dr. Anwar Sb.,106350.0,62063933.0,21936517.0,0.17135556008028044,0.4848080486068048
2024-04,Additional Discount,96762.0,62063933.0,21936517.0,0.1559069741841852,0.44110010718656933
2024-04,Labour charges,84742.0,62063933.0,21936517.0,0.13653984835282676,0.38630562910237753
2024-04,labour charges-paddy,84494.0,62063933.0,21936517.0,0.13614026039890187,0.3851750941136189
2024-04,Lease expenses,70000.0,62063933.0,21936517.0,0.11278692247879295,0.31910261779479393
2024-04,Labour charges-Cotton seed,68498.0,62063933.0,21936517.0,0.110366837370748,0.3122555873386828
2024-04,Irrigation Expenses,67530.0,62063933.0,21936517.0,0.10880715535704127,0.30784285399546335
2024-04,Purchase of Fuzzy Cotton Seed.,67100.0,62063933.0,21936517.0,0.10811432140467153,0.3058826522004382
2024-04,Labour charges(Daily Marketing staf,65200.0,62063933.0,21936517.0,0.10505296208024717,0.2972212954317223
2024-04,Travelling & Conveyance H.O.,64093.0,62063933.0,21936517.0,0.10326931746333252,0.29217491546173896
2024-04,Ploughing expenses-fty,62000.0,62063933.0,21936517.0,0.09989698848121661,0.28263374718967466
2024-04,Labour charges-corn(DAL),60362.0,62063933.0,21936517.0,0.09725777449521286,0.27516674593327645
2024-04,Vehicle R&M POL 6677 Sohail Sb,59000.0,62063933.0,21936517.0,0.0950632632321255,0.2689579207127549
2024-04,Freight-sesame seed,53050.0,62063933.0,21936517.0,0.08547637482142809,0.24183419820019741
2024-04,Telephone Ptcl H.O.,52270.0,62063933.0,21936517.0,0.0842196062566644,0.23827848331619828
2024-04,Labour charges(DAL)Pddy,51559.0,62063933.0,21936517.0,0.0830740133726298,0.2350373124411683
2024-04,Labour Expenses,50700.0,62063933.0,21936517.0,0.08168995670964004,0.2311214674599436
2024-04,Freight & Octroi Paddy,46000.0,62063933.0,21936517.0,0.07411712048606395,0.20969600597943602
2024-04,Salary & wages,44000.0,62063933.0,21936517.0,0.07089463698666985,0.20057878832815618
2024-04,labour charges,43125.0,62063933.0,21936517.0,0.06948480045568495,0.19659000560572126
2024-04,Packing Material Consumed,43060.0,62063933.0,21936517.0,0.06938006974195464,0.19629369603205468
2024-04,Micronutrient expenses,40000.0,62063933.0,21936517.0,0.0644496699878817,0.18234435302559654
2024-04,labour charges-cotton,37644.0,62063933.0,21936517.0,0.06065358442559546,0.1716042706323889
2024-04,Education Cess,37400.0,62063933.0,21936517.0,0.060260441438669377,0.17049197007893277
2024-04,Vehicle R&M POL 118,37250.0,62063933.0,21936517.0,0.06001875517621482,0.16980817875508677
2024-04,Freight & octroi-corn seed,37000.0,62063933.0,21936517.0,0.05961594473879057,0.1686685265486768
2024-04,Vehicle POL LZH-5455,37000.0,62063933.0,21936517.0,0.05961594473879057,0.1686685265486768
2024-04,Vehicle 2.OD Repair 4382 Dr.Sb,36600.0,62063933.0,21936517.0,0.058971448038911745,0.16684508301842085
2024-04,Electricity Charges (H.O),35548.0,62063933.0,21936517.0,0.05727642171823046,0.16204942653384766
2024-04,Vehicle R&M POL LEC-1186 Rizwan Sb,34000.0,62063933.0,21936517.0,0.05478221948969944,0.15499270007175706
2024-04,Entertainment (H.O),31547.0,62063933.0,21936517.0,0.05082984347769259,0.14381043262246235
2024-04,Vehicle POL LEH-7012 Hassan Shah,30362.0,62063933.0,21936517.0,0.048920522004301595,0.13840848116407906
2024-04,Freight & Octori-cotton seed,29900.0,62063933.0,21936517.0,0.04817612831594156,0.13630240388663342
2024-04,Wheat Roguing,26400.0,62063933.0,21936517.0,0.042536782192001917,0.12034727299689373
2024-04,E.O.B.I,25600.0,62063933.0,21936517.0,0.041247788792244285,0.1167003859363818
2024-04,labour charges sesame seed,25180.0,62063933.0,21936517.0,0.04057106725737152,0.11478577022961303
2024-04,House Rent (G.M.),23000.0,62063933.0,21936517.0,0.037058560243031974,0.10484800298971801
2024-04,Consultency charges-ISO,22450.0,62063933.0,21936517.0,0.0361723772806986,0.10234076813561606
2024-04,Vehicle R&M POL 2260 Rizwan Sb.,22000.0,62063933.0,21936517.0,0.03544731849333493,0.10028939416407809
2024-04,Repair & Maint. Plant & Machinery,21810.0,62063933.0,21936517.0,0.03514118256089249,0.09942325848720651
2024-04,Social Security,21120.0,62063933.0,21936517.0,0.03402942575360154,0.09627781839751498
2024-04,Misc.Expenses-HO,20025.0,62063933.0,21936517.0,0.03226511603768327,0.09128614173343927
2024-04,Vehicle POL KWM-2868 Nazar Ali,19700.0,62063933.0,21936517.0,0.031741462469031735,0.0898045938651063
2024-04,E.O.B.I Factory,19200.0,62063933.0,21936517.0,0.03093584159418321,0.08752528945228634
2024-04,Social security,19200.0,62063933.0,21936517.0,0.03093584159418321,0.08752528945228634
2024-04,Tag & Sticker Expenses,18675.0,62063933.0,21936517.0,0.030089939675592262,0.08513201981882539
2024-04,Sales Promotion Expenses,18000.0,62063933.0,21936517.0,0.02900235149454676,0.08205495886151844
2024-04,Misc Exp,17680.0,62063933.0,21936517.0,0.02848675413464371,0.08059620403731367
2024-04,Repair & Maintenance Electrical,17480.0,62063933.0,21936517.0,0.028164505784704297,0.07968448227218569
2024-04,Vehicle POL LEE-17-7430 Hafiz Qadir,17000.0,62063933.0,21936517.0,0.02739110974484972,0.07749635003587853
2024-04,R&M Generator (HO),16679.0,62063933.0,21936517.0,0.026873901143196967,0.07603303660284812
2024-04,Vehicle R&M Repair 118,15700.0,62063933.0,21936517.0,0.025296495470243565,0.07157015856254664
2024-04,Repair & Renovation HO,14000.0,62063933.0,21936517.0,0.02255738449575859,0.06382052355895879
2024-04,Entertainment  (Factory),13755.0,62063933.0,21936517.0,0.022162630267082813,0.062703664396677
2024-04,Vehicle POL 2995 Aslam Sb.,13506.0,62063933.0,21936517.0,0.021761431071408252,0.06156857079909268
2024-04,Misc.Expenses,12565.0,62063933.0,21936517.0,0.020245252584943335,0.05727891989416551
2024-04,Freight & Octroi-SSg,12500.0,62063933.0,21936517.0,0.02014052187121303,0.05698261032049892
2024-04,Advertisement Expenses-selling,12000.0,62063933.0,21936517.0,0.019334900996364507,0.05470330590767896
2024-04,Vehicle POL 6793   Aslam Shakir,12000.0,62063933.0,21936517.0,0.019334900996364507,0.05470330590767896
2024-04,Postal & Courier charges HO,11390.0,62063933.0,21936517.0,0.01835204352904931,0.051922554524038614
2024-04,Abiyana Expenses,10841.0,62063933.0,21936517.0,0.017467471808465633,0.049419878278762305
2024-04,Irrigation expenss,9840.0,62063933.0,21936517.0,0.015854618817018894,0.044856710844296745
2024-04,Labour charges Sesame(DAL),9540.0,62063933.0,21936517.0,0.015371246292109782,0.043489128196604776
2024-04,Legal & Professional Charges,9280.0,62063933.0,21936517.0,0.014952323437188551,0.042303889901938396
2024-04,Canteen Expenses,9060.0,62063933.0,21936517.0,0.014597850252255204,0.04130099596029762
2024-04,Vehicle POL AGC-21-3228 Abdul Rauf,9000.0,62063933.0,21936517.0,0.01450117574727338,0.04102747943075922
2024-04,Labour charges-silage,8640.0,62063933.0,21936517.0,0.013921128717382445,0.039386380253528856
2024-04,Labour charges-wheat,8500.0,62063933.0,21936517.0,0.01369555487242486,0.038748175017939264
2024-04,Vehicle Repari KWL-17 5493 Imran Pl,8160.0,62063933.0,21936517.0,0.013147732677527864,0.0371982480172217
2024-04,Freight & Octroi-chemicals,8100.0,62063933.0,21936517.0,0.01305105817254604,0.0369247314876833
2024-04,Freight & octroi-packing material,7550.0,62063933.0,21936517.0,0.012164875210212669,0.034417496633581346
2024-04,Vehicle POL KWM-17-4525 Haider Abba,7500.0,62063933.0,21936517.0,0.012084313122727817,0.034189566192299355
2024-04,Vehicle POL KWM-19-3348 Zain Ul Abi,7500.0,62063933.0,21936517.0,0.012084313122727817,0.034189566192299355
2024-04,Vehicle R&M Repair 2260 Rizwan Sb.,7500.0,62063933.0,21936517.0,0.012084313122727817,0.034189566192299355
2024-04,Freight & Octroi-SSG,7400.0,62063933.0,21936517.0,0.011923188947758113,0.03373370530973536
2024-04,Electricity Expenses Bedian,7322.0,62063933.0,21936517.0,0.011797512091281744,0.03337813382133545
2024-04,Misc. Expenses-Selling,7240.0,62063933.0,21936517.0,0.011665390267806587,0.033004327897632975
2024-04,Vehicle Repair LEH-7012 Hassan Shah,6760.0,62063933.0,21936517.0,0.010891994227952005,0.030816195661325818
2024-04,Telephone Exp Fty PTCL,6540.0,62063933.0,21936517.0,0.010537521043018657,0.029813301719685034
2024-04,Vehicle POL GAQ-7345 Hassan Ayub,6500.0,62063933.0,21936517.0,0.010473071373030775,0.02963095736665944
2024-04,Vehicle POL M/C ALF 6829 Hassan Raz,6370.0,62063933.0,21936517.0,0.010263609945570159,0.029038338219326252
2024-04,Vehicle POL KWN-17-4123 Naveed,6280.0,62063933.0,21936517.0,0.010118598188097424,0.028628063425018658
2024-04,Vehicle POL 6793 Subhan Ali,6040.0,62063933.0,21936517.0,0.009731900168170136,0.027533997306865076
2024-04,Veh. Running & Maint.General,6000.0,62063933.0,21936517.0,0.009667450498182253,0.02735165295383948
2024-04,Vehicle POL-KWM-17-7032 M.Khalid,6000.0,62063933.0,21936517.0,0.009667450498182253,0.02735165295383948
2024-04,Vehicle RepairKWK-20-7778 Khaliq Da,5960.0,62063933.0,21936517.0,0.009603000828194373,0.027169308600813884
2024-04,Vehicel R&M POL M/C Zakriya,5880.0,62063933.0,21936517.0,0.009474101488218608,0.02680461989476269
2024-04,Bank Charges,5635.0,62063933.0,21936517.0,0.009079347259542833,0.025687760732480913
2024-04,Vehicle POL KWK-20-7778 Khaliq Dad,5500.0,62063933.0,21936517.0,0.008861829623333732,0.025072348541019522
2024-04,Vehicle Repair LZH-5455,4850.0,62063933.0,21936517.0,0.007814522486030656,0.02210925280435358
2024-04,Travelling & Conveyance Others,4500.0,62063933.0,21936517.0,0.00725058787363669,0.02051373971537961
2024-04,Printing & Stationery  (Factory),4170.0,62063933.0,21936517.0,0.0067188780962366655,0.019009398802918437
2024-04,Freight & Octroi,3700.0,62063933.0,21936517.0,0.005961594473879056,0.01686685265486768
2024-04,House Rent (Faisal Driver),3500.0,62063933.0,21936517.0,0.0056393461239396475,0.015955130889739697
2024-04,Travelling & Cony.Production staff,3400.0,62063933.0,21936517.0,0.0054782219489699436,0.015499270007175705
2024-04,Telephone Expenses-Director,3330.0,62063933.0,21936517.0,0.00536543502649115,0.015180167389380913
2024-04,Vehicle POL AGB-6545 Faisal Driver,3000.0,62063933.0,21936517.0,0.004833725249091127,0.01367582647691974
2024-04,Vehicle Repair 6793 Subhan Ali,2800.0,62063933.0,21936517.0,0.004511476899151718,0.01276410471179176
2024-04,Labour Charge Raya,2700.0,62063933.0,21936517.0,0.004350352724182014,0.012308243829227766
2024-04,Vehicle Repair-KWM-19-2868 Nazar Ai,2700.0,62063933.0,21936517.0,0.004350352724182014,0.012308243829227766
2024-04,Telephone exp,2500.0,62063933.0,21936517.0,0.004028104374242606,0.011396522064099784
2024-04,Postal & Courier Charges,2472.0,62063933.0,21936517.0,0.003982989605251088,0.011268881016981865
2024-04,Electricity,2188.0,62063933.0,21936517.0,0.0035253969483371285,0.00997423611050013
2024-04,Vehicle R&M Repair 6677 Sohail Sb,2020.0,62063933.0,21936517.0,0.003254708334388025,0.009208389827792625
2024-04,Telephone Exp-Rizwan Sb,2000.0,62063933.0,21936517.0,0.0032224834993940846,0.009117217651279827
2024-04,Misc. Expenses,1820.0,62063933.0,21936517.0,0.002932459984448617,0.008296668062664643
2024-04,Vehicle Repair KWM17-4525 Haider A,1770.0,62063933.0,21936517.0,0.002851897896963765,0.008068737621382648
2024-04,Vehicle Repair 6793 Aslam Shakir,1750.0,62063933.0,21936517.0,0.0028196730619698238,0.007977565444869848
2024-04,Vehicle Repair KWM-17-7032 M.Khalid,1710.0,62063933.0,21936517.0,0.002755223391981942,0.007795221091844252
2024-04,Labortary Expenses,1700.0,62063933.0,21936517.0,0.0027391109744849718,0.007749635003587853
2024-04,Vehicle ALF-6829 Repair Hassan Raza,1650.0,62063933.0,21936517.0,0.0026585488870001198,0.007521704562305858
2024-04,Telephone Exp Hassan Raza,1500.0,62063933.0,21936517.0,0.0024168626245455634,0.00683791323845987
2024-04,Telephone Exp Zakria,1500.0,62063933.0,21936517.0,0.0024168626245455634,0.00683791323845987
2024-04,Freight & Octroi-R&D,1400.0,62063933.0,21936517.0,0.002255738449575859,0.00638205235589588
2024-04,Vehicle Repair AGC-21-3228 Rauf,1280.0,62063933.0,21936517.0,0.0020623894396122142,0.00583501929681909
2024-04,Newspaper & Perodical,1265.0,62063933.0,21936517.0,0.0020382208133667584,0.00576664016443449
2024-04,Vehicle Repair KWM-19-3348 Zain Ul,1240.0,62063933.0,21936517.0,0.0019979397696243324,0.005652674943793493
2024-04,Freight & Oct. General,1230.0,62063933.0,21936517.0,0.001981827352127362,0.005607088855537093
2024-04,Telephone Exp Aslam Sb,1200.0,62063933.0,21936517.0,0.0019334900996364507,0.005470330590767896
2024-04,Telephone Exp Khaliq Dad,1200.0,62063933.0,21936517.0,0.0019334900996364507,0.005470330590767896
2024-04,Telephone Exp Farid,1100.0,62063933.0,21936517.0,0.0017723659246667465,0.005014469708203905
2024-04,Vehicle Running & Maint.Gen(Factor,1040.0,62063933.0,21936517.0,0.0016756914196849237,0.00474095317866551
2024-04,Telephone Exp Haider Abbas,1000.0,62063933.0,21936517.0,0.0016112417496970423,0.004558608825639914
2024-04,Telephone Exp Haifz Ghulam Qadir,1000.0,62063933.0,21936517.0,0.0016112417496970423,0.004558608825639914
2024-04,Telephone Exp Naveed,1000.0,62063933.0,21936517.0,0.0016112417496970423,0.004558608825639914
2024-04,Vehicle RepairLEE-17-7430 Haifz Qad,950.0,62063933.0,21936517.0,0.00153067966221219,0.004330678384357918
2024-04,Printing & Stationery H.O,911.0,62063933.0,21936517.0,0.0014678412339740054,0.004152892640157961
2024-04,Telephone Exp Abdul Rauf,800.0,62063933.0,21936517.0,0.001288993399757634,0.003646887060511931
2024-04,Telephone Exp Nazar Ali,800.0,62063933.0,21936517.0,0.001288993399757634,0.003646887060511931
2024-04,Telephone Exp Zafar Iqbal,780.0,62063933.0,21936517.0,0.001256768564763693,0.0035557148839991328
2024-04,Misc expenses,760.0,62063933.0,21936517.0,0.001224543729769752,0.0034645427074863344
2024-04,Vehicle Repair 2995 Aslam Sb.,740.0,62063933.0,21936517.0,0.0011923188947758113,0.0033733705309735365
2024-04,Electricity Expenses,700.0,62063933.0,21936517.0,0.0011278692247879295,0.00319102617794794
2024-04,Telephone Exp Kafitullah,700.0,62063933.0,21936517.0,0.0011278692247879295,0.00319102617794794
2024-04,Labour charges SSG(DAL),670.0,62063933.0,21936517.0,0.0010795319722970184,0.003054267913178742
2024-04,Telephone Exp M.Khalid,600.0,62063933.0,21936517.0,0.0009667450498182254,0.002735165295383948
2024-04,Telephone Exp Subhan Ali,550.0,62063933.0,21936517.0,0.0008861829623333733,0.0025072348541019525
2024-04,Vehicle Repair KWN-17-4123 Naveed,550.0,62063933.0,21936517.0,0.0008861829623333733,0.0025072348541019525
2024-04,Labour charges-Misc.,532.0,62063933.0,21936517.0,0.0008571806108388265,0.002425179895240434
2024-04,Telephone & Telex  (Factory),500.0,62063933.0,21936517.0,0.0008056208748485212,0.002279304412819957
2024-04,Vehicle Repair GAQ-7345 Hassan Ayub,470.0,62063933.0,21936517.0,0.0007572836223576099,0.0021425461480507595
2024-04,Vehicle POL -17-2347 Mess Safdar,300.0,62063933.0,21936517.0,0.0004833725249091127,0.001367582647691974
2024-04,Vehicle Repari AGB-6545 Faisal Driv,150.0,62063933.0,21936517.0,0.00024168626245455634,0.000683791323845987
2024-04,Processing charges-corn seed,-31980.0,62063933.0,21936517.0,-0.051527511155311415,-0.14578431024396443
2024-04,Processing charges-paddy,-42720.0,62063933.0,21936517.0,-0.06883224754705765,-0.1947437690313371
2024-04,Other Income,-48500.0,62063933.0,21936517.0,-0.07814522486030655,-0.2210925280435358
2024-04,Pesticide Expenses,-80000.0,62063933.0,21936517.0,-0.1288993399757634,-0.3646887060511931
2024-04,Chemical application & packing char,-111940.0,62063933.0,21936517.0,-0.18036240146108692,-0.510290671942132
2024-04,Delinting & processing-cotton seed,-4668030.0,62063933.0,21936517.0,-7.521324824838284,-21.279722756351884
2024-05,Purchase of Raw Material (Wheat),7424551.0,32218185.07,44067343.0,23.044597279048407,16.848193003149746
2024-05,Purchase of Hybrid Rice,5348000.0,32218185.07,44067343.0,16.599321123708474,12.135971074997647
2024-05,Mark-up on Redeemable Capt. NDFC,4165417.07,32218185.07,44067343.0,12.928776282555507,9.452389879734751
2024-05,Purchase of canola cooking oil,3479749.0,32218185.07,44067343.0,10.800574248486058,7.896434781647716
2024-05,Salaries & Wages,1054027.0,32218185.07,44067343.0,3.2715281686722273,2.391855120468688
2024-05,Purchase of wheat Commercial,1001025.0,32218185.07,44067343.0,3.10701859159691,2.2715801131917575
2024-05,Electricity Charges,760154.0,32218185.07,44067343.0,2.359394231389583,1.7249826021959163
2024-05,Salary & Wages,710190.0,32218185.07,44067343.0,2.2043141116018177,1.6116015889589712
2024-05,Telephone Expenses,669867.0,32218185.07,44067343.0,2.0791580858592416,1.5200984547672864
2024-05,Fee & Subscription,624125.0,32218185.07,44067343.0,1.937182366554703,1.4162982324575366
2024-05,Farm Lease Expenses,546836.0,32218185.07,44067343.0,1.697289896410667,1.2409098501808924
2024-05,Lease expenses,545000.0,32218185.07,44067343.0,1.6915912513876437,1.2367434996024154
2024-05,Directors Remuneration,420000.0,32218185.07,44067343.0,1.303611606573964,0.9530867336385587
2024-05,Incentive staff-selling,400000.0,32218185.07,44067343.0,1.2415348634037753,0.9077016510843414
2024-05,Salaries & Wages (H.O),399000.0,32218185.07,44067343.0,1.2384310262452658,0.9054323969566307
2024-05,Additional Discount,324131.0,32218185.07,44067343.0,1.0060498420248227,0.7355356096690467
2024-05,Salary & Wages-Production staff,303958.0,32218185.07,44067343.0,0.9434361350262118,0.6897579461507357
2024-05,Salaries & Wages (Factory),303428.0,32218185.07,44067343.0,0.9417911013322018,0.6885552414630489
2024-05,Labour charges-Misc,272237.0,32218185.07,44067343.0,0.8449793165211338,0.6177749359656197
2024-05,Sales Promotion Expenses,270110.0,32218185.07,44067343.0,0.8383774548849843,0.6129482324359787
2024-05,Premium on Wheat Seed,206054.0,32218185.07,44067343.0,0.6395580618595038,0.46758889003133225
2024-05,"Harvesting,choping & stacking Exp",200000.0,32218185.07,44067343.0,0.6207674317018876,0.4538508255421707
2024-05,Vehicle 2.OD POL 4382 Dr. Anwar Sb.,199150.0,32218185.07,44067343.0,0.6181291701171545,0.4519219595336165
2024-05,Freight & Octroi-wheat,193093.0,32218185.07,44067343.0,0.5993292284480629,0.43817708728207183
2024-05,Farm Lease,170443.0,32218185.07,44067343.0,0.5290273168078241,0.38677848128942105
2024-05,Freight & Octroi Paddy,166150.0,32218185.07,44067343.0,0.5157025438863431,0.37703657331915835
2024-05,Germination Claim,127407.0,32218185.07,44067343.0,0.39545058085421203,0.28911886064925674
2024-05,Irrigation Expenses,121097.0,32218185.07,44067343.0,0.3758653683840174,0.27479986710340126
2024-05,Shifting charges - wheat,121000.0,32218185.07,44067343.0,0.375564296179642,0.27457974945301333
2024-05,Freight-sesame seed,113900.0,32218185.07,44067343.0,0.353527052354225,0.25846804514626626
2024-05,Labour charges,103383.0,32218185.07,44067343.0,0.3208839969581812,0.23460229948513123
2024-05,Labour charges-Cotton Seed,101081.0,32218185.07,44067343.0,0.3137389638192925,0.2293784764831408
2024-05,Packing Material Consumed,82593.0,32218185.07,44067343.0,0.25635522243277004,0.18742450617002254
2024-05,Vehicle R&M Pol 418 (Akhtar),81760.0,32218185.07,44067343.0,0.2537697260797317,0.1855342174816394
2024-05,Labour charges(DAL)Pddy,79400.0,32218185.07,44067343.0,0.24644467038564938,0.1801787777402418
2024-05,Staff Welfare  (Factory),79266.0,32218185.07,44067343.0,0.24602875620640913,0.17987469768712855
2024-05,labour charges sesame seed,77014.0,32218185.07,44067343.0,0.23903891492544588,0.1747643373915237
2024-05,Labour charges-corn(DAL),67718.0,32218185.07,44067343.0,0.2101856446999421,0.15366935102032359
2024-05,Labour charges-SSG,65300.0,32218185.07,44067343.0,0.2026805664506663,0.14818229453951876
2024-05,Labour charges(Daily Marketing staf,65200.0,32218185.07,44067343.0,0.20237018273481536,0.14795536912674767
2024-05,Ploughing expenses-fty,62000.0,32218185.07,44067343.0,0.19243790382758516,0.14069375591807293
2024-05,Freight & octroi-corn seed,60500.0,32218185.07,44067343.0,0.187782148089821,0.13728987472650667
2024-05,Vehicle 2.OD Repair 4382 Dr.Sb,59600.0,32218185.07,44067343.0,0.1849886946471625,0.13524754601156688
2024-05,Processing discount,59109.0,32218185.07,44067343.0,0.18346471060233438,0.13413334223486087
2024-05,Vehicle R&M POL 6677 Sohail Sb,55500.0,32218185.07,44067343.0,0.1722629622972738,0.12594360408795238
2024-05,labour charges-paddy,53495.0,32218185.07,44067343.0,0.1660397687944624,0.12139374956189214
2024-05,Pesticide Expenses,50000.0,32218185.07,44067343.0,0.1551918579254719,0.11346270638554268
2024-05,Labour Expenses,48600.0,32218185.07,44067343.0,0.1508464859035587,0.11028575060674749
2024-05,Vehicle R&M POL 2260 Rizwan Sb.,47000.0,32218185.07,44067343.0,0.1458803464499436,0.10665494400241013
2024-05,Salary & wages,44000.0,32218185.07,44067343.0,0.13656883497441527,0.09984718161927755
2024-05,Vehicle R&M POL 118,42409.0,32218185.07,44067343.0,0.13163063005522674,0.0962367983020896
2024-05,labour charges-cotton,42044.0,32218185.07,44067343.0,0.13049772949237082,0.09540852054547513
2024-05,Micronutrient expenses,40000.0,32218185.07,44067343.0,0.12415348634037753,0.09077016510843415
2024-05,Misc.Expenses-HO,39280.0,32218185.07,44067343.0,0.12191872358625074,0.08913630213648234
2024-05,Travelling & Conveyance H.O.,38975.0,32218185.07,44067343.0,0.12097205325290535,0.08844417962753053
2024-05,Canteen Expenses,38973.0,32218185.07,44067343.0,0.12096584557858832,0.0884396411192751
2024-05,Purchase of Sulphor (Tiger Brand),36940.0,32218185.07,44067343.0,0.11465574463533865,0.08382624747763895
2024-05,Freight& Octroi on purchases paddy,36000.0,32218185.07,44067343.0,0.11173813770633977,0.08169314859759075
2024-05,Entertainment (H.O),35615.0,32218185.07,44067343.0,0.11054316040031364,0.08081948575842206
2024-05,Entertainment  (Factory),33386.0,32218185.07,44067343.0,0.1036247073739961,0.07576131830775457
2024-05,Repair & Maintenance Electrical,32700.0,32218185.07,44067343.0,0.10149547508325862,0.07420460997614492
2024-05,Vehicle Repair LEH-7012 Hassan Shah,32660.0,32218185.07,44067343.0,0.10137132159691825,0.07411383981103649
2024-05,Vehicle R&M POL 371 (FRK),31200.0,32218185.07,44067343.0,0.09683971934549446,0.07080072878457863
2024-05,Electricity Charges (H.O),31050.0,32218185.07,44067343.0,0.09637414377171805,0.070460340665422
2024-05,Vehicle POL LZH-5455,31000.0,32218185.07,44067343.0,0.09621895191379258,0.07034687795903646
2024-05,Vehicle Repair 2995 Aslam Sb.,30500.0,32218185.07,44067343.0,0.09466703333453785,0.06921225089518104
2024-05,Irrigation expenss,29550.0,32218185.07,44067343.0,0.0917183880339539,0.06705645947385573
2024-05,Vehicle POL LEH-7012 Hassan Shah,28842.0,32218185.07,44067343.0,0.08952087132572921,0.06544982755143644
2024-05,Lease Expenses,28407.0,32218185.07,44067343.0,0.08817070216177761,0.06446270200588222
2024-05,Advertisement Expenses-selling,27770.0,32218185.07,44067343.0,0.08619355789180709,0.0630171871265304
2024-05,Misc.Expenses,27135.0,32218185.07,44067343.0,0.0842226212961536,0.06157621075543401
2024-05,Freight & Octroi,26700.0,32218185.07,44067343.0,0.082872452132202,0.060589085209879795
2024-05,Telephone & Telex Charges (H.O),26250.0,32218185.07,44067343.0,0.08147572541087275,0.05956792085240992
2024-05,Telephone Ptcl H.O.,26190.0,32218185.07,44067343.0,0.08128949518136218,0.059431765604747264
2024-05,Misc expenses,25985.0,32218185.07,44067343.0,0.08065320856386775,0.05896656850856653
2024-05,E.O.B.I,25600.0,32218185.07,44067343.0,0.07945823125784161,0.058092905669397864
2024-05,House Rent (G.M.),23000.0,32218185.07,44067343.0,0.07138825464571708,0.05219284493734964
2024-05,Freight & Oct. General,22570.0,32218185.07,44067343.0,0.07005360466755801,0.05121706566243397
2024-05,Accomodation / Residence Expenses,22400.0,32218185.07,44067343.0,0.06952595235061142,0.050831292460723126
2024-05,Bank Charges,21135.0,32218185.07,44067343.0,0.06559959834509697,0.047960685989168896
2024-05,Social Security,21120.0,32218185.07,44067343.0,0.06555304078771933,0.047926647177253236
2024-05,Vehicle R&M Repair 418(Akhtar),21062.0,32218185.07,44067343.0,0.06537301823252578,0.047795030437846005
2024-05,E.O.B.I Factory,20800.0,32218185.07,44067343.0,0.06455981289699632,0.04720048585638576
2024-05,Freight & octroi-silage,20037.0,32218185.07,44067343.0,0.06219158514505361,0.04546904495694238
2024-05,Social security,19200.0,32218185.07,44067343.0,0.05959367344338121,0.043569679252048396
2024-05,Education Cess,18536.0,32218185.07,44067343.0,0.05753272557013094,0.04206289451124839
2024-05,Vehicle POL LEE-17-7430 Hafiz Qadir,18500.0,32218185.07,44067343.0,0.0574209874324246,0.041981201362650794
2024-05,Vehicle POL M/C ALF 6829 Hassan Raz,18431.0,32218185.07,44067343.0,0.05720682266848746,0.04182462282783875
2024-05,Purchase of Raw Material (Paddy),18000.0,32218185.07,44067343.0,0.05586906885316988,0.040846574298795374
2024-05,Labour charges-bursum,15827.0,32218185.07,44067343.0,0.04912443070772888,0.035915485079279684
2024-05,Repair & Renovation HO,14000.0,32218185.07,44067343.0,0.04345372021913213,0.03176955778795195
2024-05,Misc. Expenses-Selling,13430.0,32218185.07,44067343.0,0.04168453303878175,0.030476082935156766
2024-05,Vehicle POL 2995 Aslam Sb.,13420.0,32218185.07,44067343.0,0.04165349466719666,0.03045339039387966
2024-05,Fertilizer Expenses,12525.0,32218185.07,44067343.0,0.03887556041033071,0.028422407949578444
2024-05,R&M Generator (HO),12258.0,32218185.07,44067343.0,0.038046835889008694,0.02781651709747965
2024-05,"Mazhar Khan Chak 77/10-R,KWL",12000.0,32218185.07,44067343.0,0.03724604590211325,0.02723104953253025
2024-05,Labour charges-silage,11665.0,32218185.07,44067343.0,0.036206260454012595,0.026470849399747108
2024-05,Consultency charges-ISO,11650.0,32218185.07,44067343.0,0.03615970289663495,0.02643681058783145
2024-05,Misc. Expenses,10170.0,32218185.07,44067343.0,0.03156602390204098,0.023078314478819383
2024-05,Travelling & Conveyance Others,10150.0,32218185.07,44067343.0,0.031503947158870796,0.023032929396265167
2024-05,Samples-corn seed,10000.0,32218185.07,44067343.0,0.03103837158509438,0.022692541277108538
2024-05,Postal & Courier charges HO,9592.0,32218185.07,44067343.0,0.02977200602442253,0.021766685593002513
2024-05,Printing & Stationery H.O,9530.0,32218185.07,44067343.0,0.029579568120594944,0.021625991837084437
2024-05,Vehicle POL AGC-21-3228 Abdul Rauf,9420.0,32218185.07,44067343.0,0.029238146033158906,0.021376373883036242
2024-05,Legal & Professional Charges,9280.0,32218185.07,44067343.0,0.028803608830967584,0.021058678305156724
2024-05,Labour charges-wheat,9225.0,32218185.07,44067343.0,0.02863289778724957,0.020933869328132626
2024-05,Vehicle POL KWK-20-8845 Shahid Sajj,8832.0,32218185.07,44067343.0,0.027413089783955354,0.02004205245594226
2024-05,Commission on sale of corn seed,8306.0,32218185.07,44067343.0,0.025780471438579394,0.01884842478476635
2024-05,Vehicle R&M POL 9700 Zafar Iqbal,8080.0,32218185.07,44067343.0,0.025079004240756257,0.018335573351903698
2024-05,Vehicle POL-KWM-17-7032 M.Khalid,8000.0,32218185.07,44067343.0,0.024830697268075505,0.01815403302168683
2024-05,Vehicle R&M Repair 2260 Rizwan Sb.,7450.0,32218185.07,44067343.0,0.023123586830895312,0.01690594325144586
2024-05,Vehicle Repair-KWM-19-2868 Nazar Ai,7400.0,32218185.07,44067343.0,0.022968394972969843,0.01679248054506032
2024-05,Vehicle POL KWK-20-7778 Khaliq Dad,7200.0,32218185.07,44067343.0,0.022347627541267956,0.016338629719518147
2024-05,labour charges-wheat(DAL),6839.0,32218185.07,44067343.0,0.021227142327046047,0.01551942897941453
2024-05,Labour charges-Cotton seed,6784.0,32218185.07,44067343.0,0.021056431283328028,0.015394620002390433
2024-05,Labour charges Sesame(DAL),6650.0,32218185.07,44067343.0,0.02064051710408776,0.015090539949277178
2024-05,Telephone Exp Fty PTCL,6540.0,32218185.07,44067343.0,0.020299095016651725,0.014840921995228984
2024-05,Freight & Octori-cotton seed,6400.0,32218185.07,44067343.0,0.019864557814460403,0.014523226417349466
2024-05,Commission on sale of Raya Seed,6247.0,32218185.07,44067343.0,0.01938967072920846,0.014176030535809705
2024-05,Entertainment-Selling,6200.0,32218185.07,44067343.0,0.019243790382758516,0.014069375591807293
2024-05,Veh. Running & Maint.General,6000.0,32218185.07,44067343.0,0.018623022951056625,0.013615524766265125
2024-05,Vehicle POL 6793 Subhan Ali,6000.0,32218185.07,44067343.0,0.018623022951056625,0.013615524766265125
2024-05,Vehicle R&M Repair 6677 Sohail Sb,6000.0,32218185.07,44067343.0,0.018623022951056625,0.013615524766265125
2024-05,Printing & Stationery  (Factory),5810.0,32218185.07,44067343.0,0.018033293890939835,0.013184366482000059
2024-05,Freight & octroi-packing material,5580.0,32218185.07,44067343.0,0.017319411344482664,0.012662438032626564
2024-05,Vehicle ALF-6829 Repair Hassan Raza,5160.0,32218185.07,44067343.0,0.0160157997379087,0.011709351298988006
2024-05,Vehicle Repair LZH-5455,5000.0,32218185.07,44067343.0,0.01551918579254719,0.011346270638554269
2024-05,Freight & Octroi-R&D,4500.0,32218185.07,44067343.0,0.01396726721329247,0.010211643574698843
2024-05,Freight & Octroi-SSg,4500.0,32218185.07,44067343.0,0.01396726721329247,0.010211643574698843
2024-05,Vehicle POL KWM-17-4525 Haider Abba,4500.0,32218185.07,44067343.0,0.01396726721329247,0.010211643574698843
2024-05,Vehicle POL KWN-17-4123 Naveed,4200.0,32218185.07,44067343.0,0.013036116065739638,0.009530867336385586
2024-05,Freight & Octroi-Raya,4000.0,32218185.07,44067343.0,0.012415348634037753,0.009077016510843415
2024-05,Labour Charge Raya,3938.0,32218185.07,44067343.0,0.012222910730210168,0.008936322754925343
2024-05,Labour charges-cotton(DAL),3745.0,32218185.07,44067343.0,0.011623870158617846,0.008498356708277147
2024-05,Entertainment,3660.0,32218185.07,44067343.0,0.011360044000144544,0.008305470107421725
2024-05,Vehicle Running & Maint.Gen(Factor,3518.0,32218185.07,44067343.0,0.010919299123636202,0.007983236021286784
2024-05,House Rent (Faisal Driver),3500.0,32218185.07,44067343.0,0.010863430054783033,0.007942389446987988
2024-05,Telephone Exp Akhtar Ali,3480.0,32218185.07,44067343.0,0.010801353311612845,0.00789700436443377
2024-05,Vehicle POL -17-2347 Mess Safdar,3450.0,32218185.07,44067343.0,0.010708238196857562,0.007828926740602446
2024-05,Vehicle Repair KWK-20-8845 Shahid S,3130.0,32218185.07,44067343.0,0.009715010306134541,0.007102765419734973
2024-05,Telephone Exp Hassan Raza,3100.0,32218185.07,44067343.0,0.009621895191379258,0.007034687795903646
2024-05,Vehicle POL AGB-6545 Faisal Driver,3000.0,32218185.07,44067343.0,0.009311511475528313,0.006807762383132562
2024-05,Postal & Courier Charges,2728.0,32218185.07,44067343.0,0.008467267768413746,0.006190525260395209
2024-05,Telephone Expenses-Director,2600.0,32218185.07,44067343.0,0.00806997661212454,0.00590006073204822
2024-05,Travelling & conveyance-MFG.,2560.0,32218185.07,44067343.0,0.00794582312578416,0.005809290566939786
2024-05,Labour charges-Misc.,2528.0,32218185.07,44067343.0,0.007846500336711859,0.005736674434853038
2024-05,Gardening & Plantation,2500.0,32218185.07,44067343.0,0.007759592896273595,0.005673135319277134
2024-05,Labour Charges Tomato,2379.0,32218185.07,44067343.0,0.007384028600093954,0.005398555569824121
2024-05,Electricity,2188.0,32218185.07,44067343.0,0.0067911957028186495,0.004965128031431348
2024-05,Misc.expenses,2000.0,32218185.07,44067343.0,0.006207674317018876,0.004538508255421707
2024-05,Telephone Exp M.Khalid,1800.0,32218185.07,44067343.0,0.005586906885316989,0.004084657429879537
2024-05,Telephone Exp-Rizwan Sb,1700.0,32218185.07,44067343.0,0.0052765231694660445,0.003857732017108452
2024-05,Telephone Exp Aslam Sb,1500.0,32218185.07,44067343.0,0.004655755737764156,0.003403881191566281
2024-05,Telephone Exp Zakria,1500.0,32218185.07,44067343.0,0.004655755737764156,0.003403881191566281
2024-05,Vehicle Repair AGC-21-3228 Rauf,1480.0,32218185.07,44067343.0,0.004593678994593968,0.0033584961090120636
2024-05,Vehicle POL KWM-2868 Nazar Ali,1470.0,32218185.07,44067343.0,0.004562640623008873,0.003335803567734955
2024-05,Entertainmetn-Mfg,1430.0,32218185.07,44067343.0,0.0044384871366684965,0.0032450334026265207
2024-05,Vehicle Repair 6793 Subhan Ali,1370.0,32218185.07,44067343.0,0.00425225690715793,0.0031088781549638697
2024-05,Telephone Exp Shahid Sajjad,1300.0,32218185.07,44067343.0,0.00403498830606227,0.00295003036602411
2024-05,Newspaper & Perodical,1100.0,32218185.07,44067343.0,0.0034142208743603818,0.002496179540481939
2024-05,Telephone Exp Naveed,1100.0,32218185.07,44067343.0,0.0034142208743603818,0.002496179540481939
2024-05,Telephone Exp Zafar Iqbal,1040.0,32218185.07,44067343.0,0.003227990644849816,0.002360024292819288
2024-05,Telephone Exp Haider Abbas,1000.0,32218185.07,44067343.0,0.003103837158509438,0.0022692541277108537
2024-05,Telephone Exp Haifz Ghulam Qadir,1000.0,32218185.07,44067343.0,0.003103837158509438,0.0022692541277108537
2024-05,Telephone Exp Hassan Gardezi,1000.0,32218185.07,44067343.0,0.003103837158509438,0.0022692541277108537
2024-05,Vehicle POL 6793   Aslam Shakir,1000.0,32218185.07,44067343.0,0.003103837158509438,0.0022692541277108537
2024-05,Vehicle RepairLEE-17-7430 Haifz Qad,1000.0,32218185.07,44067343.0,0.003103837158509438,0.0022692541277108537
2024-05,Telephone Exp Nazar Ali,800.0,32218185.07,44067343.0,0.0024830697268075504,0.0018154033021686832
2024-05,Freight & Octroi-chemicals,700.0,32218185.07,44067343.0,0.0021726860109566068,0.0015884778893975977
2024-05,Telephone & Telex  (Factory),700.0,32218185.07,44067343.0,0.0021726860109566068,0.0015884778893975977
2024-05,Telephone Exp Farid,700.0,32218185.07,44067343.0,0.0021726860109566068,0.0015884778893975977
2024-05,Telephone Exp Kafitullah,700.0,32218185.07,44067343.0,0.0021726860109566068,0.0015884778893975977
2024-05,Repair & Maint. Plant & Machinery,690.0,32218185.07,44067343.0,0.0021416476393715123,0.0015657853481204891
2024-05,Telephone Exp Subhan Ali,550.0,32218185.07,44067343.0,0.0017071104371801909,0.0012480897702409695
2024-05,Telephone Exp Abdul Rauf,500.0,32218185.07,44067343.0,0.001551918579254719,0.0011346270638554268
2024-05,Repair & Maint. Office Equipment,400.0,32218185.07,44067343.0,0.0012415348634037752,0.0009077016510843416
2024-05,R&M Tractor],300.0,32218185.07,44067343.0,0.0009311511475528314,0.0006807762383132562
2024-05,Vehicle RepairKWK-20-7778 Khaliq Da,250.0,32218185.07,44067343.0,0.0007759592896273595,0.0005673135319277134
2024-05,Vehicle Repair KWN-17-4123 Naveed,200.0,32218185.07,44067343.0,0.0006207674317018876,0.0004538508255421708
2024-05,Vehicle Repair AGC-21-3251 Zakria,160.0,32218185.07,44067343.0,0.00049661394536151,0.0003630806604337366
2024-05,Electricity Expenses Bedian,-2791.0,32218185.07,44067343.0,-0.008662809509399842,-0.006333488270440993
2024-05,Hybrid Testing Fee,-10000.0,32218185.07,44067343.0,-0.03103837158509438,-0.022692541277108538
2024-05,Processing charges-paddy,-27240.0,32218185.07,44067343.0,-0.0845485241977971,-0.06181448243884366
2024-05,Chemical application & packing char,-38366.0,32218185.07,44067343.0,-0.1190818164233731,-0.08706220386375463
2024-05,Other Income,-48762.0,32218185.07,44067343.0,-0.15134930752323722,-0.11065336977543665
2024-05,Delinting & processing-cotton seed,-575490.0,32218185.07,44067343.0,-1.7862272463505964,-1.305933057956319
2024-05,Income-Kamboh Farm,-610500.0,32218185.07,44067343.0,-1.894892585270012,-1.3853796449674762
2024-06,Mark-up on Al-Towfiq,5970823.0,31647195.85,14141296.0,18.866831135056156,42.22260109681602
2024-06,Mark-up on Redeemable Capt. NDFC,4300381.0,31647195.85,14141296.0,13.588505662184916,30.410091126018436
2024-06,Mark-up on Supliers Credit Loan,3483975.11,31647195.85,14141296.0,11.008795618143209,24.63688695859276
2024-06,Purchase of R.M.Okra,2349300.0,31647195.85,14141296.0,7.423406519601642,16.61304593298945
2024-06,Packing Material Consumed,2033921.0,31647195.85,14141296.0,6.426860090986544,14.382847229843716
2024-06,Salary & Wages,1387122.0,31647195.85,14141296.0,4.383080278501199,9.809016090180137
2024-06,Salaries & Wages,1139027.0,31647195.85,14141296.0,3.5991403642796995,8.054615361986624
2024-06,Chemicals Consumed,1016134.0,31647195.85,14141296.0,3.210818439700717,7.185579030380243
2024-06,Diesel for Generator Consumed,1012544.0,31647195.85,14141296.0,3.1994746226465436,7.160192389721565
2024-06,Directors Remuneration,812481.0,31647195.85,14141296.0,2.5673080289671226,5.745449356268336
2024-06,Salaries & Wages (H.O),798000.0,31647195.85,14141296.0,2.521550420398463,5.643047143628137
2024-06,Additional Discount,575180.0,31647195.85,14141296.0,1.8174754020110127,4.067378265754426
2024-06,Audit Fee,500000.0,31647195.85,14141296.0,1.5799188097734733,3.5357438243284065
2024-06,Purchases of Pak Afgoi(Corn),446694.0,31647195.85,14141296.0,1.4114805056259037,3.158791103729106
2024-06,Electricity Charges,436905.0,31647195.85,14141296.0,1.3805488551681586,3.089568311136405
2024-06,Salary & Wages-Production staff,303958.0,31647195.85,14141296.0,0.9604579231622506,2.1494352427104277
2024-06,Salaries & Wages (Factory),303428.0,31647195.85,14141296.0,0.9587832092238908,2.1456873542566397
2024-06,labour charges-paddy,303203.0,31647195.85,14141296.0,0.9580722457594927,2.1440962695356918
2024-06,Labour charges-Misc,281981.0,31647195.85,14141296.0,0.8910141717974674,1.9940251586558968
2024-06,Purchase of wheat Commercial,274875.0,31647195.85,14141296.0,0.8685603656729669,1.9437751674245416
2024-06,Labour charges,258060.0,31647195.85,14141296.0,0.8154276961002849,1.8248681026123772
2024-06,Purchase of Raw Material (Paddy),239000.0,31647195.85,14141296.0,0.7552011910717201,1.6900855480289783
2024-06,Insurance Stock,226550.0,31647195.85,14141296.0,0.7158612127083607,1.602045526803201
2024-06,Freight & Octroi Paddy,194800.0,31647195.85,14141296.0,0.6155363682877452,1.3775257939583472
2024-06,Labour charges-corn(DAL),170313.0,31647195.85,14141296.0,0.538161424497899,1.204366275905688
2024-06,Advertisement Expenses-selling,151280.0,31647195.85,14141296.0,0.47802023508506203,1.0697746514888027
2024-06,Tax consultency,150000.0,31647195.85,14141296.0,0.4739756429320419,1.0607231472985221
2024-06,Vehicle 2.OD Repair 4382 Dr.Sb,120166.0,31647195.85,14141296.0,0.37970504739047833,0.8497523847884946
2024-06,Vehicle 2.OD POL 4382 Dr. Anwar Sb.,119830.0,31647195.85,14141296.0,0.3786433419503106,0.847376364938546
2024-06,fertilizer expenses,116157.0,31647195.85,14141296.0,0.3670372583737146,0.8214027908050295
2024-06,Labour charges(Daily Marketing staf,115200.0,31647195.85,14141296.0,0.3640132937718082,0.8146353771252649
2024-06,Fertilizer Expenses,111102.0,31647195.85,14141296.0,0.35106427920690486,0.7856564207410692
2024-06,Entertainment  (Factory),107760.0,31647195.85,14141296.0,0.34050410188237895,0.7620235090192582
2024-06,Fertilizer Expenses-Okra,106040.0,31647195.85,14141296.0,0.33506918117675816,0.7498605502635685
2024-06,Insurance Plant & Machinery,104074.0,31647195.85,14141296.0,0.3288569404167289,0.7359580055463092
2024-06,Irrigation Expenses,89498.0,31647195.85,14141296.0,0.2827991472742126,0.6328840015794874
2024-06,Electricity Charges (H.O),79636.0,31647195.85,14141296.0,0.25163682867024056,0.563144990388434
2024-06,Hybrid Testing Fee,75000.0,31647195.85,14141296.0,0.23698782146602096,0.5303615736492611
2024-06,Labour charges-SSG,70855.0,31647195.85,14141296.0,0.22389029453299888,0.5010502573455785
2024-06,Lease expenses,70000.0,31647195.85,14141296.0,0.22118863336828623,0.4950041354059769
2024-06,Germination Claim,69580.0,31647195.85,14141296.0,0.2198615015680765,0.4920341105935411
2024-06,labour charges-cotton,68750.0,31647195.85,14141296.0,0.21723883634385258,0.48616477584515594
2024-06,Vehicle POL LEH-7012 Hassan Shah,67170.0,31647195.85,14141296.0,0.21224629290496838,0.4749918253602782
2024-06,Vehicle R&M POL 2260 Rizwan Sb.,66500.0,31647195.85,14141296.0,0.2101292016998719,0.47025392863567805
2024-06,Ploughing expenses-fty,62000.0,31647195.85,14141296.0,0.19590993241191068,0.43843223421672245
2024-06,Labour charges(DAL)Pddy,53217.0,31647195.85,14141296.0,0.16815707859942983,0.37632335819856966
2024-06,Consultency charges-ISO,53000.0,31647195.85,14141296.0,0.16747139383598816,0.37478884537881113
2024-06,Canteen Expenses,52387.0,31647195.85,14141296.0,0.16553441337520586,0.37045402345018447
2024-06,Printing & Stationery  (Factory),51543.0,31647195.85,14141296.0,0.16286751042430825,0.36448568787471813
2024-06,Vehicle R&M POL 118,46114.0,31647195.85,14141296.0,0.14571275198778788,0.3260945814301603
2024-06,Vehicle R&M Pol 418 (Akhtar),46092.0,31647195.85,14141296.0,0.14564323556015785,0.3259390087018898
2024-06,Salary & wages,44000.0,31647195.85,14141296.0,0.13903285526006565,0.3111454565408998
2024-06,Freight & Octroi,41400.0,31647195.85,14141296.0,0.13081727744924357,0.29275958865439206
2024-06,Fertilizer exp,40565.0,31647195.85,14141296.0,0.12817881303692188,0.28685489646776363
2024-06,Micronutrient expenses,40000.0,31647195.85,14141296.0,0.12639350478187786,0.2828595059462725
2024-06,Abiyana Expenses,39604.0,31647195.85,14141296.0,0.12514220908453724,0.28005919683740443
2024-06,Sales Promotion Expenses,39420.0,31647195.85,14141296.0,0.12456079896254063,0.2787580431100516
2024-06,Misc.Expenses-HO,38800.0,31647195.85,14141296.0,0.1226016996384215,0.27437372076788435
2024-06,Freight & Oct. General,35800.0,31647195.85,14141296.0,0.11312218677978067,0.25315925782191395
2024-06,Vehicle POL LZH-5455,35000.0,31647195.85,14141296.0,0.11059431668414312,0.24750206770298844
2024-06,Irrigation expenss,34890.0,31647195.85,14141296.0,0.11024673454599296,0.2467242040616362
2024-06,Tag & Sticker Expenses,33525.0,31647195.85,14141296.0,0.10593355619531138,0.23707162342121968
2024-06,Repair & Maintenance Electrical,30400.0,31647195.85,14141296.0,0.09605906363422716,0.21497322451916714
2024-06,Labour charges-Okra,27325.0,31647195.85,14141296.0,0.08634256295412031,0.1932283999995474
2024-06,Freight & Octori-cotton seed,26250.0,31647195.85,14141296.0,0.08294573751310734,0.18562655077724136
2024-06,Vehicle R&M POL 371 (FRK),25700.0,31647195.85,14141296.0,0.08120782682235651,0.1817372325704801
2024-06,Electricity Expenses Bedian,25638.0,31647195.85,14141296.0,0.08101191688994461,0.18129880033626336
2024-06,E.O.B.I,25600.0,31647195.85,14141296.0,0.08089184306040181,0.18103008380561442
2024-06,Labour charges-wheat,23030.0,31647195.85,14141296.0,0.07277106037816618,0.16285636054856642
2024-06,House Rent (G.M.),23000.0,31647195.85,14141296.0,0.07267626524957976,0.16264421591910672
2024-06,Social Security,21120.0,31647195.85,14141296.0,0.06673577052483151,0.14934981913963188
2024-06,Travelling & Conveyance H.O.,21107.0,31647195.85,14141296.0,0.0666946926357774,0.14925788980019936
2024-06,Labortary Expenses,20820.0,31647195.85,14141296.0,0.06578781923896741,0.14722837284503484
2024-06,E.O.B.I Factory,20800.0,31647195.85,14141296.0,0.06572462248657648,0.14708694309206172
2024-06,Telephone & Telex Charges (H.O),20130.0,31647195.85,14141296.0,0.06360753128148003,0.14234904636746165
2024-06,Staff Welfare  (Factory),19920.0,31647195.85,14141296.0,0.06294396538137517,0.14086403396124372
2024-06,Social security,19200.0,31647195.85,14141296.0,0.06066888229530137,0.1357725628542108
2024-06,Entertainment (H.O),17590.0,31647195.85,14141296.0,0.055581543727830786,0.12438746773987336
2024-06,Vehicle POL LEE-17-7430 Hafiz Qadir,17300.0,31647195.85,14141296.0,0.05466519081816217,0.12233673632176287
2024-06,Vehicle POL AGC-21-3228 Abdul Rauf,17250.0,31647195.85,14141296.0,0.054507198937184816,0.12198316193933004
2024-06,Vehicle Repair LEH-7012 Hassan Shah,16690.0,31647195.85,14141296.0,0.052737689870238524,0.11802312885608221
2024-06,Freight & octroi-corn seed,15610.0,31647195.85,14141296.0,0.04932506524112783,0.11038592219553285
2024-06,Misc.Expenses,15310.0,31647195.85,14141296.0,0.04837711395526375,0.10826447590093582
2024-06,Vehicle POL KWM-2868 Nazar Ali,15200.0,31647195.85,14141296.0,0.04802953181711358,0.10748661225958357
2024-06,Labour charges-Cotton Seed,14887.0,31647195.85,14141296.0,0.04704050264219539,0.10527323662555398
2024-06,Pesticide Expenses,14541.0,31647195.85,14141296.0,0.04594719882583215,0.10282650189911872
2024-06,Repair & Renovation HO,14000.0,31647195.85,14141296.0,0.044237726673657246,0.0990008270811954
2024-06,Vehicle POL KWM-19-3348 Zain Ul Abi,13900.0,31647195.85,14141296.0,0.04392174291170255,0.09829367831632971
2024-06,Labour charges-silage,13833.0,31647195.85,14141296.0,0.043710033791192905,0.0978198886438697
2024-06,Purchase of wheat seed,13500.0,31647195.85,14141296.0,0.042657807863883776,0.09546508325686698
2024-06,R&M Generator (HO),12650.0,31647195.85,14141296.0,0.03997194588726887,0.08945431875550869
2024-06,Fertilizer expenss,12170.0,31647195.85,14141296.0,0.03845522382988634,0.08606000468415342
2024-06,Vehicle POL M/C ALF 6829 Hassan Raz,12010.0,31647195.85,14141296.0,0.03794964981075882,0.08492856666036833
2024-06,Labour Expenses,12000.0,31647195.85,14141296.0,0.03791805143456335,0.08485785178388176
2024-06,Vehicle Repair-KWM-19-2868 Nazar Ai,11920.0,31647195.85,14141296.0,0.0376652644249996,0.08429213277198921
2024-06,Misc. Expenses-Selling,11540.0,31647195.85,14141296.0,0.03646452612957176,0.08160496746549963
2024-06,Misc. Expenses,11100.0,31647195.85,14141296.0,0.035074197576971104,0.07849351290009063
2024-06,Telephone Exp Fty PTCL,10930.0,31647195.85,14141296.0,0.03453702518164812,0.07729135999981897
2024-06,Labour charges-soyabean,10632.0,31647195.85,14141296.0,0.03359539357102313,0.07518405668051925
2024-06,Vehicle POL-KWM-17-7032 M.Khalid,10500.0,31647195.85,14141296.0,0.033178295005242935,0.07425062031089653
2024-06,Vehicle POL 2995 Aslam Sb.,9485.0,31647195.85,14141296.0,0.029971059821402787,0.06707306034750987
2024-06,Legal & Professional Charges,9280.0,31647195.85,14141296.0,0.02932329310939566,0.06562340537953523
2024-06,Vehicle POL KWN-17-4123 Naveed,9100.0,31647195.85,14141296.0,0.028754522337877213,0.06435053760277701
2024-06,Ploughing Expenses,8549.0,31647195.85,14141296.0,0.02701345180950684,0.0604541479083671
2024-06,Travelling & Conveyance Others,7852.0,31647195.85,14141296.0,0.02481104498868262,0.05552532101725329
2024-06,Labour Charge Raya,7807.0,31647195.85,14141296.0,0.02466885229580301,0.05520710407306374
2024-06,Vehicel R&M POL M/C Zakriya,7780.0,31647195.85,14141296.0,0.02458353668007524,0.05501617390655
2024-06,Vehicle POL KWK-20-8845 Shahid Sajj,7780.0,31647195.85,14141296.0,0.02458353668007524,0.05501617390655
2024-06,Vehicle R&M Repair 118,7700.0,31647195.85,14141296.0,0.024330749670511485,0.05445045489465746
2024-06,Vehicle R&M Repair 2260 Rizwan Sb.,7450.0,31647195.85,14141296.0,0.02354079026562475,0.05268258298249326
2024-06,Bank Charges,7254.0,31647195.85,14141296.0,0.022921462092193548,0.05129657140335652
2024-06,Labour charges-cotton(DAL),7235.0,31647195.85,14141296.0,0.022861425177422158,0.05116221313803204
2024-06,Pesticide expenses,6209.0,31647195.85,14141296.0,0.01961943177976699,0.043906866810510155
2024-06,Veh. Running & Maint.General,6000.0,31647195.85,14141296.0,0.018959025717281676,0.04242892589194088
2024-06,Vehicle POL KWM-17-4525 Haider Abba,6000.0,31647195.85,14141296.0,0.018959025717281676,0.04242892589194088
2024-06,Vehicle ALF-6829 Repair Hassan Raza,5630.0,31647195.85,14141296.0,0.01778988579804931,0.039812475461937856
2024-06,Vehicle POL 6793 Subhan Ali,5600.0,31647195.85,14141296.0,0.0176950906694629,0.03960033083247815
2024-06,labour charges sesame seed,5588.0,31647195.85,14141296.0,0.017657172618028336,0.03951547298069427
2024-06,Vehicle POL KWK-20-7778 Khaliq Dad,5400.0,31647195.85,14141296.0,0.01706312314555351,0.038186033302746794
2024-06,Freight-sesame seed,5200.0,31647195.85,14141296.0,0.01643115562164412,0.03677173577301543
2024-06,Entertainmetn-Mfg,5090.0,31647195.85,14141296.0,0.016083573483493957,0.035993872131663184
2024-06,Vehicle Repair LZH-5455,5000.0,31647195.85,14141296.0,0.015799188097734732,0.035357438243284064
2024-06,Vehicle R&M Repair 418(Akhtar),4850.0,31647195.85,14141296.0,0.015325212454802688,0.034296715095985544
2024-06,Vehicle Repair AGC-21-3251 Zakria,4760.0,31647195.85,14141296.0,0.015040827069043463,0.03366028120760643
2024-06,Entertainment,3660.0,31647195.85,14141296.0,0.011565005687541822,0.025881644794083936
2024-06,House Rent (Faisal Driver),3500.0,31647195.85,14141296.0,0.011059431668414312,0.02475020677029885
2024-06,Vehicle Repair AGC-21-3228 Rauf,3450.0,31647195.85,14141296.0,0.010901439787436965,0.024396632387866005
2024-06,Vehicle Repair KWM-19-3348 Zain Ul,3450.0,31647195.85,14141296.0,0.010901439787436965,0.024396632387866005
2024-06,Vehicle Repair KWK-20-8845 Shahid S,3430.0,31647195.85,14141296.0,0.010838243035046026,0.02425520263489287
2024-06,Telephone Expenses-Director,3330.0,31647195.85,14141296.0,0.01052225927309133,0.02354805387002719
2024-06,Vehicle Repair 6793 Subhan Ali,3250.0,31647195.85,14141296.0,0.010269472263527576,0.022982334858134643
2024-06,Vehicle POL AGB-6545 Faisal Driver,3000.0,31647195.85,14141296.0,0.009479512858640838,0.02121446294597044
2024-06,Labour charges-Misc.,2897.0,31647195.85,14141296.0,0.009154049583827503,0.02048609971815879
2024-06,Vehicle Repari KWM-17-2347 Mess,2800.0,31647195.85,14141296.0,0.00884754533473145,0.019800165416239076
2024-06,Vehicle Repair 2995 Aslam Sb.,2390.0,31647195.85,14141296.0,0.007552011910717201,0.016900855480289783
2024-06,Newspaper & Perodical,2245.0,31647195.85,14141296.0,0.0070938354558828945,0.015875489771234545
2024-06,Vehicle POL -17-2347 Mess Safdar,2100.0,31647195.85,14141296.0,0.006635659001048588,0.014850124062179308
2024-06,Telephone Exp Hassan Gardezi,2000.0,31647195.85,14141296.0,0.0063196752390938925,0.014142975297313627
2024-06,Vehicle Repair KWM-17-7032 M.Khalid,1910.0,31647195.85,14141296.0,0.006035289853334667,0.013506541408934513
2024-06,Telephone Exp Akhtar Ali,1800.0,31647195.85,14141296.0,0.005687707715184503,0.012728677767582264
2024-06,Telephone Exp Hassan Raza,1800.0,31647195.85,14141296.0,0.005687707715184503,0.012728677767582264
2024-06,Vehicle Repair KWM17-4525 Haider A,1780.0,31647195.85,14141296.0,0.005624510962793565,0.012587248014609129
2024-06,Purchase of Sulphor (Tiger Brand),1600.0,31647195.85,14141296.0,0.005055740191275113,0.011314380237850901
2024-06,Telephone Exp Aslam Sb,1600.0,31647195.85,14141296.0,0.005055740191275113,0.011314380237850901
2024-06,Telephone Exp Zafar Iqbal,1580.0,31647195.85,14141296.0,0.004992543438884175,0.011172950484877766
2024-06,Freight & octroi-packing material,1530.0,31647195.85,14141296.0,0.004834551557906828,0.010819376102444924
2024-06,Freight & Octroi-SSg,1500.0,31647195.85,14141296.0,0.004739756429320419,0.01060723147298522
2024-06,Telephone Exp Zakria,1500.0,31647195.85,14141296.0,0.004739756429320419,0.01060723147298522
2024-06,Vegetable Seed,1500.0,31647195.85,14141296.0,0.004739756429320419,0.01060723147298522
2024-06,Postal & Courier Charges,1440.0,31647195.85,14141296.0,0.004550166172147602,0.01018294221406581
2024-06,Telephone Exp Abdul Rauf,1300.0,31647195.85,14141296.0,0.00410778890541103,0.009192933943253857
2024-06,Telephone Exp Khaliq Dad,1200.0,31647195.85,14141296.0,0.0037918051434563354,0.008485785178388175
2024-06,Telephone Exp Naveed,1150.0,31647195.85,14141296.0,0.0036338132624789883,0.008132210795955335
2024-06,Telephone Exp M.Khalid,1100.0,31647195.85,14141296.0,0.0034758213815016406,0.007778636413522494
2024-06,Printing & Stationery H.O,1000.0,31647195.85,14141296.0,0.0031598376195469463,0.007071487648656814
2024-06,Telephone Exp Haider Abbas,1000.0,31647195.85,14141296.0,0.0031598376195469463,0.007071487648656814
2024-06,Telephone Exp Haifz Ghulam Qadir,1000.0,31647195.85,14141296.0,0.0031598376195469463,0.007071487648656814
2024-06,Misc expenses,700.0,31647195.85,14141296.0,0.0022118863336828623,0.004950041354059769
2024-06,Telephone Exp Farid,700.0,31647195.85,14141296.0,0.0022118863336828623,0.004950041354059769
2024-06,Telephone Exp Kafitullah,700.0,31647195.85,14141296.0,0.0022118863336828623,0.004950041354059769
2024-06,R&M Tractor],600.0,31647195.85,14141296.0,0.0018959025717281677,0.0042428925891940875
2024-06,Vehicle Repair KWN-17-4123 Naveed,590.0,31647195.85,14141296.0,0.0018643041955326983,0.00417217771270752
2024-06,Telephone Exp Subhan Ali,550.0,31647195.85,14141296.0,0.0017379106907508203,0.003889318206761247
2024-06,Repair & Maint. Office Equipment,400.0,31647195.85,14141296.0,0.0012639350478187783,0.0028285950594627253
2024-06,Misc Exp,200.0,31647195.85,14141296.0,0.0006319675239093892,0.0014142975297313626
2024-06,Farm Income (39/10-R),-5600.0,31647195.85,14141296.0,-0.0176950906694629,-0.03960033083247815
2024-06,Electricity,-18667.0,31647195.85,14141296.0,-0.05898468884408285,-0.13200345993747672
2024-06,Processing charges of Bajra seed,-48348.0,31647195.85,14141296.0,-0.15277182922985574,-0.34189228483725964
2024-06,Processing charges-paddy,-251932.0,31647195.85,14141296.0,-0.7960642111677012,-1.7815340263014081
2024-06,Other Income,-393801.26,31647195.85,14141296.0,-1.2443480359729882,-2.7847607461154906
2024-07,Purchase of R.M.Okra,1343700.0,7478186.0,45177027.0,17.968261286894975,2.9742993048214528
2024-07,Salary & Wages-Production staff,898240.0,7478186.0,45177027.0,12.011469091568463,1.9882671783603645
2024-07,Ploughing expenses,750000.0,7478186.0,45177027.0,10.029170175761875,1.660135803093019
2024-07,Labour charges-Misc,510122.0,7478186.0,45177027.0,6.8214671312,1.129162394860556
2024-07,Salaries & Wages,480450.0,7478186.0,45177027.0,6.424686414593057,1.063482995461388
2024-07,Purchase of Kappas,443235.0,7478186.0,45177027.0,5.927038990471754,0.9811070569119124
2024-07,Purchase of Raw Material (Paddy),425938.0,7478186.0,45177027.0,5.695739581764882,0.9428198982637791
2024-07,Salaries & Wages (Factory),321450.0,7478186.0,45177027.0,4.2985023373315405,0.7115342052056679
2024-07,Labour charges-corn(DAL),231322.0,7478186.0,45177027.0,3.0932902711967847,0.5120345789907778
2024-07,Freight & octroi-corn seed,223900.0,7478186.0,45177027.0,2.994041603137445,0.49560587508336923
2024-07,Vehicle R&M Repair 9700,193300.0,7478186.0,45177027.0,2.584851459966361,0.4278723343171741
2024-07,Vehicle 2.OD POL 4382 Dr. Anwar Sb.,148470.0,7478186.0,45177027.0,1.985374527993821,0.3286404835802941
2024-07,Labour charges(Daily Marketing staf,102440.0,7478186.0,45177027.0,1.369850923740062,0.22675241555846515
2024-07,Pesticide Expenses,98000.0,7478186.0,45177027.0,1.3104782362995517,0.21692441160415446
2024-07,Freight & Octroi Paddy,90900.0,7478186.0,45177027.0,1.2155354253023394,0.2012084593348739
2024-07,Vehicle Repair LZH-5455,87650.0,7478186.0,45177027.0,1.172075687874038,0.19401453752147083
2024-07,Lease expenses,70000.0,7478186.0,45177027.0,0.9360558830711084,0.15494600828868177
2024-07,Packing Material Consumed,66200.0,7478186.0,45177027.0,0.8852414208472482,0.14653465355301049
2024-07,Advertisement Expenses-selling,62039.0,7478186.0,45177027.0,0.8295995847121214,0.13732422011745038
2024-07,Ploughing expenses-fty,62000.0,7478186.0,45177027.0,0.8290780678629817,0.13723789305568956
2024-07,Vehicle R&M POL 118,53634.0,7478186.0,45177027.0,0.7172060176090833,0.11871963155078798
2024-07,Vehicle POL LEH-7012 Hassan Shah,53501.0,7478186.0,45177027.0,0.7154275114312482,0.11842523413503948
2024-07,Tag & Sticker Expenses,51750.0,7478186.0,45177027.0,0.6920127421275695,0.11454937041341831
2024-07,Vehicle 2.OD Repair 4382 Dr.Sb,48580.0,7478186.0,45177027.0,0.6496227828513492,0.10753252975234515
2024-07,Repair & Maintenance Electrical,45330.0,7478186.0,45177027.0,0.6061630454230478,0.10033860793894206
2024-07,Vehicle Repair LEH-7012 Hassan Shah,44570.0,7478186.0,45177027.0,0.5960001529782757,0.09865633699180781
2024-07,Salary & wages,44000.0,7478186.0,45177027.0,0.5883779836446967,0.0973946337814571
2024-07,Vehicle POL LZH-5455,44000.0,7478186.0,45177027.0,0.5883779836446967,0.0973946337814571
2024-07,Printing & Stationery  (Factory),42450.0,7478186.0,45177027.0,0.5676510319481222,0.09396368645506487
2024-07,Labour charges,41570.0,7478186.0,45177027.0,0.5558834722752283,0.09201579377943572
2024-07,Micronutrient expenses,40000.0,7478186.0,45177027.0,0.5348890760406334,0.088540576164961
2024-07,"Rent, Rates & Taxes",40000.0,7478186.0,45177027.0,0.5348890760406334,0.088540576164961
2024-07,Sales Promotion Expenses,38900.0,7478186.0,45177027.0,0.520179626449516,0.08610571032042459
2024-07,Ploughing expenss,33600.0,7478186.0,45177027.0,0.449306823874132,0.07437408397856725
2024-07,Vehicle R&M POL 6677 Sohail Sb,32000.0,7478186.0,45177027.0,0.42791126083250675,0.07083246093196881
2024-07,Entertainment  (Factory),31985.0,7478186.0,45177027.0,0.42771067742899144,0.07079925821590695
2024-07,Vehicle R&M POL 2260 Rizwan Sb.,30000.0,7478186.0,45177027.0,0.401166807030475,0.06640543212372076
2024-07,Irrigation Expenses,28499.0,7478186.0,45177027.0,0.38109509445205025,0.0630829470031306
2024-07,Annual Listinf Feee(KSE & LSE),26500.0,7478186.0,45177027.0,0.3543640128769196,0.058658131709286666
2024-07,Telephone & Telex Charges (H.O),24720.0,7478186.0,45177027.0,0.33056144899311146,0.0547180760699459
2024-07,Vehicle POL LEE-17-7430 Hafiz Qadir,23500.0,7478186.0,45177027.0,0.3142473321738721,0.05201758849691459
2024-07,House Rent (G.M.),23000.0,7478186.0,45177027.0,0.30756121872336417,0.050910831294852577
2024-07,E.O.B.I Factory,22200.0,7478186.0,45177027.0,0.29686343720255154,0.04914001977155336
2024-07,EOBI Staff,22200.0,7478186.0,45177027.0,0.29686343720255154,0.04914001977155336
2024-07,Vehicle POL 2995 Aslam Sb.,19410.0,7478186.0,45177027.0,0.25955492414871734,0.04296431458404733
2024-07,Travelling & Conveyance Others,18700.0,7478186.0,45177027.0,0.2500606430489961,0.04139271935711927
2024-07,Social security,17742.0,7478186.0,45177027.0,0.23725004967782293,0.03927217255796846
2024-07,Labour charges-Okra,17592.0,7478186.0,45177027.0,0.23524421564267056,0.03894014539734986
2024-07,Purchase of Sulphor (Tiger Brand),16450.0,7478186.0,45177027.0,0.2199731325217105,0.03641231194784022
2024-07,Travelling & Conveyance H.O.,16384.0,7478186.0,45177027.0,0.21909056554624343,0.03626621999716803
2024-07,Vehicle R&M POL 371 (FRK),15913.0,7478186.0,45177027.0,0.212792246675865,0.03522365471282561
2024-07,Consultency charges-ISO,15390.0,7478186.0,45177027.0,0.20579857200663368,0.03406598667946875
2024-07,Repair & Renovation HO,14000.0,7478186.0,45177027.0,0.18721117661422168,0.030989201657736352
2024-07,Social Security,13320.0,7478186.0,45177027.0,0.17811806232153093,0.02948401186293202
2024-07,Social Security                 (G),13320.0,7478186.0,45177027.0,0.17811806232153093,0.02948401186293202
2024-07,R&M Generator (HO),12855.0,7478186.0,45177027.0,0.17189997681255856,0.028454727665014345
2024-07,Canteen Expenses,12110.0,7478186.0,45177027.0,0.16193766777130175,0.026805659433941944
2024-07,Repair & Maint. Plant & Machinery,11770.0,7478186.0,45177027.0,0.15739111062495637,0.026053064536539775
2024-07,Labortary Expenses,11700.0,7478186.0,45177027.0,0.15645505474188526,0.025898118528251093
2024-07,Vehicle POL KWM-2868 Nazar Ali,11700.0,7478186.0,45177027.0,0.15645505474188526,0.025898118528251093
2024-07,Misc. Expenses-Selling,11470.0,7478186.0,45177027.0,0.15337944255465163,0.025389010215302567
2024-07,Staff Welfare  (Factory),11376.0,7478186.0,45177027.0,0.15212245322595613,0.025180939861314915
2024-07,Vehicle R&M Repair 2260 Rizwan Sb.,10450.0,7478186.0,45177027.0,0.13973977111561547,0.023131225523096065
2024-07,Misc. Expenses,9600.0,7478186.0,45177027.0,0.128373378249752,0.021249738279590643
2024-07,Legal & Professional Charges,9280.0,7478186.0,45177027.0,0.12409426564142693,0.020541413670270955
2024-07,E.O.B.I,9250.0,7478186.0,45177027.0,0.12369309883439647,0.020475008238147234
2024-07,Entertainment (H.O),8915.0,7478186.0,45177027.0,0.11921340282255617,0.019733480912765684
2024-07,Freight & Octori-cotton seed,8500.0,7478186.0,45177027.0,0.11366392865863459,0.018814872435054215
2024-07,Freight & octroi-packing material,8230.0,7478186.0,45177027.0,0.11005342739536031,0.018217223545940728
2024-07,Labour charges(DAL)Pddy,8113.0,7478186.0,45177027.0,0.10848887684794147,0.017958242360658218
2024-07,Purchases of Pak Afgoi(Corn),8064.0,7478186.0,45177027.0,0.1078336377297917,0.01784978015485614
2024-07,Vehicle Repair 6793 Aslam Shakir,6550.0,7478186.0,45177027.0,0.08758808620165372,0.014498519347012366
2024-07,Germination Claim,6500.0,7478186.0,45177027.0,0.08691947485660292,0.014387843626806163
2024-07,Vehicle POL 6793 Subhan Ali,6280.0,7478186.0,45177027.0,0.08397758493837944,0.013900870457898878
2024-07,Freight & Octroi-chemicals,6100.0,7478186.0,45177027.0,0.0815705840961966,0.013502437865156553
2024-07,Vehicle POL M/C ALF 6829 Hassan Raz,6010.0,7478186.0,45177027.0,0.08036708367510516,0.01330322156878539
2024-07,Misc.Expenses-HO,5550.0,7478186.0,45177027.0,0.07421585930063788,0.01228500494288834
2024-07,Vehicle POL KWM-19-3348 Zain Ul Abi,5500.0,7478186.0,45177027.0,0.07354724795558709,0.012174329222682138
2024-07,Vehicle Repair 2995 Aslam Sb.,5100.0,7478186.0,45177027.0,0.06819835719518076,0.01128892346103253
2024-07,Fee & Subscription,5000.0,7478186.0,45177027.0,0.06686113450507918,0.011067572020620125
2024-07,Vehicle POL 6793   Aslam Shakir,5000.0,7478186.0,45177027.0,0.06686113450507918,0.011067572020620125
2024-07,Postal & Courier Charges,4465.0,7478186.0,45177027.0,0.059706993113035706,0.009883341814413773
2024-07,Vehicle Repari AGB-6545 Faisal Driv,4410.0,7478186.0,45177027.0,0.05897152063347983,0.009761598522186951
2024-07,Printing & Stationery H.O,4200.0,7478186.0,45177027.0,0.0561633529842665,0.009296760497320906
2024-07,Irrigation expenss,4050.0,7478186.0,45177027.0,0.05415751894911413,0.008964733336702302
2024-07,Freight-sesame seed,4000.0,7478186.0,45177027.0,0.05348890760406334,0.008854057616496101
2024-07,Vehicle POL KWM-17-4525 Haider Abba,4000.0,7478186.0,45177027.0,0.05348890760406334,0.008854057616496101
2024-07,Purchase of wheat seed,3810.0,7478186.0,45177027.0,0.05094818449287033,0.008433489879712536
2024-07,labour charges-paddy,3600.0,7478186.0,45177027.0,0.048140016843657,0.00796865185484649
2024-07,Labour charges-SSG,3550.0,7478186.0,45177027.0,0.04747140549860621,0.00785797613464029
2024-07,Labour charges-wheat,3550.0,7478186.0,45177027.0,0.04747140549860621,0.00785797613464029
2024-07,House Rent (Faisal Driver),3500.0,7478186.0,45177027.0,0.04680279415355542,0.007747300414434088
2024-07,Bank Charges,3240.0,7478186.0,45177027.0,0.043326015159291305,0.007171786669361842
2024-07,Vehicle POL -17-2347 Mess Safdar,3000.0,7478186.0,45177027.0,0.040116680703047504,0.006640543212372075
2024-07,Vehicle POL AGB-6545 Faisal Driver,3000.0,7478186.0,45177027.0,0.040116680703047504,0.006640543212372075
2024-07,Vehicle POL-KWM-17-7032 M.Khalid,3000.0,7478186.0,45177027.0,0.040116680703047504,0.006640543212372075
2024-07,Vehicle RepairLEE-17-7430 Haifz Qad,3000.0,7478186.0,45177027.0,0.040116680703047504,0.006640543212372075
2024-07,labour charges-cotton,2850.0,7478186.0,45177027.0,0.03811084666789513,0.006308516051753472
2024-07,Electricity,2516.0,7478186.0,45177027.0,0.03364452288295584,0.005569202240776048
2024-07,Postal & Courier charges HO,2290.0,7478186.0,45177027.0,0.03062239960332626,0.005068947985444017
2024-07,Labour charges-soyabean,2250.0,7478186.0,45177027.0,0.030087510527285626,0.004980407409279057
2024-07,Vehicle Repair KWM-19-3348 Zain Ul,2230.0,7478186.0,45177027.0,0.02982006598926531,0.004936137121196576
2024-07,Social security-staff,2220.0,7478186.0,45177027.0,0.02968634372025515,0.004914001977155336
2024-07,Vehicle Running & Maint.Gen(Factor,2140.0,7478186.0,45177027.0,0.028616565568173883,0.004736920824825414
2024-07,labour charges-wheat(DAL),2020.0,7478186.0,45177027.0,0.027011898340051983,0.004471299096330531
2024-07,Telephone Exp-Rizwan Sb,2000.0,7478186.0,45177027.0,0.02674445380203167,0.0044270288082480505
2024-07,Vehicle Repair KWM17-4525 Haider A,1860.0,7478186.0,45177027.0,0.02487234203588945,0.004117136791670687
2024-07,Vehicle Repair-KWM-19-2868 Nazar Ai,1850.0,7478186.0,45177027.0,0.024738619766879296,0.004095001647629447
2024-07,Vehicle ALF-6829 Repair Hassan Raza,1740.0,7478186.0,45177027.0,0.02326767480776755,0.003851515063175804
2024-07,Telephone & Telex  (Factory),1600.0,7478186.0,45177027.0,0.021395563041625335,0.0035416230465984406
2024-07,Telephone Exp Aslam Sb,1600.0,7478186.0,45177027.0,0.021395563041625335,0.0035416230465984406
2024-07,Telephone Expenses-Director,1600.0,7478186.0,45177027.0,0.021395563041625335,0.0035416230465984406
2024-07,Vehicle Repair KWN-17-4123 Naveed,1570.0,7478186.0,45177027.0,0.02099439623459486,0.0034752176144747194
2024-07,Labour Charges Tomato,1500.0,7478186.0,45177027.0,0.020058340351523752,0.0033202716061860376
2024-07,Telephone Exp Zakria,1500.0,7478186.0,45177027.0,0.020058340351523752,0.0033202716061860376
2024-07,Vehicel R&M POL M/C Zakriya,1500.0,7478186.0,45177027.0,0.020058340351523752,0.0033202716061860376
2024-07,Education Cess,1490.0,7478186.0,45177027.0,0.019924618082513595,0.003298136462144798
2024-07,Entertainmetn-Mfg,1460.0,7478186.0,45177027.0,0.01952345127548312,0.0032317310300210766
2024-07,Labour charges-cotton(DAL),1328.0,7478186.0,45177027.0,0.01775831732454903,0.0029395471286767054
2024-07,Vehicle Repair 6793 Subhan Ali,1250.0,7478186.0,45177027.0,0.016715283626269794,0.0027668930051550312
2024-07,Telephone Exp Naveed,1200.0,7478186.0,45177027.0,0.016046672281219,0.0026562172849488304
2024-07,Misc.Expenses,1010.0,7478186.0,45177027.0,0.013505949170025991,0.0022356495481652655
2024-07,Telephone Exp Haider Abbas,1000.0,7478186.0,45177027.0,0.013372226901015836,0.0022135144041240252
2024-07,Telephone Exp Haifz Ghulam Qadir,1000.0,7478186.0,45177027.0,0.013372226901015836,0.0022135144041240252
2024-07,Telephone Exp Hassan Gardezi,1000.0,7478186.0,45177027.0,0.013372226901015836,0.0022135144041240252
2024-07,Freight & Oct. General,800.0,7478186.0,45177027.0,0.010697781520812667,0.0017708115232992203
2024-07,Misc expenses,800.0,7478186.0,45177027.0,0.010697781520812667,0.0017708115232992203
2024-07,Telephone Exp Nazar Ali,800.0,7478186.0,45177027.0,0.010697781520812667,0.0017708115232992203
2024-07,Repair & Maint. Office Equipment,750.0,7478186.0,45177027.0,0.010029170175761876,0.0016601358030930188
2024-07,Telephone Exp Farid,700.0,7478186.0,45177027.0,0.009360558830711085,0.0015494600828868175
2024-07,Telephone Exp Kafitullah,700.0,7478186.0,45177027.0,0.009360558830711085,0.0015494600828868175
2024-07,Telephone Exp Subhan Ali,650.0,7478186.0,45177027.0,0.008691947485660293,0.0014387843626806165
2024-07,Labour charges-bursum,549.0,7478186.0,45177027.0,0.007341352568657694,0.00121521940786409
2024-07,Telephone Exp M.Khalid,400.0,7478186.0,45177027.0,0.005348890760406334,0.0008854057616496102
2024-07,Vehicle R&M Repair 118,300.0,7478186.0,45177027.0,0.00401166807030475,0.0006640543212372076
2024-07,Telephone Exp Zafar Iqbal,260.0,7478186.0,45177027.0,0.0034767789942641166,0.0005755137450722466
2024-07,Vehicle Repair KWM-17-7032 M.Khalid,150.0,7478186.0,45177027.0,0.002005834035152375,0.0003320271606186038
2024-07,Electricity Expenses Bedian,-28098.0,7478186.0,45177027.0,-0.3757328314647429,-0.06219532772707686
2024-07,Processing charges-corn seed,-92640.0,7478186.0,45177027.0,-1.238803100110107,-0.2050599743980497
2024-07,Other Income,-408923.0,7478186.0,45177027.0,-5.4682111410440974,-0.9051569506776087
2024-08,Salary & Wages-Production staff,898240.0,9036170.0,41782002.0,9.940494700741576,2.149825180708191
2024-08,Salaries & Wages (H.O),629755.0,9036170.0,41782002.0,6.9692690597897125,1.5072398876434883
2024-08,Salaries & Wages,610450.0,9036170.0,41782002.0,6.755627660834181,1.4610357828234273
2024-08,Labour charges-Misc,534503.0,9036170.0,41782002.0,5.915149892044971,1.279266129947531
2024-08,Electricity Charges,512910.0,9036170.0,41782002.0,5.676188030991006,1.227585983074722
2024-08,Salary & Wages,465825.0,9036170.0,41782002.0,5.155115496941735,1.1148939201142156
2024-08,Purchase of Sunflower,455000.0,9036170.0,41782002.0,5.0353191673020765,1.088985635489654
2024-08,Directors Remuneration,420000.0,9036170.0,41782002.0,4.647986923663455,1.0052175096827578
2024-08,Salaries & Wages (Factory),321450.0,9036170.0,41782002.0,3.557369991932423,0.7693504011607678
2024-08,Labour charges-corn(DAL),305254.0,9036170.0,41782002.0,3.378134762847534,0.7305872992873822
2024-08,Labour Charges,293192.0,9036170.0,41782002.0,3.244649005054132,0.7017184097593026
2024-08,Freight & octroi-corn seed,238000.0,9036170.0,41782002.0,2.633859256742624,0.569623255486896
2024-08,Fee & Subscription,213565.0,9036170.0,41782002.0,2.363446017505204,0.511141136798567
2024-08,Labour charges(Daily Marketing staf,207440.0,9036170.0,41782002.0,2.2956628748684453,0.49648171478236014
2024-08,Labour charges,180489.0,9036170.0,41782002.0,1.9974059806311746,0.43197786453602677
2024-08,Vehicle 2.OD POL 4382 Dr. Anwar Sb.,145420.0,9036170.0,41782002.0,1.6093101391408084,0.34804459585253955
2024-08,Pesticide Expenses,125000.0,9036170.0,41782002.0,1.3833294415665043,0.29917187788177313
2024-08,Electricity,111078.0,9036170.0,41782002.0,1.2292597416825934,0.26585131081081276
2024-08,Vehicle R&M POL 2260 Rizwan Sb.,101610.0,9036170.0,41782002.0,1.12448083646058,0.24319083609253572
2024-08,Advertisement Expenses-selling,98700.0,9036170.0,41782002.0,1.0922769270609118,0.23622611477544805
2024-08,Travelling & Conveyance Others,86830.0,9036170.0,41782002.0,0.9609159632897567,0.20781675325179488
2024-08,Vehicle R&M Repair 2260 Rizwan Sb.,83550.0,9036170.0,41782002.0,0.9246173987430516,0.19996648317617713
2024-08,Entertainment  (Factory),79813.0,9036170.0,41782002.0,0.8832613817579793,0.19102244071502367
2024-08,Ploughing expenss,79500.0,9036170.0,41782002.0,0.8797975248362968,0.1902733143328077
2024-08,Discount of Paddy,72550.0,9036170.0,41782002.0,0.8028844078851991,0.17363935792258112
2024-08,Canteen Expenses,72105.0,9036170.0,41782002.0,0.7979597550732224,0.172574306037322
2024-08,Lease expenses,70000.0,9036170.0,41782002.0,0.7746644872772425,0.16753625161379293
2024-08,Vehicle Repair LZH-5455,69000.0,9036170.0,41782002.0,0.7635978517447104,0.16514287659073876
2024-08,Ploughing expenses-fty,62000.0,9036170.0,41782002.0,0.6861314030169862,0.14838925142935946
2024-08,Sales Promotion Expenses,58185.0,9036170.0,41782002.0,0.6439121884603765,0.13925852571640776
2024-08,Electricity Charges (H.O),53788.0,9036170.0,41782002.0,0.5952521920238332,0.12873485574003848
2024-08,Vehicle Repair LEH-7012 Hassan Shah,51970.0,9036170.0,41782002.0,0.5751330486256898,0.12438369994812598
2024-08,Repair & Maint. Plant & Machinery,46760.0,9036170.0,41782002.0,0.517475877501198,0.11191421607801369
2024-08,Vehicle R&M POL 118,45969.0,9036170.0,41782002.0,0.5087221687949651,0.11002105643477783
2024-08,Salary & wages,44000.0,9036170.0,41782002.0,0.48693196343140954,0.10530850101438413
2024-08,Vehicle R&M Pol 418 (Akhtar),40828.0,9036170.0,41782002.0,0.45182859552221794,0.09771671544125625
2024-08,Vehicle POL LEH-7012 Hassan Shah,40110.0,9036170.0,41782002.0,0.44388275120985987,0.09599827217470336
2024-08,Micronutrient expenses,40000.0,9036170.0,41782002.0,0.44266542130128145,0.0957350009221674
2024-08,Vehicle 2.OD Repair 4382 Dr.Sb,39900.0,9036170.0,41782002.0,0.44155875774802816,0.09549566341986199
2024-08,Vehicle POL LZH-5455,38000.0,9036170.0,41782002.0,0.4205321502362173,0.09094825087605903
2024-08,Packing Material Consumed,32960.0,9036170.0,41782002.0,0.3647563071522559,0.07888564075986594
2024-08,Vehicle R&M POL 9700 Zafar Iqbal,31150.0,9036170.0,41782002.0,0.3447256968383729,0.07455363196813786
2024-08,Vehicle POL LEE-17-7430 Hafiz Qadir,29040.0,9036170.0,41782002.0,0.3213750958647303,0.06950361066949354
2024-08,Tag & Sticker Expenses,28800.0,9036170.0,41782002.0,0.3187191033369226,0.06892920066396054
2024-08,Hybrid Testing Fee,27400.0,9036170.0,41782002.0,0.30322581359137774,0.06557847563168467
2024-08,Seasonal Disc.Corn(Mosmi)July-Dec,27000.0,9036170.0,41782002.0,0.298799159378365,0.06462112562246299
2024-08,Vehicle R&M POL 6677 Sohail Sb,26000.0,9036170.0,41782002.0,0.2877325238458329,0.062227750599408806
2024-08,Telephone & Telex Charges (H.O),25960.0,9036170.0,41782002.0,0.28728985842453164,0.062132015598486634
2024-08,Freight & Octroi,25500.0,9036170.0,41782002.0,0.2821992060795669,0.06103106308788171
2024-08,House Rent (G.M.),23000.0,9036170.0,41782002.0,0.2545326172482368,0.055047625530246246
2024-08,Ginning charges-kappas,22980.0,9036170.0,41782002.0,0.25431128453758617,0.05499975802978516
2024-08,Vehicle POL 2995 Aslam Sb.,22870.0,9036170.0,41782002.0,0.25309395462900763,0.0547364867772492
2024-08,E.O.B.I Factory,22200.0,9036170.0,41782002.0,0.2456793088222112,0.0531329255118029
2024-08,EOBI Staff,22200.0,9036170.0,41782002.0,0.2456793088222112,0.0531329255118029
2024-08,Entertainment (H.O),20871.0,9036170.0,41782002.0,0.2309717501994761,0.04995213010616389
2024-08,Electricity Expenses Bedian,20449.0,9036170.0,41782002.0,0.22630163000474757,0.04894212584643503
2024-08,Misc expenses,19800.0,9036170.0,41782002.0,0.2191193835441343,0.04738882545647286
2024-08,Labour charges(DAL)Pddy,19260.0,9036170.0,41782002.0,0.213143400356567,0.046096402944023604
2024-08,Vehicle Running & Maint. (H.O),19166.0,9036170.0,41782002.0,0.21210313661650898,0.04587142569185651
2024-08,Printing & Stationery  (Factory),19080.0,9036170.0,41782002.0,0.21115140596071122,0.04566559543987385
2024-08,Social security,17760.0,9036170.0,41782002.0,0.19654344705776894,0.042506340409442324
2024-08,Misc. Expenses,17635.0,9036170.0,41782002.0,0.19516011761620244,0.042207168531560556
2024-08,labour charges-cotton,16240.0,9036170.0,41782002.0,0.17972216104832026,0.03886841037439996
2024-08,Vehicle POL AGC-21-3228 Abdul Rauf,16200.0,9036170.0,41782002.0,0.17927949562701898,0.0387726753734778
2024-08,Vehicle POL 6793   Aslam Shakir,16000.0,9036170.0,41782002.0,0.17706616852051257,0.03829400036886696
2024-08,Germination Claim,15700.0,9036170.0,41782002.0,0.17374617786075297,0.0375759878619507
2024-08,Printing & Stationery H.O,14250.0,9036170.0,41782002.0,0.15769955633858151,0.034105594078522136
2024-08,R&M Generator (HO),14000.0,9036170.0,41782002.0,0.15493289745544847,0.03350725032275859
2024-08,Repair & Renovation HO,13655.0,9036170.0,41782002.0,0.15111490819672493,0.0326815359398049
2024-08,Social Security,13320.0,9036170.0,41782002.0,0.1474075852933267,0.031879755307081745
2024-08,Social Security                 (G),13320.0,9036170.0,41782002.0,0.1474075852933267,0.031879755307081745
2024-08,Labour charges-Okra,13259.0,9036170.0,41782002.0,0.14673252052584224,0.03173375943067543
2024-08,Vehicle RepairLEE-17-7430 Haifz Qad,12210.0,9036170.0,41782002.0,0.13512361985221613,0.029223109031491598
2024-08,Misc. Expenses-Selling,12070.0,9036170.0,41782002.0,0.13357429087766168,0.02888803652826401
2024-08,Vehicle POL KWM-17-4525 Haider Abba,12000.0,9036170.0,41782002.0,0.13279962639038442,0.02872050027665022
2024-08,Irrigation Expenses,11900.0,9036170.0,41782002.0,0.13169296283713122,0.028481162774344797
2024-08,Freight & Octroi Paddy,11500.0,9036170.0,41782002.0,0.1272663086241184,0.027523812765123123
2024-08,Vehicle POL KWM-2868 Nazar Ali,11400.0,9036170.0,41782002.0,0.12615964507086522,0.027284475262817708
2024-08,Legal & Professional Charges,10440.0,9036170.0,41782002.0,0.11553567495963443,0.02498683524068569
2024-08,Consultency charges-ISO,9950.0,9036170.0,41782002.0,0.11011302354869375,0.02381408147938914
2024-08,E.O.B.I,9250.0,9036170.0,41782002.0,0.10236637867592133,0.02213871896325121
2024-08,Vehicle POL KWN-17-4123 Naveed,9000.0,9036170.0,41782002.0,0.09959971979278832,0.021540375207487663
2024-08,Labortary Expenses,8810.0,9036170.0,41782002.0,0.09749705904160723,0.021085633953107367
2024-08,Vehicle R&M Repair 418(Akhtar),8100.0,9036170.0,41782002.0,0.08963974781350949,0.0193863376867389
2024-08,Freight & Octroi-chemicals,7750.0,9036170.0,41782002.0,0.08576642537712327,0.018548656428669933
2024-08,Vehicle POL 6793 Subhan Ali,7410.0,9036170.0,41782002.0,0.08200376929606237,0.01773490892083151
2024-08,Telephone Exp Fty PTCL,7050.0,9036170.0,41782002.0,0.07801978050435085,0.016873293912532006
2024-08,Repair & Maint,6815.0,9036170.0,41782002.0,0.07541912115420582,0.01631085078211427
2024-08,Staff Welfare  (Factory),6795.0,9036170.0,41782002.0,0.07519778844355518,0.01626298328165319
2024-08,Vehicle R&M Repair 118,6200.0,9036170.0,41782002.0,0.06861314030169861,0.014838925142935947
2024-08,Vehicle POL-KWM-17-7032 M.Khalid,6000.0,9036170.0,41782002.0,0.06639981319519221,0.01436025013832511
2024-08,Vehicle POL KWK-20-8845 Shahid Sajj,5790.0,9036170.0,41782002.0,0.06407581973336048,0.013857641383483731
2024-08,Vehicle POL KWK-20-7778 Khaliq Dad,5430.0,9036170.0,41782002.0,0.060091830941648945,0.012996026375184223
2024-08,Vehicle POL M/C ALF 6829 Hassan Raz,5310.0,9036170.0,41782002.0,0.05876383467774511,0.012708821372417722
2024-08,Misc.Expenses-HO,5150.0,9036170.0,41782002.0,0.05699317299253998,0.012325881368729051
2024-08,Postal & Courier charges HO,5140.0,9036170.0,41782002.0,0.05688250663721466,0.012301947618498512
2024-08,Postal & Courier Charges,4951.0,9036170.0,41782002.0,0.05479091252156611,0.01184959973914127
2024-08,Telephone Expenses-Director,4930.0,9036170.0,41782002.0,0.05455851317538293,0.011799338863657131
2024-08,Vehicle Repair AGC-21-3228 Rauf,4860.0,9036170.0,41782002.0,0.053783848688105686,0.01163180261204334
2024-08,Travelling & Conveyance-Selling,4410.0,9036170.0,41782002.0,0.048803862698466274,0.010554783851668956
2024-08,Vehicle Repair 2995 Aslam Sb.,4150.0,9036170.0,41782002.0,0.045926537460007945,0.009932506345674868
2024-08,Purchase of wheat seed,4117.0,9036170.0,41782002.0,0.04556133848743439,0.009853524969914079
2024-08,labour charges-paddy,3940.0,9036170.0,41782002.0,0.043602543998176216,0.009429897590833488
2024-08,Entertainmetn-Mfg,3810.0,9036170.0,41782002.0,0.042163881378947055,0.009118758837836444
2024-08,Repair & Maintenance Electrical,3525.0,9036170.0,41782002.0,0.039009890252175425,0.008436646956266003
2024-08,Vehicle Running & Maint.Gen(Factor,3504.0,9036170.0,41782002.0,0.03877749090599225,0.008386386080781865
2024-08,House Rent (Faisal Driver),3500.0,9036170.0,41782002.0,0.03873322436386212,0.008376812580689648
2024-08,Repair & Maint. Office Equipment,3350.0,9036170.0,41782002.0,0.037073229033982316,0.008017806327231519
2024-08,Vehicle RepairKWK-20-7778 Khaliq Da,3350.0,9036170.0,41782002.0,0.037073229033982316,0.008017806327231519
2024-08,Vehicle Repair KWM17-4525 Haider A,3190.0,9036170.0,41782002.0,0.035302567348777195,0.00763486632354285
2024-08,labour charges sesame seed,3150.0,9036170.0,41782002.0,0.03485990192747591,0.007539131322620682
2024-08,Telephone & Telex  (Factory),3050.0,9036170.0,41782002.0,0.033753238374222706,0.007299793820315264
2024-08,Vehicle POL AGB-6545 Faisal Driver,3000.0,9036170.0,41782002.0,0.033199906597596106,0.007180125069162555
2024-08,Vehicle Repair AGC-21-3251 Zakria,2950.0,9036170.0,41782002.0,0.032646574820969505,0.0070604563180098456
2024-08,Ploughing Expenses,2887.0,9036170.0,41782002.0,0.031949376782419985,0.006909673691557432
2024-08,Vehicle POL -17-2347 Mess Safdar,2850.0,9036170.0,41782002.0,0.031539911267716304,0.006821118815704427
2024-08,Telephone expenses-Sohail sb,2300.0,9036170.0,41782002.0,0.02545326172482368,0.005504762553024625
2024-08,Vehicle Repair-KWM-19-2868 Nazar Ai,2250.0,9036170.0,41782002.0,0.02489992994819708,0.005385093801871916
2024-08,Labour charges-cotton(DAL),2230.0,9036170.0,41782002.0,0.02467859723754644,0.0053372263014108325
2024-08,Social security-staff,2220.0,9036170.0,41782002.0,0.024567930882221117,0.0053132925511802905
2024-08,Entertainment,1860.0,9036170.0,41782002.0,0.020583942090509587,0.004451677542880784
2024-08,Telephone Exp Hassan Raza,1800.0,9036170.0,41782002.0,0.019919943958557663,0.0043080750414975335
2024-08,Telephone Exp-Rizwan Sb,1800.0,9036170.0,41782002.0,0.019919943958557663,0.0043080750414975335
2024-08,R&M Tractor],1750.0,9036170.0,41782002.0,0.01936661218193106,0.004188406290344824
2024-08,Misc.Expenses,1660.0,9036170.0,41782002.0,0.018370614984003178,0.003973002538269947
2024-08,salary & wages,1650.0,9036170.0,41782002.0,0.018259948628677858,0.0039490687880394055
2024-08,Telephone Exp Abdul Rauf,1600.0,9036170.0,41782002.0,0.017706616852051257,0.003829400036886696
2024-08,Telephone Exp Akhtar Ali,1600.0,9036170.0,41782002.0,0.017706616852051257,0.003829400036886696
2024-08,Telephone Exp Aslam Sb,1600.0,9036170.0,41782002.0,0.017706616852051257,0.003829400036886696
2024-08,Vehicle Repair KWK-20-8845 Shahid S,1580.0,9036170.0,41782002.0,0.017485284141400614,0.0037815325364256125
2024-08,Telephone Exp Zafar Iqbal,1560.0,9036170.0,41782002.0,0.017263951430749977,0.0037336650359645284
2024-08,Telephone Exp Zakria,1500.0,9036170.0,41782002.0,0.016599953298798053,0.0035900625345812774
2024-08,Vehicle Repair 6793 Subhan Ali,1420.0,9036170.0,41782002.0,0.01571462245619549,0.0033985925327369424
2024-08,Telephone Exp Kafitullah,1400.0,9036170.0,41782002.0,0.015493289745544848,0.003350725032275859
2024-08,Vehicle Repair 6793 Aslam Shakir,1400.0,9036170.0,41782002.0,0.015493289745544848,0.003350725032275859
2024-08,Labour charges Sesame(DAL),1332.0,9036170.0,41782002.0,0.01474075852933267,0.003187975530708174
2024-08,Newspaper & Perodical,1220.0,9036170.0,41782002.0,0.013501295349689081,0.0029199175281261055
2024-08,Freight & Oct. General,1200.0,9036170.0,41782002.0,0.013279962639038443,0.002872050027665022
2024-08,Telephone Exp Farid,1200.0,9036170.0,41782002.0,0.013279962639038443,0.002872050027665022
2024-08,Telephone Exp Khaliq Dad,1200.0,9036170.0,41782002.0,0.013279962639038443,0.002872050027665022
2024-08,Telephone Exp Naveed,1200.0,9036170.0,41782002.0,0.013279962639038443,0.002872050027665022
2024-08,Bank Charges,1180.0,9036170.0,41782002.0,0.013058629928387801,0.0028241825272039382
2024-08,Labour charges-SSG,1160.0,9036170.0,41782002.0,0.012837297217737161,0.0027763150267428546
2024-08,Telephone Exp Hassan Gardezi,1150.0,9036170.0,41782002.0,0.01272663086241184,0.0027523812765123125
2024-08,Vehicle Repair KWN-17-4123 Naveed,1020.0,9036170.0,41782002.0,0.011287968243182676,0.0024412425235152686
2024-08,Discount of Afgoyee Seed,1000.0,9036170.0,41782002.0,0.011066635532532036,0.002393375023054185
2024-08,Telephone Exp Haider Abbas,1000.0,9036170.0,41782002.0,0.011066635532532036,0.002393375023054185
2024-08,Telephone Exp Haifz Ghulam Qadir,1000.0,9036170.0,41782002.0,0.011066635532532036,0.002393375023054185
2024-08,Telephone Exp Shahid Sajjad,850.0,9036170.0,41782002.0,0.00940664020265223,0.0020343687695960574
2024-08,Freight & octroi-packing material,840.0,9036170.0,41782002.0,0.009295973847326909,0.0020104350193655154
2024-08,Telephone Exp M.Khalid,800.0,9036170.0,41782002.0,0.008853308426025629,0.001914700018443348
2024-08,Telephone Exp Nazar Ali,800.0,9036170.0,41782002.0,0.008853308426025629,0.001914700018443348
2024-08,Telephone Exp Subhan Ali,650.0,9036170.0,41782002.0,0.007193313096145824,0.0015556937649852203
2024-08,Education Cess,540.0,9036170.0,41782002.0,0.005975983187567299,0.0012924225124492598
2024-08,Vehicle Repari AGB-6545 Faisal Driv,200.0,9036170.0,41782002.0,0.002213327106506407,0.000478675004610837
2024-08,Vehicle Repari KWM-17-2347 Mess,140.0,9036170.0,41782002.0,0.001549328974554485,0.0003350725032275859
2024-08,Other Income,-1400.0,9036170.0,41782002.0,-0.015493289745544848,-0.003350725032275859
2024-09,Seasonal Disc.Corn(Mosmi)July-Dec,8684000.0,18659265.15,8523987.0,46.53988209176609,101.87720840024743
2024-09,Mark-up on Supliers Credit Loan,3288317.18,18659265.15,8523987.0,17.622972574565726,38.57721955699839
2024-09,Salary & Wages-Production staff,898240.0,18659265.15,8523987.0,4.813908762103636,10.537791763408368
2024-09,Packing Material Consumed,642687.0,18659265.15,8523987.0,3.4443317828087143,7.539746365169258
2024-09,Salaries & Wages (H.O),642400.0,18659265.15,8523987.0,3.4427936729330413,7.536379396167544
2024-09,Salaries & Wages,610450.0,18659265.15,8523987.0,3.2715650648225023,7.161554798241715
2024-09,Discount of Paddy,512450.0,18659265.15,8523987.0,2.746356814592991,6.011858065949655
2024-09,Labour charges-Misc,501567.0,18659265.15,8523987.0,2.6880319024782175,5.884183070668691
2024-09,Labour charges Detasseling corn(Co),495000.0,18659265.15,8523987.0,2.652837590444981,5.807141658005813
2024-09,Salary & Wages,458600.0,18659265.15,8523987.0,2.457760240359734,5.380111443154477
2024-09,Directors Remuneration,420000.0,18659265.15,8523987.0,2.2508925009836203,4.927271709823114
2024-09,Wood Expenses(Dryer),334100.0,18659265.15,8523987.0,1.7905313918538752,3.9195273291711965
2024-09,Salaries & Wages (Factory),321450.0,18659265.15,8523987.0,1.722736653431392,3.7711225979110483
2024-09,Fee & Subscription,310000.0,18659265.15,8523987.0,1.661373036440291,3.6367957858218225
2024-09,Labour Charges,293192.0,18659265.15,8523987.0,1.5712944622580702,3.439611064634425
2024-09,Chemicals Consumed,273000.0,18659265.15,8523987.0,1.463080125639353,3.2027266113850246
2024-09,Baling expenses-silage,254370.0,18659265.15,8523987.0,1.363236965417151,2.984166916256442
2024-09,Fertilizer Exp,229731.0,18659265.15,8523987.0,1.2311899646273048,2.695112040879462
2024-09,Germination Claim,203000.0,18659265.15,8523987.0,1.0879313754754163,2.3815146597478387
2024-09,Labour charges(Daily Marketing staf,152440.0,18659265.15,8523987.0,0.8169667924998644,1.7883649986796084
2024-09,Freight & octroi-corn seed,138150.0,18659265.15,8523987.0,0.7403828547878265,1.6207204445525318
2024-09,Vehicle 2.OD POL 4382 Dr. Anwar Sb.,137250.0,18659265.15,8523987.0,0.7355595137142902,1.610162005174339
2024-09,Labour charges-corn(DAL),136450.0,18659265.15,8523987.0,0.7312720994267022,1.6007767257270573
2024-09,Moboil for generator consumed,133000.0,18659265.15,8523987.0,0.7127826253114797,1.5603027081106529
2024-09,Labour charges,130360.0,18659265.15,8523987.0,0.6986341581624398,1.529331285934622
2024-09,Vehicle 2.OD Repair 4382 Dr.Sb,113050.0,18659265.15,8523987.0,0.6058652315147578,1.326257301894055
2024-09,Electricity Charges,110136.0,18659265.15,8523987.0,0.590248324972219,1.29207142150733
2024-09,Purchase of R.M.Okra,98415.0,18659265.15,8523987.0,0.5274323463911976,1.1545653460053378
2024-09,Telephone Exp,76923.0,18659265.15,8523987.0,0.41225096155515,0.9024298136541034
2024-09,Ploughing Exp,73750.0,18659265.15,8523987.0,0.3952460046370047,0.8652054490463208
2024-09,Ploughing expenses,72530.0,18659265.15,8523987.0,0.38870769784843323,0.8508928978892154
2024-09,Lease expenses,70000.0,18659265.15,8523987.0,0.3751487501639367,0.8212119516371857
2024-09,Ploughing expenss,68950.0,18659265.15,8523987.0,0.3695215189114776,0.8088937723626279
2024-09,Ploughing expenses-fty,62000.0,18659265.15,8523987.0,0.3322746072880582,0.7273591571643645
2024-09,Javi Harvesting 42/10-R,61284.0,18659265.15,8523987.0,0.3284373715006671,0.718959332059047
2024-09,Diesel for tractor-okra,53700.0,18659265.15,8523987.0,0.2877926840543343,0.6299868828988124
2024-09,Vehicle POL LEH-7012 Hassan Shah,52610.0,18659265.15,8523987.0,0.28195108208749586,0.6171994396518906
2024-09,Advertisement Expenses-selling,52000.0,18659265.15,8523987.0,0.2786819286932101,0.6100431640733379
2024-09,Tag & Sticker Expenses,51850.0,18659265.15,8523987.0,0.2778780385142874,0.6082834241769726
2024-09,Fertilizer Expenses,51834.0,18659265.15,8523987.0,0.27779229022853563,0.6080957185880269
2024-09,Vehicle R&M Pol 418 (Akhtar),48846.0,18659265.15,8523987.0,0.261778797864395,0.5730416998524281
2024-09,Micronutrient expenses,44000.0,18659265.15,8523987.0,0.23580778581733164,0.5161903696005168
2024-09,Salary & wages,44000.0,18659265.15,8523987.0,0.23580778581733164,0.5161903696005168
2024-09,Entertainment  (Factory),43295.0,18659265.15,8523987.0,0.23202950197639483,0.5079195920875993
2024-09,Vehicle POL LZH-5455,40640.0,18659265.15,8523987.0,0.21780064580946265,0.4767721959219319
2024-09,Irrigation expenses,38660.0,18659265.15,8523987.0,0.20718929544768275,0.45354362928990855
2024-09,Vehicle R&M POL 118,37611.0,18659265.15,8523987.0,0.2015674234630832,0.4412371816146599
2024-09,"Mazhar Khan Chak 77/10-R,KWL",34000.0,18659265.15,8523987.0,0.18221510722248355,0.3988743765094902
2024-09,Vehicle R&M POL 2260 Rizwan Sb.,34000.0,18659265.15,8523987.0,0.18221510722248355,0.3988743765094902
2024-09,Diesel for Tractor,32666.0,18659265.15,8523987.0,0.17506584389793078,0.3832244230311473
2024-09,Discount on sale of sesame seed,30000.0,18659265.15,8523987.0,0.1607780357845443,0.35194797927307964
2024-09,Diesel for Generator Consumed,29029.0,18659265.15,8523987.0,0.15557418669298453,0.3405565963439409
2024-09,labour charges sesame seed,27460.0,18659265.15,8523987.0,0.14716549542145288,0.32214971702795886
2024-09,Vehicle POL 2995 Aslam Sb.,25880.0,18659265.15,8523987.0,0.1386978522034669,0.3036137901195767
2024-09,Labour Charges Okra,24800.0,18659265.15,8523987.0,0.1329098429152233,0.2909436628657458
2024-09,Vehicle POL M/C ALF 6829 Hassan Raz,24630.0,18659265.15,8523987.0,0.13199876737911087,0.2889492909831984
2024-09,House Rent (G.M.),23000.0,18659265.15,8523987.0,0.12326316076815064,0.26982678410936106
2024-09,Discount-on delinted of cottonseed,22300.0,18659265.15,8523987.0,0.11951167326651126,0.26161466459298915
2024-09,E.O.B.I Factory,22200.0,18659265.15,8523987.0,0.11897574648056279,0.2604415046620789
2024-09,EOBI Staff,22200.0,18659265.15,8523987.0,0.11897574648056279,0.2604415046620789
2024-09,Vehicle POL LEE-17-7430 Hafiz Qadir,20980.0,18659265.15,8523987.0,0.1124374396919913,0.24612895350497369
2024-09,Vehicle Repair LEH-7012 Hassan Shah,19060.0,18659265.15,8523987.0,0.10214764540178048,0.22360428283149658
2024-09,Social security,17760.0,18659265.15,8523987.0,0.09518059718445022,0.20835320372966315
2024-09,Labour charges-Okra,15449.0,18659265.15,8523987.0,0.08279532916118082,0.1812414777263269
2024-09,Vehicle Repair 2995 Aslam Sb.,14590.0,18659265.15,8523987.0,0.07819171806988337,0.17116403391980772
2024-09,Freight & octroi-packing material,14510.0,18659265.15,8523987.0,0.0777629766411246,0.1702255059750795
2024-09,Repair & Renovation HO,14090.0,18659265.15,8523987.0,0.07551208414014096,0.1652982342652564
2024-09,R&M Generator (HO),14000.0,18659265.15,8523987.0,0.07502975003278733,0.16424239032743715
2024-09,Vehicle POL KWK-20-7778 Khaliq Dad,13800.0,18659265.15,8523987.0,0.07395789646089038,0.1618960704656166
2024-09,Sales Promotion Expenses,13350.0,18659265.15,8523987.0,0.0715462259241222,0.1566168507765204
2024-09,Social Security,13320.0,18659265.15,8523987.0,0.07138544788833766,0.15626490279724733
2024-09,Social Security                 (G),13320.0,18659265.15,8523987.0,0.07138544788833766,0.15626490279724733
2024-09,Vehicle Repair LZH-5455,12750.0,18659265.15,8523987.0,0.06833066520843133,0.14957789119105885
2024-09,Electricity,12335.0,18659265.15,8523987.0,0.06610656904674513,0.14470927747778123
2024-09,Ginning charges-kappas,12200.0,18659265.15,8523987.0,0.06538306788571469,0.14312551157105238
2024-09,Freight & Octroi,12000.0,18659265.15,8523987.0,0.06431121431381771,0.14077919170923184
2024-09,Irrigation expenss,11370.0,18659265.15,8523987.0,0.06093487556234229,0.13338828414449716
2024-09,Canteen Expenses,11190.0,18659265.15,8523987.0,0.05997020734763502,0.13127659626885868
2024-09,Legal & Professional Charges,10440.0,18659265.15,8523987.0,0.055950756453021416,0.1224778967870317
2024-09,Misc Expenses,10380.0,18659265.15,8523987.0,0.055629200381452325,0.12177400082848554
2024-09,Vehicle R&M Repair 118,10320.0,18659265.15,8523987.0,0.05530764430988323,0.1210701048699394
2024-09,Vehicle POL KWK-20-8845 Shahid Sajj,10210.0,18659265.15,8523987.0,0.05471812484533991,0.11977962894593808
2024-09,Additional Discount,10090.0,18659265.15,8523987.0,0.05407501270220173,0.11837183702884577
2024-09,Vehicle POL KWM-2868 Nazar Ali,10000.0,18659265.15,8523987.0,0.05359267859484809,0.11731599309102653
2024-09,Vehicle Repair AGC-21-3251 Zakria,9895.0,18659265.15,8523987.0,0.05302995546960219,0.11608417516357075
2024-09,Germination Claim Paddy,9600.0,18659265.15,8523987.0,0.05144897145105417,0.11262335336738548
2024-09,Pesticide expenses,9402.0,18659265.15,8523987.0,0.05038783641487619,0.11030049670418315
2024-09,Vehicle POL-KWM-17-7032 M.Khalid,9300.0,18659265.15,8523987.0,0.049841191093208725,0.10910387357465468
2024-09,E.O.B.I,9250.0,18659265.15,8523987.0,0.04957322770023449,0.10851729360919955
2024-09,Misc. Expenses-Selling,9040.0,18659265.15,8523987.0,0.048447781449742676,0.10605365775428797
2024-09,Printing & Stationery  (Factory),8820.0,18659265.15,8523987.0,0.04726874252065602,0.1034727059062854
2024-09,Repair & Maintenance Electrical,8760.0,18659265.15,8523987.0,0.046947186449086936,0.10276880994773924
2024-09,Freight & Octroi-Raya,8700.0,18659265.15,8523987.0,0.046625630377517845,0.1020649139891931
2024-09,Labour charges-Peas seed,8146.0,18659265.15,8523987.0,0.04365659598336326,0.09556560797195023
2024-09,Misc. Expenses,7920.0,18659265.15,8523987.0,0.04244540144711969,0.09291426652809301
2024-09,Vehicle R&M Repair 418(Akhtar),7650.0,18659265.15,8523987.0,0.040998399125058795,0.0897467347146353
2024-09,Bank Charges,7565.0,18659265.15,8523987.0,0.04054286135700259,0.08874954877336157
2024-09,Vehicle POL 6793 Subhan Ali,7280.0,18659265.15,8523987.0,0.039015470017049414,0.08540604297026733
2024-09,Telephone Exp Fty PTCL,7050.0,18659265.15,8523987.0,0.03778283840936791,0.08270777512917371
2024-09,Staff Welfare  (Factory),7021.0,18659265.15,8523987.0,0.03762741964144285,0.08236755874920973
2024-09,Vehicle POL KWM-19-3348 Zain Ul Abi,6850.0,18659265.15,8523987.0,0.03671098483747095,0.08036145526735318
2024-09,Pesticide exp,6675.0,18659265.15,8523987.0,0.0357731129620611,0.0783084253882602
2024-09,Travelling & Conveyance Others,6500.0,18659265.15,8523987.0,0.034835241086651265,0.07625539550916724
2024-09,Vehicle ALF-6829 Repair Hassan Raza,6420.0,18659265.15,8523987.0,0.03440649965789248,0.07531686756443903
2024-09,Vehicle POL 6793   Aslam Shakir,6000.0,18659265.15,8523987.0,0.03215560715690886,0.07038959585461592
2024-09,Vehicle POL KWM-17-4525 Haider Abba,6000.0,18659265.15,8523987.0,0.03215560715690886,0.07038959585461592
2024-09,Vehicle Repair-KWM-19-2868 Nazar Ai,5730.0,18659265.15,8523987.0,0.030708604834847962,0.0672220640411582
2024-09,Vehicle R&M POL 9700 Zafar Iqbal,5500.0,18659265.15,8523987.0,0.029475973227166455,0.0645237962000646
2024-09,Vehicle Repair KWK-20-8845 Shahid S,4320.0,18659265.15,8523987.0,0.023152037152974377,0.05068050901532346
2024-09,Vehicle Repair KWN-17-4123 Naveed,4170.0,18659265.15,8523987.0,0.022348146974051658,0.04892076911895807
2024-09,Freight & Octroi-okra,4000.0,18659265.15,8523987.0,0.02143707143793924,0.046926397236410615
2024-09,Labour charges Sesame(DAL),3926.0,18659265.15,8523987.0,0.02104048561633736,0.04605825888753702
2024-09,Electricity Expenses Bedian,3787.0,18659265.15,8523987.0,0.020295547383868975,0.04442756658357175
2024-09,Telephone Exp Hassan Raza,3700.0,18659265.15,8523987.0,0.019829291080093795,0.04340691744367982
2024-09,House Rent (Faisal Driver),3500.0,18659265.15,8523987.0,0.018757437508196834,0.04106059758185929
2024-09,Vehicle POL AGC-21-3228 Abdul Rauf,3500.0,18659265.15,8523987.0,0.018757437508196834,0.04106059758185929
2024-09,Labour charges-wheat,3480.0,18659265.15,8523987.0,0.01865025215100714,0.040825965595677235
2024-09,Repair & Maint. Plant & Machinery,3304.0,18659265.15,8523987.0,0.01770702100773781,0.03876120411727517
2024-09,Telephone & Telex  (Factory),3250.0,18659265.15,8523987.0,0.017417620543325633,0.03812769775458362
2024-09,Pesticide Gulab Shah,3078.0,18659265.15,8523987.0,0.016495826471494245,0.03610986267341797
2024-09,Vehicle POL AGB-6545 Faisal Driver,3000.0,18659265.15,8523987.0,0.01607780357845443,0.03519479792730796
2024-09,Vehicle Repair AGC-21-3228 Rauf,2760.0,18659265.15,8523987.0,0.014791579292178076,0.032379214093123325
2024-09,Postal & Courier Charges,2752.0,18659265.15,8523987.0,0.014748705149302196,0.032285361298650506
2024-09,Labour charges-Cotton Seed,2516.0,18659265.15,8523987.0,0.013483917934463782,0.029516703861702277
2024-09,Telephone Expenses-MFG,2500.0,18659265.15,8523987.0,0.013398169648712023,0.029328998272756632
2024-09,Telephone Exp Khaliq Dad,2400.0,18659265.15,8523987.0,0.012862242862763542,0.02815583834184637
2024-09,Telephone Exp Naveed,2400.0,18659265.15,8523987.0,0.012862242862763542,0.02815583834184637
2024-09,Education Cess,2220.0,18659265.15,8523987.0,0.011897574648056278,0.026044150466207894
2024-09,Social security-staff,2220.0,18659265.15,8523987.0,0.011897574648056278,0.026044150466207894
2024-09,Vehicle RepairLEE-17-7430 Haifz Qad,2120.0,18659265.15,8523987.0,0.011361647862107797,0.024870990535297625
2024-09,Gardening & Plantation,2000.0,18659265.15,8523987.0,0.01071853571896962,0.023463198618205307
2024-09,Misc.Expenses,1950.0,18659265.15,8523987.0,0.010450572325995378,0.022876618652750175
2024-09,Entertainment,1860.0,18659265.15,8523987.0,0.009968238218641746,0.021820774714930935
2024-09,Freight & Oct. General,1800.0,18659265.15,8523987.0,0.009646682147072658,0.021116878756384776
2024-09,labour charges-cotton,1800.0,18659265.15,8523987.0,0.009646682147072658,0.021116878756384776
2024-09,Vehicle Repair KWM-17-7032 M.Khalid,1710.0,18659265.15,8523987.0,0.009164348039719026,0.020061034818565537
2024-09,Vehicle Repair KWM-19-3348 Zain Ul,1650.0,18659265.15,8523987.0,0.008842791968149936,0.019357138860019378
2024-09,Telephone Exp Zafar Iqbal,1640.0,18659265.15,8523987.0,0.008789199289555088,0.019239822866928352
2024-09,Vehicel R&M POL M/C Zakriya,1510.0,18659265.15,8523987.0,0.008092494467822063,0.017714714956745006
2024-09,Telephone Exp Zakria,1500.0,18659265.15,8523987.0,0.008038901789227214,0.01759739896365398
2024-09,Telephone Exp-Rizwan Sb,1500.0,18659265.15,8523987.0,0.008038901789227214,0.01759739896365398
2024-09,Labour charges(DAL)Pddy,1442.0,18659265.15,8523987.0,0.007728064253377096,0.016916966203726028
2024-09,Vehicle Repair 6793 Subhan Ali,1420.0,18659265.15,8523987.0,0.00761016036046843,0.016658871018925766
2024-09,Telephone Exp Aslam Sb,1400.0,18659265.15,8523987.0,0.0075029750032787335,0.016424239032743714
2024-09,Vehicle RepairKWK-20-7778 Khaliq Da,1400.0,18659265.15,8523987.0,0.0075029750032787335,0.016424239032743714
2024-09,labour charges-wheat(DAL),1314.0,18659265.15,8523987.0,0.00704207796736304,0.015415321492160886
2024-09,Newspaper & Perodical,1260.0,18659265.15,8523987.0,0.00675267750295086,0.014781815129469343
2024-09,Telephone Exp Farid,1200.0,18659265.15,8523987.0,0.006431121431381771,0.014077919170923185
2024-09,Vehicle POL -17-2347 Mess Safdar,1200.0,18659265.15,8523987.0,0.006431121431381771,0.014077919170923185
2024-09,Labour charges-cotton(DAL),1047.0,18659265.15,8523987.0,0.005611153448880596,0.012282984476630478
2024-09,Entertainmetn-Mfg,1030.0,18659265.15,8523987.0,0.005520045895269354,0.012083547288375733
2024-09,Vehicle Running & Maint.Gen(Factor,1030.0,18659265.15,8523987.0,0.005520045895269354,0.012083547288375733
2024-09,Telephone Exp Haider Abbas,1000.0,18659265.15,8523987.0,0.00535926785948481,0.011731599309102654
2024-09,Telephone Exp Haifz Ghulam Qadir,1000.0,18659265.15,8523987.0,0.00535926785948481,0.011731599309102654
2024-09,Telephone Exp Hassan Gardezi,1000.0,18659265.15,8523987.0,0.00535926785948481,0.011731599309102654
2024-09,Telephone Exp M.Khalid,1000.0,18659265.15,8523987.0,0.00535926785948481,0.011731599309102654
2024-09,Repair & Maint. Office Equipment,900.0,18659265.15,8523987.0,0.004823341073536329,0.010558439378192388
2024-09,Telephone Exp Shahid Sajjad,850.0,18659265.15,8523987.0,0.004555377680562088,0.009971859412737255
2024-09,Telephone Exp Abdul Rauf,800.0,18659265.15,8523987.0,0.0042874142875878474,0.009385279447282123
2024-09,Telephone Exp Nazar Ali,800.0,18659265.15,8523987.0,0.0042874142875878474,0.009385279447282123
2024-09,Misc expenses,790.0,18659265.15,8523987.0,0.004233821608993,0.009267963454191095
2024-09,Pesticide Expenses,717.0,18659265.15,8523987.0,0.003842595055250608,0.008411556704626602
2024-09,Telephone Exp Kafitullah,700.0,18659265.15,8523987.0,0.0037514875016393667,0.008212119516371857
2024-09,Telephone Exp Subhan Ali,650.0,18659265.15,8523987.0,0.003483524108665126,0.007625539550916725
2024-09,Labour charges-bursum,543.0,18659265.15,8523987.0,0.002910082447700252,0.006370258424842741
2024-09,Vehicle Repair KWM17-4525 Haider A,440.0,18659265.15,8523987.0,0.0023580778581733164,0.005161903696005167
2024-09,Chemical application & packing char,-7080.0,18659265.15,8523987.0,-0.037943616445152456,-0.08305972310844678
2024-09,Income-Behrowal Farm,-19800.0,18659265.15,8523987.0,-0.10611350361779924,-0.23228566632023254
2024-09,Processing charges-corn seed,-30420.0,18659265.15,8523987.0,-0.16302892828552792,-0.35687525098290274
2024-09,Other Income,-45500.0,18659265.15,8523987.0,-0.24384668760655884,-0.5337877685641707
2024-09,Processing of Peas seed,-46164.0,18659265.15,8523987.0,-0.24740524146525675,-0.5415775505054149
2024-09,Mark-up on Redeemable Capt. NDFC,-3725568.0300000003,18659265.15,8523987.0,-19.966317001503143,-43.706871326762936
2024-10,Purchase of Raw Material (Paddy),5711300.0,21460570.59,25222584.0,26.61299230627772,22.64359591388416
2024-10,Mark-up on Al-Towfiq,4977283.77,21460570.59,25222584.0,23.192690749421494,19.733441149408005
2024-10,Mark-up on Redeemable Capt. NDFC,2690859.82,21460570.59,25222584.0,12.538621975195113,10.668454191687893
2024-10,Salary & Wages-Production staff,967679.0,21460570.59,25222584.0,4.5091019175925835,3.8365577452333985
2024-10,Salaries & Wages,670597.0,21460570.59,25222584.0,3.1247864411977875,2.658716489952021
2024-10,Salaries & Wages (H.O),629755.0,21460570.59,25222584.0,2.934474632717582,2.49679017819903
2024-10,Seasonal Disc.Corn(Mosmi)July-Dec,567600.0,21460570.59,25222584.0,2.644850460147994,2.250364197419265
2024-10,Labour charges-Misc,545450.0,21460570.59,25222584.0,2.5416379201686454,2.1625460737884747
2024-10,Purchase of canola cooking oil,532950.0,21460570.59,25222584.0,2.483391565778494,2.1129873132744845
2024-10,Salary & Wages,473858.0,21460570.59,25222584.0,2.2080400798886677,1.878705211171068
2024-10,Directors Remuneration,420000.0,21460570.59,25222584.0,1.9570775075090863,1.6651743532700694
2024-10,Salaries & Wages (Factory),367262.0,21460570.59,25222584.0,1.7113338084828618,1.4560839603111244
2024-10,Freight & Octroi - wheat seed,334600.0,21460570.59,25222584.0,1.559138414315572,1.3265889014384886
2024-10,Labour Charges,293192.0,21460570.59,25222584.0,1.366189210908581,1.1624185690094242
2024-10,labour charges-wheat(DAL),227013.0,21460570.59,25222584.0,1.0578143719337147,0.9000386320449959
2024-10,Labour charges,189328.0,21460570.59,25222584.0,0.8822132627182865,0.7506288808474183
2024-10,Vehicle 2.OD Repair 4382 Dr.Sb,176790.0,21460570.59,25222584.0,0.8237898394107889,0.7009194617014656
2024-10,Repair & Maint. Plant & Machinery,151707.0,21460570.59,25222584.0,0.7069103748373355,0.6014728705036724
2024-10,Fee & Subscription,133050.0,21460570.59,25222584.0,0.6199741961287712,0.5275034469109112
2024-10,Vehicle 2.OD POL 4382 Dr. Anwar Sb.,131200.0,21460570.59,25222584.0,0.6113537356790288,0.5201687503548407
2024-10,Purchase of Sulphor (Tiger Brand),101550.0,21460570.59,25222584.0,0.4731933830655898,0.40261537041565604
2024-10,Electricity Charges (H.O),92498.0,21460570.59,25222584.0,0.43101370307041775,0.36672689840184497
2024-10,Entertainment  (Factory),81975.0,21460570.59,25222584.0,0.3819795920906127,0.32500635145074747
2024-10,Labour charges-wheat,70424.0,21460570.59,25222584.0,0.3281553009257616,0.27921009203497943
2024-10,Lease expenses,70000.0,21460570.59,25222584.0,0.32617958458484775,0.2775290588783449
2024-10,Purchase of Processed wheat,70000.0,21460570.59,25222584.0,0.32617958458484775,0.2775290588783449
2024-10,Vehicle R&M Pol 418 (Akhtar),66339.0,21460570.59,25222584.0,0.30912039231106014,0.2630142890990074
2024-10,Repair & Maint,66220.0,21460570.59,25222584.0,0.30856588701726595,0.26254248969891425
2024-10,Labour charges(Daily Marketing staf,62440.0,21460570.59,25222584.0,0.29095218944968415,0.24755592051948364
2024-10,Ploughing expenses-fty,62000.0,21460570.59,25222584.0,0.28890191777515084,0.24581145214939118
2024-10,Diesel for Tractor,60998.0,21460570.59,25222584.0,0.2842328900072363,0.24183882190658973
2024-10,Javi seed,60000.0,21460570.59,25222584.0,0.2795825010727266,0.2378820504671528
2024-10,Freight & octroi-corn seed,57300.0,21460570.59,25222584.0,0.2670012885244539,0.22717735819613089
2024-10,Germination Claim,49500.0,21460570.59,25222584.0,0.23065556338499946,0.19625269163540104
2024-10,Labour charges-corn(DAL),48834.0,21460570.59,25222584.0,0.2275521976230922,0.19361220087521563
2024-10,Canteen Expenses,47636.0,21460570.59,25222584.0,0.2219698670183401,0.18886248926755483
2024-10,Shifting charges - wheat,45693.0,21460570.59,25222584.0,0.21291605369193495,0.1811590755332602
2024-10,Vehicle R&M POL 118,44068.0,21460570.59,25222584.0,0.20534402762121526,0.1747164366664415
2024-10,Micronutrient expenses,44000.0,21460570.59,25222584.0,0.20502716745333283,0.17444683700924538
2024-10,Salary & wages,44000.0,21460570.59,25222584.0,0.20502716745333283,0.17444683700924538
2024-10,Labour charges(DAL)Pddy,43396.0,21460570.59,25222584.0,0.20221270360920074,0.17205215770120935
2024-10,"Rent, Rates & Taxes",38480.0,21460570.59,25222584.0,0.179305577354642,0.1525616883662673
2024-10,Repair & Maintenance Electrical,37662.0,21460570.59,25222584.0,0.1754939359233505,0.1493185630782318
2024-10,Wood Expenses(Dryer),30500.0,21460570.59,25222584.0,0.14212110471196934,0.12092337565413598
2024-10,Vehicle POL LZH-5455,30000.0,21460570.59,25222584.0,0.1397912505363633,0.1189410252335764
2024-10,House Rent (G.M.),29800.0,21460570.59,25222584.0,0.13885930886612088,0.11814808506535254
2024-10,Labour Charges Okra,29116.0,21460570.59,25222584.0,0.1356720683538918,0.115436229690027
2024-10,Vehicle R&M POL 6677 Sohail Sb,28000.0,21460570.59,25222584.0,0.1304718338339391,0.11101162355133797
2024-10,Misc. Expenses,27930.0,21460570.59,25222584.0,0.13014565424935423,0.1107340944924596
2024-10,Electricity,23578.0,21460570.59,25222584.0,0.10986660350487912,0.09347971643190879
2024-10,Advertisement Expenses-selling,22800.0,21460570.59,25222584.0,0.1062413504076361,0.09039517917751805
2024-10,Vehicle POL LEE-17-7430 Hafiz Qadir,22560.0,21460570.59,25222584.0,0.1051230204033452,0.08944365097564944
2024-10,E.O.B.I Factory,22200.0,21460570.59,25222584.0,0.10344552539690885,0.08801635867284653
2024-10,EOBI Staff,22200.0,21460570.59,25222584.0,0.10344552539690885,0.08801635867284653
2024-10,Tag & Sticker Expenses,22000.0,21460570.59,25222584.0,0.10251358372666641,0.08722341850462269
2024-10,Vehicle R&M POL 2260 Rizwan Sb.,22000.0,21460570.59,25222584.0,0.10251358372666641,0.08722341850462269
2024-10,Vehicle POL LEH-7012 Hassan Shah,21490.0,21460570.59,25222584.0,0.10013713246754825,0.08520142107565187
2024-10,Packing Material Consumed,21000.0,21460570.59,25222584.0,0.09785387537545431,0.08325871766350347
2024-10,Vehicle POL KWM-19-3348 Zain Ul Abi,20850.0,21460570.59,25222584.0,0.09715491912277249,0.08266401253733559
2024-10,labour charges-paddy,20569.0,21460570.59,25222584.0,0.09584554107608188,0.08154993160098109
2024-10,Vehicle POL 2995 Aslam Sb.,20350.0,21460570.59,25222584.0,0.09482506494716644,0.08068166211677598
2024-10,Entertainment (H.O),19394.0,21460570.59,25222584.0,0.09037038376340767,0.07689140811266602
2024-10,Printing & Stationery  (Factory),18560.0,21460570.59,25222584.0,0.08648418699849676,0.0735848476111726
2024-10,Social security,17760.0,21460570.59,25222584.0,0.08275642031752709,0.07041308693827722
2024-10,Telephone Expenses-MFG,15894.0,21460570.59,25222584.0,0.07406140453416528,0.06301495516874876
2024-10,Freight & Oct. General,15050.0,21460570.59,25222584.0,0.07012861068574226,0.05966874765884415
2024-10,Misc.Expenses,14690.0,21460570.59,25222584.0,0.0684511156793059,0.05824145535604124
2024-10,R&M Generator (HO),14000.0,21460570.59,25222584.0,0.06523591691696955,0.05550581177566898
2024-10,Freight & octroi-packing material,13920.0,21460570.59,25222584.0,0.06486314024887258,0.05518863570837944
2024-10,Repair & Renovation HO,13860.0,21460570.59,25222584.0,0.06458355774779985,0.05495075365791229
2024-10,Social Security,13320.0,21460570.59,25222584.0,0.0620673152381453,0.052809815203707915
2024-10,Social Security                 (G),13320.0,21460570.59,25222584.0,0.0620673152381453,0.052809815203707915
2024-10,Travelling & Conveyance Others,13150.0,21460570.59,25222584.0,0.06127516481843925,0.052135816060717655
2024-10,Vehicle POL M/C ALF 6829 Hassan Raz,12250.0,21460570.59,25222584.0,0.05708142730234835,0.04856758530371035
2024-10,Labortary Expenses,12040.0,21460570.59,25222584.0,0.056102888548593806,0.04773499812707532
2024-10,Sales Promotion Expenses,11751.0,21460570.59,25222584.0,0.0547562328350935,0.04658919958399187
2024-10,Misc. Expenses-Selling,11720.0,21460570.59,25222584.0,0.054611781876205925,0.046466293857917174
2024-10,Freight & Octroi,11500.0,21460570.59,25222584.0,0.05358664603893927,0.045594059672870946
2024-10,Freight & Octroi-Raya,11300.0,21460570.59,25222584.0,0.05265470436869685,0.0448011195046471
2024-10,Vehicle R&M Repair 418(Akhtar),11250.0,21460570.59,25222584.0,0.052421718951136245,0.04460288446259114
2024-10,Legal & Professional Charges,10440.0,21460570.59,25222584.0,0.04864735518665443,0.04139147678128458
2024-10,Telephone & Telex Charges (H.O),10000.0,21460570.59,25222584.0,0.0465970835121211,0.039647008411192126
2024-10,Travelling & Conveyance-Selling,10000.0,21460570.59,25222584.0,0.0465970835121211,0.039647008411192126
2024-10,Vehicle POL KWK-20-7778 Khaliq Dad,10000.0,21460570.59,25222584.0,0.0465970835121211,0.039647008411192126
2024-10,Vehicle POL KWK-20-8845 Shahid Sajj,9463.0,21460570.59,25222584.0,0.0440948201275202,0.03751796405951111
2024-10,E.O.B.I,9250.0,21460570.59,25222584.0,0.04310230224871202,0.03667348278035272
2024-10,Vehicle Repair LZH-5455,9000.0,21460570.59,25222584.0,0.04193737516090899,0.035682307570072916
2024-10,Printing & Stationery H.O,8500.0,21460570.59,25222584.0,0.03960752098530294,0.033699957149513314
2024-10,Vehicle POL-KWM-17-7032 M.Khalid,8500.0,21460570.59,25222584.0,0.03960752098530294,0.033699957149513314
2024-10,Misc expenses,8250.0,21460570.59,25222584.0,0.038442593897499905,0.03270878193923351
2024-10,Vehicle Repair 2995 Aslam Sb.,7940.0,21460570.59,25222584.0,0.036998084308624155,0.03147972467848655
2024-10,Vehicle POL KWM-17-4525 Haider Abba,7500.0,21460570.59,25222584.0,0.03494781263409082,0.0297352563083941
2024-10,Vehicle POL 6793   Aslam Shakir,7300.0,21460570.59,25222584.0,0.03401587096384841,0.028942316140170253
2024-10,Vehicle POL 6793 Subhan Ali,7080.0,21460570.59,25222584.0,0.03299073512658174,0.02807008195512403
2024-10,Telephone Exp Fty PTCL,7040.0,21460570.59,25222584.0,0.03280434679253326,0.02791149392147926
2024-10,Vehicle R&M Repair 2260 Rizwan Sb.,7000.0,21460570.59,25222584.0,0.03261795845848477,0.02775290588783449
2024-10,Vehicle Repair LEH-7012 Hassan Shah,6800.0,21460570.59,25222584.0,0.03168601678824235,0.026959965719610648
2024-10,Irrigation expenses,6666.0,21460570.59,25222584.0,0.031061615869179927,0.026428695806900673
2024-10,Telephone Expenses-Director,6660.0,21460570.59,25222584.0,0.03103365761907265,0.026404907601853957
2024-10,Vehicle ALF-6829 Repair Hassan Raza,6460.0,21460570.59,25222584.0,0.030101715948830234,0.025611967433630117
2024-10,Freight & Octroi-chemicals,6160.0,21460570.59,25222584.0,0.0287038034434666,0.02442255718129435
2024-10,Vehicle R&M Repair 118,5900.0,21460570.59,25222584.0,0.02749227927215145,0.023391734962603355
2024-10,Vehicle POL KWM-2868 Nazar Ali,5500.0,21460570.59,25222584.0,0.025628395931666603,0.021805854626155672
2024-10,Vehicle Running & Maint.Gen(Factor,5492.0,21460570.59,25222584.0,0.025591118264856907,0.021774137019426716
2024-10,Education Cess,5390.0,21460570.59,25222584.0,0.025115828013033276,0.021369737533632558
2024-10,Misc Expenses,5200.0,21460570.59,25222584.0,0.024230483426302973,0.020616444373819907
2024-10,Labour Charge Raya,4727.0,21460570.59,25222584.0,0.022026441376179644,0.018741140875970518
2024-10,Freight & Octroi Paddy,4700.0,21460570.59,25222584.0,0.021900629250696916,0.0186340939532603
2024-10,Discount-on delinted of cottonseed,4360.0,21460570.59,25222584.0,0.0203163284112848,0.017286095667279767
2024-10,Vehicle Repair KWK-20-8845 Shahid S,4330.0,21460570.59,25222584.0,0.020176537160748437,0.01716715464204619
2024-10,Vehicle POL KWN-17-4123 Naveed,4300.0,21460570.59,25222584.0,0.020036745910212074,0.017048213616812614
2024-10,Vehicle Running & Maint. (H.O),4050.0,21460570.59,25222584.0,0.018871818822409046,0.01605703840653281
2024-10,Telephone Exp Akhtar Ali,4000.0,21460570.59,25222584.0,0.01863883340484844,0.015858803364476853
2024-10,Vehicle POL AGC-21-3228 Abdul Rauf,4000.0,21460570.59,25222584.0,0.01863883340484844,0.015858803364476853
2024-10,Vehicle R&M POL 9700 Zafar Iqbal,4000.0,21460570.59,25222584.0,0.01863883340484844,0.015858803364476853
2024-10,Vehicle Repair KWM-19-3348 Zain Ul,3980.0,21460570.59,25222584.0,0.018545639237824197,0.015779509347654465
2024-10,Electricity Expenses Bedian,3689.0,21460570.59,25222584.0,0.017189664107621475,0.014625781402888775
2024-10,Discount of Afgoyee Seed,3500.0,21460570.59,25222584.0,0.016308979229242387,0.013876452943917246
2024-10,House Rent (Faisal Driver),3500.0,21460570.59,25222584.0,0.016308979229242387,0.013876452943917246
2024-10,Telephone Exp Zakria,3400.0,21460570.59,25222584.0,0.015843008394121175,0.013479982859805324
2024-10,Staff Welfare  (Factory),3350.0,21460570.59,25222584.0,0.015610022976560568,0.013281747817749365
2024-10,Telephone Exp Aslam Sb,3300.0,21460570.59,25222584.0,0.015377037558999962,0.013083512775693404
2024-10,Vehicle POL AGB-6545 Faisal Driver,3300.0,21460570.59,25222584.0,0.015377037558999962,0.013083512775693404
2024-10,Vehicle POL -17-2347 Mess Safdar,2950.0,21460570.59,25222584.0,0.013746139636075724,0.011695867481301678
2024-10,Bank Charges,2934.0,21460570.59,25222584.0,0.013671584302456331,0.01163243226784377
2024-10,Vehicle Repair KWM17-4525 Haider A,2920.0,21460570.59,25222584.0,0.013606348385539362,0.011576926456068101
2024-10,Postal & Courier Charges,2584.0,21460570.59,25222584.0,0.012040686379532093,0.010244786973452047
2024-10,Misc Exp.,2500.0,21460570.59,25222584.0,0.011649270878030275,0.009911752102798032
2024-10,Vehicel R&M POL M/C Zakriya,2500.0,21460570.59,25222584.0,0.011649270878030275,0.009911752102798032
2024-10,Vehicle Repair 6793 Aslam Shakir,2450.0,21460570.59,25222584.0,0.01141628546046967,0.00971351706074207
2024-10,Social security-staff,2220.0,21460570.59,25222584.0,0.010344552539690886,0.008801635867284652
2024-10,Labour charges-Misc.,2082.0,21460570.59,25222584.0,0.009701512787223613,0.008254507151210202
2024-10,Telephone Exp Hassan Raza,1900.0,21460570.59,25222584.0,0.008853445867303009,0.007532931598126505
2024-10,Entertainment,1800.0,21460570.59,25222584.0,0.008387475032181799,0.007136461514014583
2024-10,Repair & Maint. Office Equipment,1600.0,21460570.59,25222584.0,0.0074555333619393755,0.00634352134579074
2024-10,Telephone Exp Farid,1600.0,21460570.59,25222584.0,0.0074555333619393755,0.00634352134579074
2024-10,Vehicle Repair-KWM-19-2868 Nazar Ai,1570.0,21460570.59,25222584.0,0.007315742111403013,0.0062245803205571645
2024-10,Labour charges-silage,1527.0,21460570.59,25222584.0,0.007115374652300893,0.006054098184389038
2024-10,Vehicle Repair 6793 Subhan Ali,1420.0,21460570.59,25222584.0,0.006616785858721197,0.005629875194389282
2024-10,Labour charges-bursum,1366.0,21460570.59,25222584.0,0.006365161607755743,0.005415781348968845
2024-10,Telephone Exp Naveed,1300.0,21460570.59,25222584.0,0.006057620856575743,0.005154111093454977
2024-10,Labour charges Sesame(DAL),1295.0,21460570.59,25222584.0,0.006034322314819682,0.005134287589249381
2024-10,Telephone Exp Khaliq Dad,1200.0,21460570.59,25222584.0,0.005591650021454532,0.004757641009343056
2024-10,Newspaper & Perodical,1185.0,21460570.59,25222584.0,0.0055217543961863505,0.004698170496726267
2024-10,Freight & Octroi-okra,1000.0,21460570.59,25222584.0,0.00465970835121211,0.003964700841119213
2024-10,Telephone Exp Haider Abbas,1000.0,21460570.59,25222584.0,0.00465970835121211,0.003964700841119213
2024-10,Telephone Exp Haifz Ghulam Qadir,1000.0,21460570.59,25222584.0,0.00465970835121211,0.003964700841119213
2024-10,Telephone Exp Abdul Rauf,800.0,21460570.59,25222584.0,0.0037277666809696877,0.00317176067289537
2024-10,Telephone Exp M.Khalid,800.0,21460570.59,25222584.0,0.0037277666809696877,0.00317176067289537
2024-10,Telephone Exp Nazar Ali,800.0,21460570.59,25222584.0,0.0037277666809696877,0.00317176067289537
2024-10,Vehicle Repair KWM-17-7032 M.Khalid,790.0,21460570.59,25222584.0,0.003681169597457567,0.0031321136644841784
2024-10,Telephone & Telex  (Factory),750.0,21460570.59,25222584.0,0.0034947812634090825,0.0029735256308394097
2024-10,Telephone Exp Kafitullah,750.0,21460570.59,25222584.0,0.0034947812634090825,0.0029735256308394097
2024-10,Telephone Exp Subhan Ali,650.0,21460570.59,25222584.0,0.0030288104282878716,0.0025770555467274883
2024-10,Freight & Octroi-javi,600.0,21460570.59,25222584.0,0.002795825010727266,0.002378820504671528
2024-10,Telephone Exp Zafar Iqbal,560.0,21460570.59,25222584.0,0.0026094366766787817,0.002220232471026759
2024-10,Labour charges-Okra,522.0,21460570.59,25222584.0,0.0024323677593327216,0.002069573839064229
2024-10,Misc.Expenses-HO,350.0,21460570.59,25222584.0,0.0016308979229242384,0.0013876452943917246
2024-10,Pesticide Expenses,-42500.0,21460570.59,25222584.0,-0.1980376049265147,-0.16849978574756655
2024-10,Other Income,-104125.0,21460570.59,25222584.0,-0.485192132069961,-0.412824475081538
2024-10,Processing of wheat seed,-966216.0,21460570.59,25222584.0,-4.50228476427476,-3.8307573879028416
2024-11,Mark-up on Redeemable Capt. NDFC,6723389.609999999,21965102.61,29846121.1,30.60941589655519,22.526845573912784
2024-11,Purchase of Raw Material (Paddy),3683926.0,21965102.61,29846121.1,16.771722242366526,12.343064573305641
2024-11,Purchases of Pak Afgoi(Corn),3542462.0,21965102.61,29846121.1,16.127682455656874,11.86908673368614
2024-11,Salary & Wages-Production staff,967679.0,21965102.61,29846121.1,4.4055291576896485,3.2422270108660785
2024-11,Salaries & Wages,670597.0,21965102.61,29846121.1,3.053011005260221,2.246848083719663
2024-11,Salaries & Wages (H.O),614400.0,21965102.61,29846121.1,2.797164260549749,2.0585589596096625
2024-11,Salary & Wages,458600.0,21965102.61,29846121.1,2.0878573077606033,1.5365480775992697
2024-11,Directors Remuneration,420000.0,21965102.61,29846121.1,1.9121240062351794,1.4072180387956676
2024-11,Salaries & Wages (Factory),367262.0,21965102.61,29846121.1,1.6720249685189155,1.2305183603908916
2024-11,Freight & Octroi - wheat seed,357750.0,21965102.61,29846121.1,1.628719912453894,1.19864822233131
2024-11,Purchase of Sunflower,334143.0,21965102.61,29846121.1,1.5212448852748612,1.1195525169935734
2024-11,Labour charges-Misc,332802.0,21965102.61,29846121.1,1.5151397464835243,1.115059470826847
2024-11,Labour Charges,293192.0,21965102.61,29846121.1,1.3348082419907257,0.9823454076918557
2024-11,Labour charges-wheat,290047.0,21965102.61,29846121.1,1.3204900753249884,0.9718080249965881
2024-11,Repair & Maint. Plant & Machinery,252380.0,21965102.61,29846121.1,1.1490044206991301,0.8456040205505968
2024-11,labour charges-wheat(DAL),196977.0,21965102.61,29846121.1,0.8967725008956833,0.6599752086377482
2024-11,Purchase of Processed wheat,192500.0,21965102.61,29846121.1,0.8763901695244573,0.6449749344480143
2024-11,Labour charges,168634.0,21965102.61,29846121.1,0.767735999208246,0.5650114446530206
2024-11,Advertisement Expenses-selling,148900.0,21965102.61,29846121.1,0.6778934869724245,0.49889229994446416
2024-11,Vehicle 2.OD POL 4382 Dr. Anwar Sb.,130200.0,21965102.61,29846121.1,0.5927584419329057,0.436237592026657
2024-11,Vehicle 2.OD Repair 4382 Dr.Sb,108400.0,21965102.61,29846121.1,0.4935101006568892,0.36319627477488187
2024-11,Labour charges-corn(DAL),97694.0,21965102.61,29846121.1,0.44476914920271343,0.3273256168621523
2024-11,Purchase of wheat seed,93050.0,21965102.61,29846121.1,0.4236265209051987,0.3117658059760402
2024-11,Labour charges(Daily Marketing staf,87440.0,21965102.61,29846121.1,0.39808600739334316,0.29296939360069807
2024-11,Lease expenses,70000.0,21965102.61,29846121.1,0.31868733437252994,0.23453633979927793
2024-11,Ploughing expenses-fty,62000.0,21965102.61,29846121.1,0.2822659247299551,0.20773218667936047
2024-11,Misc Expenses,55880.0,21965102.61,29846121.1,0.2544035463533853,0.1872270095426236
2024-11,Irrigation expenses,49517.0,21965102.61,29846121.1,0.22543486765892237,0.16590765625486922
2024-11,Vehicle POL LZH-5455,47500.0,21965102.61,29846121.1,0.21625211975278819,0.15914965914951004
2024-11,Vehicle R&M POL 118,45753.0,21965102.61,29846121.1,0.20829859442209087,0.15329630221194807
2024-11,Vehicle R&M POL 2260 Rizwan Sb.,45000.0,21965102.61,29846121.1,0.20487042923948354,0.15077336129953584
2024-11,Micronutrient expenses,44000.0,21965102.61,29846121.1,0.20031775303416166,0.14742284215954615
2024-11,Salary & wages,44000.0,21965102.61,29846121.1,0.20031775303416166,0.14742284215954615
2024-11,Vehicle POL LEH-7012 Hassan Shah,41407.0,21965102.61,29846121.1,0.1885126636337621,0.13873494602955289
2024-11,Vehicle R&M Pol 418 (Akhtar),31522.0,21965102.61,29846121.1,0.14350945934415554,0.10561506433075486
2024-11,Vehicle R&M Repair 2260 Rizwan Sb.,30100.0,21965102.61,29846121.1,0.13703555378018786,0.10085062611368953
2024-11,Javi seed,30000.0,21965102.61,29846121.1,0.13658028615965567,0.10051557419969055
2024-11,Ploughing expenses,29525.0,21965102.61,29846121.1,0.1344177649621278,0.09892407760819545
2024-11,Sales Promotion Expenses,26370.0,21965102.61,29846121.1,0.12005407153433735,0.08835318972152799
2024-11,Legal & Professional Charges,25440.0,21965102.61,29846121.1,0.11582008266338803,0.08523720692133759
2024-11,House Rent (G.M.),25200.0,21965102.61,29846121.1,0.11472744037411078,0.08443308232774006
2024-11,Tag & Sticker Expenses,25200.0,21965102.61,29846121.1,0.11472744037411078,0.08443308232774006
2024-11,Canteen Expenses,25001.0,21965102.61,29846121.1,0.11382145780925172,0.08376632901888212
2024-11,Germination Claim,24500.0,21965102.61,29846121.1,0.11154056703038548,0.08208771892974728
2024-11,Electricity,23963.0,21965102.61,29846121.1,0.10909577990812765,0.08028849015157283
2024-11,Vehicle POL LEE-17-7430 Hafiz Qadir,23200.0,21965102.61,29846121.1,0.10562208796346707,0.0777320440477607
2024-11,labour charges-paddy,22980.0,21965102.61,29846121.1,0.10462049919829626,0.07699492983696296
2024-11,E.O.B.I Factory,22200.0,21965102.61,29846121.1,0.10106941175814521,0.074381524907771
2024-11,EOBI Staff,22200.0,21965102.61,29846121.1,0.10106941175814521,0.074381524907771
2024-11,Labour charges(DAL)Pddy,21736.0,21965102.61,29846121.1,0.09895696999887586,0.0728268840268158
2024-11,Vehicle POL 2995 Aslam Sb.,21290.0,21965102.61,29846121.1,0.09692647641130232,0.0713325524903804
2024-11,Misc. Expenses-Selling,21010.0,21965102.61,29846121.1,0.09565172707381221,0.07039440713118328
2024-11,Social security,17760.0,21965102.61,29846121.1,0.08085552940651618,0.05950521992621681
2024-11,Packing Material Consumed,17600.0,21965102.61,29846121.1,0.08012710121366468,0.05896913686381846
2024-11,Discount-on delinted of cottonseed,15560.0,21965102.61,29846121.1,0.07083964175480809,0.0521340778182395
2024-11,Vehicle Repair LZH-5455,15550.0,21965102.61,29846121.1,0.07079411499275487,0.052100572626839606
2024-11,Discount-wheat seed,14900.0,21965102.61,29846121.1,0.06783487545929566,0.049922735185846306
2024-11,Vehicle R&M Repair 418(Akhtar),14690.0,21965102.61,29846121.1,0.06687881345617806,0.04921912616644848
2024-11,Diesel for Tractor,14500.0,21965102.61,29846121.1,0.06601380497716693,0.048582527529850435
2024-11,Repair & Renovation HO,14000.0,21965102.61,29846121.1,0.06373746687450599,0.04690726795985559
2024-11,Social Security,13320.0,21965102.61,29846121.1,0.06064164705488713,0.04462891494466261
2024-11,Social Security                 (G),13320.0,21965102.61,29846121.1,0.06064164705488713,0.04462891494466261
2024-11,R&M Generator (HO),13085.0,21965102.61,29846121.1,0.05957176814663649,0.04384154294676503
2024-11,Vehicle POL 6793   Aslam Shakir,13000.0,21965102.61,29846121.1,0.05918479066918413,0.043556748819865904
2024-11,Entertainment  (Factory),12400.0,21965102.61,29846121.1,0.05645318494599101,0.04154643733587209
2024-11,Staff Welfare  (Factory),11920.0,21965102.61,29846121.1,0.054267900367436527,0.03993818814867705
2024-11,Travelling & Conveyance Others,11700.0,21965102.61,29846121.1,0.05326631160226571,0.03920107393787931
2024-11,Vehicle Repair LEH-7012 Hassan Shah,11600.0,21965102.61,29846121.1,0.05281104398173354,0.03886602202388035
2024-11,Ploughing expenss,10600.0,21965102.61,29846121.1,0.048258367776411674,0.035515502883890666
2024-11,Vehicle POL KWM-2868 Nazar Ali,10500.0,21965102.61,29846121.1,0.04780310015587949,0.0351804509698917
2024-11,Accomodation / Residence Expenses,10150.0,21965102.61,29846121.1,0.046209663484016845,0.0340077692708953
2024-11,Vehicle R&M POL 9700 Zafar Iqbal,9960.0,21965102.61,29846121.1,0.045344655005005695,0.033371170634297266
2024-11,Labour Charges Okra,9600.0,21965102.61,29846121.1,0.043705691571089826,0.03216498374390098
2024-11,Labortary Expenses,9490.0,21965102.61,29846121.1,0.04320489718850441,0.031796426638502115
2024-11,E.O.B.I,9250.0,21965102.61,29846121.1,0.042112254899227174,0.030992302044904586
2024-11,Freight & octroi-packing material,8120.0,21965102.61,29846121.1,0.03696773078721347,0.027206215416716244
2024-11,Vehicle POL-KWM-17-7032 M.Khalid,8000.0,21965102.61,29846121.1,0.03642140964257485,0.026804153119917483
2024-11,Telephone Exp Fty PTCL,7040.0,21965102.61,29846121.1,0.03205084048546587,0.023587654745527382
2024-11,Vehicle RepairLEE-17-7430 Haifz Qad,6350.0,21965102.61,29846121.1,0.02890949390379379,0.0212757965389345
2024-11,Vehicle POL KWM-19-3348 Zain Ul Abi,6200.0,21965102.61,29846121.1,0.028226592472995506,0.020773218667936046
2024-11,Misc expenses,6070.0,21965102.61,29846121.1,0.027634744566303666,0.02033765117973739
2024-11,Freight & Octroi,6000.0,21965102.61,29846121.1,0.02731605723193114,0.02010311483993811
2024-11,Sample wheat seed,6000.0,21965102.61,29846121.1,0.02731605723193114,0.02010311483993811
2024-11,Freight & Oct. General,5900.0,21965102.61,29846121.1,0.026860789611398952,0.01976806292593914
2024-11,Vehicle R&M Repair 118,5800.0,21965102.61,29846121.1,0.02640552199086677,0.019433011011940175
2024-11,Vehicle POL KWK-20-7778 Khaliq Dad,5500.0,21965102.61,29846121.1,0.025039719129270208,0.01842785526994327
2024-11,Vehicle POL M/C ALF 6829 Hassan Raz,5450.0,21965102.61,29846121.1,0.02481208531900412,0.018260329312943784
2024-11,Labour charges-Okra,5117.0,21965102.61,29846121.1,0.02329604414263194,0.01714460643932722
2024-11,Gardening & Plantation,4900.0,21965102.61,29846121.1,0.022308113406077097,0.016417543785949455
2024-11,Vehicle Repair AGC-21-3251 Zakria,4260.0,21965102.61,29846121.1,0.01939440063467111,0.01427321153635606
2024-11,Printing & Stationery  (Factory),4150.0,21965102.61,29846121.1,0.018893606252085703,0.013904654430957192
2024-11,Electricity Charges,4112.0,21965102.61,29846121.1,0.018720604556283472,0.013777334703637584
2024-11,Vehicle POL KWN-17-4123 Naveed,4000.0,21965102.61,29846121.1,0.018210704821287425,0.013402076559958741
2024-11,Freight & Octroi-Raya,3700.0,21965102.61,29846121.1,0.016844901959690867,0.012396920817961836
2024-11,House Rent (Faisal Driver),3500.0,21965102.61,29846121.1,0.015934366718626497,0.011726816989963898
2024-11,Vehicle POL KWK-20-8845 Shahid Sajj,3250.0,21965102.61,29846121.1,0.014796197667296033,0.010889187204966476
2024-11,Vehicle Running & Maint.Gen(Factor,3108.0,21965102.61,29846121.1,0.01414971764614033,0.010413413487087941
2024-11,Telephone & Telex  (Factory),3000.0,21965102.61,29846121.1,0.01365802861596557,0.010051557419969055
2024-11,Vehicle POL AGB-6545 Faisal Driver,3000.0,21965102.61,29846121.1,0.01365802861596557,0.010051557419969055
2024-11,Vehicle Repair 2995 Aslam Sb.,2840.0,21965102.61,29846121.1,0.012929600423114071,0.009515474357570707
2024-11,Electricity Expenses Bedian,2651.0,21965102.61,29846121.1,0.012069144620308241,0.008882226240112655
2024-11,Entertainment Expenses,2650.0,21965102.61,29846121.1,0.012064591944102919,0.008878875720972667
2024-11,Vehicle Repair-KWM-19-2868 Nazar Ai,2540.0,21965102.61,29846121.1,0.011563797561517514,0.0085103186155738
2024-11,Vehicle POL KWM-17-4525 Haider Abba,2500.0,21965102.61,29846121.1,0.01138169051330464,0.008376297849974214
2024-11,Misc. Expenses,2300.0,21965102.61,29846121.1,0.01047115527224027,0.007706194021976276
2024-11,Social security-staff,2220.0,21965102.61,29846121.1,0.010106941175814522,0.007438152490777101
2024-11,Labour charges-silage,2137.0,21965102.61,29846121.1,0.009729069050772808,0.007160059402157957
2024-11,Misc.Expenses,2090.0,21965102.61,29846121.1,0.00951509326912268,0.007002585002578441
2024-11,Telephone Exp Akhtar Ali,2000.0,21965102.61,29846121.1,0.009105352410643712,0.006701038279979371
2024-11,Telephone Exp-Rizwan Sb,2000.0,21965102.61,29846121.1,0.009105352410643712,0.006701038279979371
2024-11,Vehicle POL -17-2347 Mess Safdar,2000.0,21965102.61,29846121.1,0.009105352410643712,0.006701038279979371
2024-11,Telephone Exp Zakria,1900.0,21965102.61,29846121.1,0.008650084790111527,0.006365986365980401
2024-11,Postal & Courier Charges,1888.0,21965102.61,29846121.1,0.008595452675647665,0.006325780136300526
2024-11,Entertainment,1860.0,21965102.61,29846121.1,0.008467977741898653,0.006231965600380814
2024-11,R&M Tractor],1770.0,21965102.61,29846121.1,0.008058236883419686,0.005930418877781743
2024-11,Vehicle Repair KWM-17-7032 M.Khalid,1750.0,21965102.61,29846121.1,0.007967183359313249,0.005863408494981949
2024-11,labour charges sesame seed,1741.0,21965102.61,29846121.1,0.007926209273465353,0.005833253822722042
2024-11,Telephone Expenses-Director,1599.0,21965102.61,29846121.1,0.007279729252309648,0.005357480104843506
2024-11,Bank Charges,1500.0,21965102.61,29846121.1,0.006829014307982785,0.005025778709984528
2024-11,Telephone Exp Aslam Sb,1400.0,21965102.61,29846121.1,0.0063737466874505995,0.00469072679598556
2024-11,Vehicle RepairKWK-20-7778 Khaliq Da,1400.0,21965102.61,29846121.1,0.0063737466874505995,0.00469072679598556
2024-11,Freight & Octroi-chemicals,1350.0,21965102.61,29846121.1,0.006146112877184506,0.004523200838986075
2024-11,Telephone Exp M.Khalid,1300.0,21965102.61,29846121.1,0.0059184790669184134,0.00435567488198659
2024-11,Telephone Exp Naveed,1300.0,21965102.61,29846121.1,0.0059184790669184134,0.00435567488198659
2024-11,Vehicle Repair KWK-20-8845 Shahid S,1280.0,21965102.61,29846121.1,0.005827425542811976,0.004288664499186797
2024-11,Newspaper & Perodical,1260.0,21965102.61,29846121.1,0.005736372018705539,0.004221654116387003
2024-11,Telephone Exp Farid,1200.0,21965102.61,29846121.1,0.005463211446386228,0.004020622967987622
2024-11,Telephone Exp Khaliq Dad,1200.0,21965102.61,29846121.1,0.005463211446386228,0.004020622967987622
2024-11,Telephone Exp Zafar Iqbal,1160.0,21965102.61,29846121.1,0.005281104398173353,0.003886602202388035
2024-11,Vehicle ALF-6829 Repair Hassan Raza,1100.0,21965102.61,29846121.1,0.005007943825854042,0.0036855710539886537
2024-11,Telephone Exp Haider Abbas,1000.0,21965102.61,29846121.1,0.004552676205321856,0.0033505191399896854
2024-11,Telephone Exp Haifz Ghulam Qadir,1000.0,21965102.61,29846121.1,0.004552676205321856,0.0033505191399896854
2024-11,Telephone Exp Hassan Gardezi,1000.0,21965102.61,29846121.1,0.004552676205321856,0.0033505191399896854
2024-11,Freight & Octroi-wheat,900.0,21965102.61,29846121.1,0.004097408584789671,0.0030154672259907166
2024-11,Telephone Exp Shahid Sajjad,850.0,21965102.61,29846121.1,0.003869774774523578,0.002847941268991232
2024-11,Education Cess,800.0,21965102.61,29846121.1,0.003642140964257485,0.002680415311991748
2024-11,Repair & Maint. Office Equipment,800.0,21965102.61,29846121.1,0.003642140964257485,0.002680415311991748
2024-11,Telephone Exp Nazar Ali,800.0,21965102.61,29846121.1,0.003642140964257485,0.002680415311991748
2024-11,Telephone Exp Kafitullah,750.0,21965102.61,29846121.1,0.0034145071539913923,0.002512889354992264
2024-11,Vehicle Repair KWM17-4525 Haider A,750.0,21965102.61,29846121.1,0.0034145071539913923,0.002512889354992264
2024-11,Labour charges-bursum,721.0,21965102.61,29846121.1,0.0032824795440370585,0.002415724299932563
2024-11,Vehicle Repari KWM-17-2347 Mess,620.0,21965102.61,29846121.1,0.002822659247299551,0.002077321866793605
2024-11,Labour charges-Sunflower,405.0,21965102.61,29846121.1,0.001843833863155352,0.0013569602516958225
2024-11,Other Income,-2100.0,21965102.61,29846121.1,-0.009560620031175898,-0.007036090193978339
2024-11,Processing charges-Sunflower,-4980.0,21965102.61,29846121.1,-0.022672327502502847,-0.016685585317148633
2024-12,Purchase of Sunflower,7791505.0,51158031.49,47094078.0,15.230267414654191,16.544553648550036
2024-12,Purchase of wheat Commercial,7615840.0,51158031.49,47094078.0,14.886890246136012,16.17154496580228
2024-12,Mark-up on Al-Towfiq,4490752.99,51158031.49,47094078.0,8.778197399713903,9.535706357814245
2024-12,Mark-up on Redeemable Capt. NDFC,4374944.76,51158031.49,47094078.0,8.551823892706235,9.289798093085079
2024-12,Purchases of Pak Afgoi(Corn),3514683.0,51158031.49,47094078.0,6.870246758198709,7.46311032992301
2024-12,Discount-wheat seed,2720900.0,51158031.49,47094078.0,5.318617469735639,5.777584179480061
2024-12,Purchase of Fuzzy Cotton Seed.,2591750.0,51158031.49,47094078.0,5.06616444087888,5.503345877161031
2024-12,Mark-up on Supliers Credit Loan,2350726.94,51158031.49,47094078.0,4.595030089184536,4.991555286420513
2024-12,Packing Material Consumed,1343796.0,51158031.49,47094078.0,2.626754706663558,2.853428832389499
2024-12,Electricity Charges,1294988.0,51158031.49,47094078.0,2.5313483773376517,2.7497894745916884
2024-12,Salaries & Wages (H.O),1228800.0,51158031.49,47094078.0,2.401968887798579,2.60924526434088
2024-12,Germination Claim Wheat,1179500.0,51158031.49,47094078.0,2.305600832648457,2.504561189200901
2024-12,Purchase of SSG(Lines seed),1035799.0,51158031.49,47094078.0,2.024704567067774,2.1994251591463367
2024-12,Salary & Wages-Production staff,967679.0,51158031.49,47094078.0,1.8915485444140963,2.0547785222592108
2024-12,Salary & Wages,917200.0,51158031.49,47094078.0,1.792875865794968,1.9475909476346471
2024-12,Directors Remuneration,840000.0,51158031.49,47094078.0,1.64197091939356,1.7836637549205232
2024-12,Salaries & Wages,800597.0,51158031.49,47094078.0,1.564948800183007,1.6999950609501262
2024-12,Labour Charges,586384.0,51158031.49,47094078.0,1.1462208042829445,1.2451331991253762
2024-12,Repair & Maint. Plant & Machinery,529078.0,51158031.49,47094078.0,1.0342032024891736,1.1234491096736197
2024-12,Diesel for Generator Consumed,509734.0,51158031.49,47094078.0,0.996390957888282,1.0823738814888784
2024-12,Audit Fee,500000.0,51158031.49,47094078.0,0.9773636424961667,1.0617046160241208
2024-12,Labour charges-corn(DAL),478050.0,51158031.49,47094078.0,0.934457378590585,1.015095783380662
2024-12,Salaries & Wages (Factory),367262.0,51158031.49,47094078.0,0.7178970521408544,0.7798475213805014
2024-12,Labour charges-Misc,325971.0,51158031.49,47094078.0,0.6371844078162359,0.6921698307799974
2024-12,Labour Charges Dryer Corn,288666.0,51158031.49,47094078.0,0.564263306449597,0.6129560493784378
2024-12,Labour charges,204329.0,51158031.49,47094078.0,0.3994074714151985,0.4338740849751852
2024-12,Fertilizer Exp,190995.0,51158031.49,47094078.0,0.3733431377971107,0.40556054627505395
2024-12,Freight & Octroi - wheat seed,159555.0,51158031.49,47094078.0,0.3118865119569518,0.33880056001945724
2024-12,Purchase of wheat seed,125700.0,51158031.49,47094078.0,0.24570921972353632,0.266912540468464
2024-12,Telephone Exp,118747.0,51158031.49,47094078.0,0.2321180009109846,0.25214847607803254
2024-12,Chemicals Consumed,104982.0,51158031.49,47094078.0,0.20521117983306514,0.2229197479988885
2024-12,Vehicle 2.OD POL 4382 Dr. Anwar Sb.,103880.0,51158031.49,47094078.0,0.2030570703650036,0.22057975102517136
2024-12,Annual Listinf Feee(KSE & LSE),90000.0,51158031.49,47094078.0,0.17592545564931,0.19110683088434174
2024-12,Fertilizer Expenses,89381.0,51158031.49,47094078.0,0.17471547945989976,0.1897924405697039
2024-12,Entertainment  (Factory),86870.0,51158031.49,47094078.0,0.169807159247284,0.18446055998803076
2024-12,labour charges-wheat(DAL),75877.0,51158031.49,47094078.0,0.14831884220336328,0.16111792230012445
2024-12,Lease expenses,70000.0,51158031.49,47094078.0,0.13683090994946334,0.14863864624337694
2024-12,Vehicle 2.OD Repair 4382 Dr.Sb,63300.0,51158031.49,47094078.0,0.12373423714001469,0.13441180438865372
2024-12,Advertisement Expenses-selling,62000.0,51158031.49,47094078.0,0.12119309166952467,0.131651372386991
2024-12,Ploughing expenses-fty,62000.0,51158031.49,47094078.0,0.12119309166952467,0.131651372386991
2024-12,Vehicle POL LEH-7012 Hassan Shah,55400.0,51158031.49,47094078.0,0.10829189158857526,0.11763687145547261
2024-12,Javi Harvesting 42/10-R,52149.0,51158031.49,47094078.0,0.1019370731850652,0.11073366804208377
2024-12,Legal & Professional Charges,52080.0,51158031.49,47094078.0,0.10180219700240073,0.11058715280507242
2024-12,Freight & Octroi-peas,51750.0,51158031.49,47094078.0,0.10115713699835324,0.10988642775849652
2024-12,Discount on sale of Raya Seed,51700.0,51158031.49,47094078.0,0.10105940063410362,0.10978025729689411
2024-12,Misc expenses,49560.0,51158031.49,47094078.0,0.09687628424422004,0.10523616154031086
2024-12,Electricity Charges (H.O),48370.0,51158031.49,47094078.0,0.09455015877507916,0.10270930455417346
2024-12,Entertainment Expenses,47145.0,51158031.49,47094078.0,0.09215561785096356,0.10010812824491436
2024-12,Labour charges-micrunutreitn,45680.0,51158031.49,47094078.0,0.08929194237844978,0.09699733371996369
2024-12,Micronutrient expenses,44000.0,51158031.49,47094078.0,0.08600800053966266,0.09343000621012264
2024-12,Salary & wages,44000.0,51158031.49,47094078.0,0.08600800053966266,0.09343000621012264
2024-12,labour charges-paddy,43627.0,51158031.49,47094078.0,0.08527888726236052,0.09263797456656865
2024-12,Vehicle R&M POL 118,40232.0,51158031.49,47094078.0,0.07864258812981155,0.08542900022376486
2024-12,Labour charges(Daily Marketing staf,37440.0,51158031.49,47094078.0,0.07318498955011296,0.07950044164788617
2024-12,Canteen Expenses,36557.0,51158031.49,47094078.0,0.07145896535746472,0.07762547129598758
2024-12,Labour charges(DAL)Pddy,35553.0,51158031.49,47094078.0,0.06949641916333243,0.07549356842701113
2024-12,Vehicle POL LZH-5455,35550.0,51158031.49,47094078.0,0.06949055498147745,0.075487198199315
2024-12,Sales Promotion Expenses,34500.0,51158031.49,47094078.0,0.06743809133223551,0.07325761850566434
2024-12,Labour charges-SSG,34300.0,51158031.49,47094078.0,0.06704714587523704,0.0728329366592547
2024-12,Seasonal Disc.Corn(Mosmi)July-Dec,34270.0,51158031.49,47094078.0,0.06698850405668726,0.07276923438229325
2024-12,Vehicle R&M Pol 418 (Akhtar),30375.0,51158031.49,47094078.0,0.05937484128164213,0.06449855542346535
2024-12,Hybrid Testing Fee,30000.0,51158031.49,47094078.0,0.05864181854977,0.06370227696144726
2024-12,Javi seed,30000.0,51158031.49,47094078.0,0.05864181854977,0.06370227696144726
2024-12,Vehicle POL 2995 Aslam Sb.,29800.0,51158031.49,47094078.0,0.05825087309277153,0.06327759511503761
2024-12,Ploughing Expenses,29546.0,51158031.49,47094078.0,0.05775437236238348,0.06273824917009736
2024-12,Repair & Maint,29050.0,51158031.49,47094078.0,0.05678482762902728,0.06168503819100142
2024-12,Vehicle R&M POL 6677 Sohail Sb,28000.0,51158031.49,47094078.0,0.05473236397978533,0.059455458497350774
2024-12,Vehicle R&M POL 2260 Rizwan Sb.,27170.0,51158031.49,47094078.0,0.0531099403332417,0.057693028834750734
2024-12,Vehicle Repair LZH-5455,26770.0,51158031.49,47094078.0,0.05232804941924477,0.056843665141931426
2024-12,Pesticide Exp Okra,26044.0,51158031.49,47094078.0,0.050908917410340336,0.055302070039464406
2024-12,Vehicle POL 6793   Aslam Shakir,26000.0,51158031.49,47094078.0,0.050822909409800665,0.055208640033254285
2024-12,Telephone & Telex Charges (H.O),25850.0,51158031.49,47094078.0,0.05052970031705181,0.054890128648447056
2024-12,House Rent (G.M.),25200.0,51158031.49,47094078.0,0.049259127581806804,0.0535099126476157
2024-12,Vehicle POL LEE-17-7430 Hafiz Qadir,23590.0,51158031.49,47094078.0,0.04611201665296914,0.05009122378401802
2024-12,Entertainment (H.O),23512.0,51158031.49,47094078.0,0.045959547924739746,0.04992559786391826
2024-12,Freight & Octroi,23500.0,51158031.49,47094078.0,0.04593609119731984,0.04990011695313368
2024-12,E.O.B.I Factory,22200.0,51158031.49,47094078.0,0.0433949457268298,0.047139684951470966
2024-12,EOBI Staff,22200.0,51158031.49,47094078.0,0.0433949457268298,0.047139684951470966
2024-12,Vehicle Repair 2995 Aslam Sb.,21870.0,51158031.49,47094078.0,0.04274988572278233,0.04643895990489505
2024-12,Labour charges-Cotton Seed,20868.0,51158031.49,47094078.0,0.040791248983220015,0.044311303854382714
2024-12,Charity & Donation,20610.0,51158031.49,47094078.0,0.04028692934369199,0.04376346427251426
2024-12,Diesel for Tractor,19300.0,51158031.49,47094078.0,0.037726236600352035,0.04098179817853107
2024-12,Social security,17760.0,51158031.49,47094078.0,0.03471595658146384,0.037711747961176774
2024-12,Purchase of Sulphor (Tiger Brand),17000.0,51158031.49,47094078.0,0.033230363844869666,0.03609795694482011
2024-12,Vehicle R&M Repair 2260 Rizwan Sb.,16850.0,51158031.49,47094078.0,0.03293715475212082,0.035779445560012876
2024-12,Freight & Octroi-purchase cotton sd,16500.0,51158031.49,47094078.0,0.0322530002023735,0.03503625232879599
2024-12,Vehicle Running & Maint. (H.O),16305.0,51158031.49,47094078.0,0.0318718283818,0.03462218752854658
2024-12,Labour charges-sunflower,15947.0,51158031.49,47094078.0,0.03117203601377274,0.03386200702347331
2024-12,Misc. Expenses-Selling,14460.0,51158031.49,47094078.0,0.028265356540989137,0.03070449749541758
2024-12,R&M Generator (HO),14000.0,51158031.49,47094078.0,0.027366181989892664,0.029727729248675387
2024-12,Telephone Exp Fty PTCL,13544.0,51158031.49,47094078.0,0.026474826347936162,0.028759454638861388
2024-12,Social Security,13320.0,51158031.49,47094078.0,0.02603696743609788,0.028283810970882582
2024-12,Social Security                 (G),13320.0,51158031.49,47094078.0,0.02603696743609788,0.028283810970882582
2024-12,Labour charges-wheat,12460.0,51158031.49,47094078.0,0.024355901971004474,0.02645767903132109
2024-12,Labour charges SSG(DAL),12319.0,51158031.49,47094078.0,0.024080285423820555,0.026158278329602293
2024-12,Repair & Renovation HO,12255.0,51158031.49,47094078.0,0.023955182877581048,0.026022380138751203
2024-12,Vehicle POL M/C ALF 6829 Hassan Raz,11930.0,51158031.49,47094078.0,0.023319896509958537,0.025332272138335523
2024-12,Vehicle Repair LEH-7012 Hassan Shah,11640.0,51158031.49,47094078.0,0.02275302559731076,0.024716483461041536
2024-12,Pesticide Gulab Shah,11106.0,51158031.49,47094078.0,0.021709201227124855,0.023582582931127773
2024-12,Telephone Expenses-Director,10330.0,51158031.49,47094078.0,0.020192332853970804,0.021934817367058337
2024-12,Pesticide Corn Exp,10168.0,51158031.49,47094078.0,0.019875667033802048,0.021590825071466525
2024-12,Purchase of delinted cotton seed,10071.0,51158031.49,47094078.0,0.019686058487157793,0.021384854375957843
2024-12,Vehicle POL KWM-2868 Nazar Ali,10000.0,51158031.49,47094078.0,0.019547272849923334,0.021234092320482418
2024-12,E.O.B.I,9250.0,51158031.49,47094078.0,0.018081227386179084,0.019641535396446235
2024-12,Vehicle POL KWM-19-3348 Zain Ul Abi,9100.0,51158031.49,47094078.0,0.017788018293430234,0.019323024011639
2024-12,Labour charges-Sunflower,8844.0,51158031.49,47094078.0,0.017287608108472196,0.01877943124823465
2024-12,Repair & Maintenance Electrical,8370.0,51158031.49,47094078.0,0.01636106737538583,0.017772935272243787
2024-12,R&M Tractor],8200.0,51158031.49,47094078.0,0.016028763736937134,0.017411955702795582
2024-12,Labortary Expenses,8060.0,51158031.49,47094078.0,0.015755101917038206,0.01711467841030883
2024-12,Vehicle POL AGC-21-3228 Abdul Rauf,8000.0,51158031.49,47094078.0,0.015637818279938667,0.016987273856385935
2024-12,Vehicle POL KWM-17-4525 Haider Abba,8000.0,51158031.49,47094078.0,0.015637818279938667,0.016987273856385935
2024-12,Vehicle POL-KWM-17-7032 M.Khalid,8000.0,51158031.49,47094078.0,0.015637818279938667,0.016987273856385935
2024-12,Vehicle R&M Repair 6677 Sohail Sb,8000.0,51158031.49,47094078.0,0.015637818279938667,0.016987273856385935
2024-12,Vehicel R&M POL M/C Zakriya,7580.0,51158031.49,47094078.0,0.014816832820241887,0.01609544197892567
2024-12,Misc.Expenses-HO,7550.0,51158031.49,47094078.0,0.014758191001692117,0.016031739701964226
2024-12,Vehicle POL 6793 Subhan Ali,7260.0,51158031.49,47094078.0,0.014191320089044342,0.015415951024670235
2024-12,Pesticide exp,6922.0,51158031.49,47094078.0,0.01353062226671693,0.01469823870423793
2024-12,labour charges vanda,6750.0,51158031.49,47094078.0,0.013194409173698251,0.014333012316325631
2024-12,Travelling & Conveyance Others,6550.0,51158031.49,47094078.0,0.012803463716699784,0.013908330469915983
2024-12,Vehicle R&M Repair 118,6400.0,51158031.49,47094078.0,0.012510254623950934,0.013589819085108748
2024-12,Bank Charges,6372.8,51158031.49,47094078.0,0.012457086041799141,0.013532062353997036
2024-12,Vehicle ALF-6829 Repair Hassan Raza,6230.0,51158031.49,47094078.0,0.012177950985502237,0.013228839515660545
2024-12,Vehicle POL KWK-20-8845 Shahid Sajj,6040.0,51158031.49,47094078.0,0.011806552801353693,0.012825391761571379
2024-12,Misc Expenses,6030.0,51158031.49,47094078.0,0.01178700552850377,0.012804157669250898
2024-12,Vehicle Repair 6793 Aslam Shakir,5800.0,51158031.49,47094078.0,0.011337418252955533,0.012315773545879802
2024-12,Vehicle POL KWK-20-7778 Khaliq Dad,5500.0,51158031.49,47094078.0,0.010751000067457833,0.01167875077626533
2024-12,Labour charges-Cotton seed,5424.0,51158031.49,47094078.0,0.010602440793798415,0.011517371674629663
2024-12,Labour charges-Okra,4883.0,51158031.49,47094078.0,0.009544933332617564,0.010368607280091565
2024-12,Vehicle POL KWN-17-4123 Naveed,4500.0,51158031.49,47094078.0,0.008796272782465501,0.009555341544217088
2024-12,Education Cess,4055.0,51158031.49,47094078.0,0.007926419140643912,0.00861042443595562
2024-12,Accomodation / Residence Expenses,4000.0,51158031.49,47094078.0,0.007818909139969334,0.008493636928192968
2024-12,Freight & octroi-corn seed,4000.0,51158031.49,47094078.0,0.007818909139969334,0.008493636928192968
2024-12,Vehicle Repair KWM17-4525 Haider A,3880.0,51158031.49,47094078.0,0.007584341865770254,0.008238827820347178
2024-12,Postal & Courier Charges,3830.0,51158031.49,47094078.0,0.007486605501520636,0.008132657358744766
2024-12,Telephone Exp Hassan Raza,3800.0,51158031.49,47094078.0,0.0074279636829708675,0.008068955081783319
2024-12,Entertainmetn-Mfg,3680.0,51158031.49,47094078.0,0.007193396408771787,0.00781414597393753
2024-12,Labour Charges Okra,3600.0,51158031.49,47094078.0,0.0070370182259724,0.00764427323537367
2024-12,House Rent (Faisal Driver),3500.0,51158031.49,47094078.0,0.006841545497473166,0.007431932312168847
2024-12,Postal & Courier charges HO,3460.0,51158031.49,47094078.0,0.006763356406073473,0.007346995942886916
2024-12,Freight & Oct. General,3200.0,51158031.49,47094078.0,0.006255127311975467,0.006794909542554374
2024-12,Labour Purchase of Afgoyee Seed,3000.0,51158031.49,47094078.0,0.005864181854977,0.006370227696144726
2024-12,Vehicle POL AGB-6545 Faisal Driver,3000.0,51158031.49,47094078.0,0.005864181854977,0.006370227696144726
2024-12,Misc. Expenses,2990.0,51158031.49,47094078.0,0.005844634582127076,0.006348993603824243
2024-12,Electricity Expenses Bedian,2859.0,51158031.49,47094078.0,0.005588565307793081,0.006070826994425923
2024-12,Misc.Expenses,2820.0,51158031.49,47094078.0,0.00551233094367838,0.005988014034376042
2024-12,Printing & Stationery  (Factory),2760.0,51158031.49,47094078.0,0.0053950473065788405,0.005860609480453148
2024-12,Shelling expenses-corn,2500.0,51158031.49,47094078.0,0.0048868182124808335,0.0053085230801206045
2024-12,Newspaper & Perodical,2445.0,51158031.49,47094078.0,0.004779308211806255,0.005191735572357951
2024-12,Telephone Exp Hassan Gardezi,2400.0,51158031.49,47094078.0,0.0046913454839816,0.005096182156915781
2024-12,Labour charges-cotton(DAL),2280.0,51158031.49,47094078.0,0.00445677820978252,0.004841373049069991
2024-12,Freight & Octroi-Raya,2250.0,51158031.49,47094078.0,0.004398136391232751,0.004777670772108544
2024-12,Social security-staff,2220.0,51158031.49,47094078.0,0.00433949457268298,0.004713968495147097
2024-12,Vehicle Repair KWM-19-3348 Zain Ul,2010.0,51158031.49,47094078.0,0.00392900184283459,0.004268052556416966
2024-12,Labour charges-Misc.,2000.0,51158031.49,47094078.0,0.003909454569984667,0.004246818464096484
2024-12,Telephone Exp-Rizwan Sb,2000.0,51158031.49,47094078.0,0.003909454569984667,0.004246818464096484
2024-12,Vehicle RepairKWK-20-7778 Khaliq Da,2000.0,51158031.49,47094078.0,0.003909454569984667,0.004246818464096484
2024-12,Telephone Exp Aslam Sb,1900.0,51158031.49,47094078.0,0.0037139818414854337,0.0040344775408916594
2024-12,Telephone Exp Zakria,1900.0,51158031.49,47094078.0,0.0037139818414854337,0.0040344775408916594
2024-12,Vehicle POL -17-2347 Mess Safdar,1900.0,51158031.49,47094078.0,0.0037139818414854337,0.0040344775408916594
2024-12,Vehicle Repair AGC-21-3228 Rauf,1900.0,51158031.49,47094078.0,0.0037139818414854337,0.0040344775408916594
2024-12,Entertainment,1800.0,51158031.49,47094078.0,0.0035185091129862,0.003822136617686835
2024-12,Telephone Exp Abdul Rauf,1600.0,51158031.49,47094078.0,0.0031275636559877336,0.003397454771277187
2024-12,Telephone Exp Zafar Iqbal,1460.0,51158031.49,47094078.0,0.002853901836088807,0.003100177478790433
2024-12,Staff Welfare  (Factory),1438.0,51158031.49,47094078.0,0.0028108978358189754,0.0030534624756853716
2024-12,Vehicle Repair-KWM-19-2868 Nazar Ai,1400.0,51158031.49,47094078.0,0.0027366181989892666,0.0029727729248675383
2024-12,Vehicle Repair KWK-20-8845 Shahid S,1330.0,51158031.49,47094078.0,0.0025997872890398035,0.0028241342786241613
2024-12,Telephone Exp Farid,1300.0,51158031.49,47094078.0,0.0025411454704900335,0.0027604320016627144
2024-12,Telephone Exp Khaliq Dad,1300.0,51158031.49,47094078.0,0.0025411454704900335,0.0027604320016627144
2024-12,Telephone Exp Naveed,1300.0,51158031.49,47094078.0,0.0025411454704900335,0.0027604320016627144
2024-12,Vehicle Repair 6793 Subhan Ali,1290.0,51158031.49,47094078.0,0.00252159819764011,0.0027391979093422322
2024-12,Repair & Maint. Office Equipment,1200.0,51158031.49,47094078.0,0.0023456727419908,0.0025480910784578905
2024-12,Labour charges-silage,1140.0,51158031.49,47094078.0,0.00222838910489126,0.0024206865245349953
2024-12,Printing & Stationery H.O,1040.0,51158031.49,47094078.0,0.0020329163763920266,0.002208345601330172
2024-12,Telephone Exp Akhtar Ali,1000.0,51158031.49,47094078.0,0.0019547272849923334,0.002123409232048242
2024-12,Telephone Exp Haider Abbas,1000.0,51158031.49,47094078.0,0.0019547272849923334,0.002123409232048242
2024-12,Telephone Exp Haifz Ghulam Qadir,1000.0,51158031.49,47094078.0,0.0019547272849923334,0.002123409232048242
2024-12,Vehicle R&M Repair 418(Akhtar),1000.0,51158031.49,47094078.0,0.0019547272849923334,0.002123409232048242
2024-12,Vehicle RepairLEE-17-7430 Haifz Qad,1000.0,51158031.49,47094078.0,0.0019547272849923334,0.002123409232048242
2024-12,Telephone Exp Shahid Sajjad,850.0,51158031.49,47094078.0,0.0016615181922434836,0.0018048978472410054
2024-12,Telephone Exp M.Khalid,800.0,51158031.49,47094078.0,0.0015637818279938668,0.0016987273856385935
2024-12,Telephone Exp Nazar Ali,800.0,51158031.49,47094078.0,0.0015637818279938668,0.0016987273856385935
2024-12,Vehicle Repair AGC-21-3251 Zakria,770.0,51158031.49,47094078.0,0.0015051400094440966,0.0016350251086771463
2024-12,Telephone & Telex  (Factory),750.0,51158031.49,47094078.0,0.00146604546374425,0.0015925569240361815
2024-12,Telephone Exp Kafitullah,750.0,51158031.49,47094078.0,0.00146604546374425,0.0015925569240361815
2024-12,Vehicle Running & Maint.Gen(Factor,670.0,51158031.49,47094078.0,0.0013096672809448633,0.001422684185472322
2024-12,Telephone Exp Subhan Ali,650.0,51158031.49,47094078.0,0.0012705727352450168,0.0013802160008313572
2024-12,Freight & Octori-cotton seed,300.0,51158031.49,47094078.0,0.0005864181854977,0.0006370227696144726
2024-12,Vehicle Repari AGB-6545 Faisal Driv,250.0,51158031.49,47094078.0,0.0004886818212480834,0.0005308523080120605
2024-12,Vehicle Repair KWM-17-7032 M.Khalid,140.0,51158031.49,47094078.0,0.00027366181989892666,0.00029727729248675387
2024-12,Chemical application & packing char,-8754.0,51158031.49,47094078.0,-0.017111682652822886,-0.018588324417350307
2024-12,Electricity,-14495.0,51158031.49,47094078.0,-0.02833377199596387,-0.030778816818539268
2024-12,Farm Income (39/10-R),-21000.0,51158031.49,47094078.0,-0.041049272984839,-0.04459159387301308
2024-12,Pesticide Expenses,-61784.0,51158031.49,47094078.0,-0.12077087057596632,-0.13119271599286858
2024-12,Delinting & processing-cotton seed,-140064.0,51158031.49,47094078.0,-0.27378692244516617,-0.2974131906776049
2024-12,Processing charges-Sunflower,-161280.0,51158031.49,47094078.0,-0.31525841652356357,-0.34246344094474046
2024-12,Other Income,-193981.0,51158031.49,47094078.0,-0.3791799534700978,-0.41190104624194995
2024-12,Income-Abbas Khan farm,-510519.0,51158031.49,47094078.0,-0.997925418807001,-1.0840407577360365
2025-01,Purchase of Millet(BAJRA),45000000.0,55028673.6,28681692.0,81.77554910209575,156.89450957077426
2025-01,Purchase of Sunflower,5911860.0,55028673.6,28681692.0,10.743235504771462,20.611963896690614
2025-01,Salary & Wages-Production staff,967679.0,55028673.6,28681692.0,1.7584995906570426,3.373856047265273
2025-01,Salaries & Wages,540597.0,55028673.6,28681692.0,0.98239147817657,1.8848155820095969
2025-01,Germination Claim Wheat,414400.0,55028673.6,28681692.0,0.7530619455090772,1.4448241059139748
2025-01,Salaries & Wages (Factory),367262.0,55028673.6,28681692.0,0.6674011492074197,1.28047536386626
2025-01,Labour charges-Misc,319197.0,55028673.6,28681692.0,0.580055776594259,1.1128945949213875
2025-01,Discount-wheat seed,271600.0,55028673.6,28681692.0,0.4935608696917601,0.946945528876051
2025-01,Insurance Stock,265600.0,55028673.6,28681692.0,0.48265746314481406,0.926026260933281
2025-01,Labour charges(Daily Marketing staf,262440.0,55028673.6,28681692.0,0.4769150023634224,0.9150087798167555
2025-01,Labour charges-corn(DAL),202146.0,55028673.6,28681692.0,0.36734666997316107,0.7047910562598608
2025-01,Labour charges,164438.0,55028673.6,28681692.0,0.2988223942944538,0.5733204303288661
2025-01,Vehicle 2.OD POL 4382 Dr. Anwar Sb.,155720.0,55028673.6,28681692.0,0.2829797445817411,0.5429247340080215
2025-01,Labour Charges Dryer Corn,126563.0,55028673.6,28681692.0,0.22999464046685653,0.4412675514401312
2025-01,Seasonal Disc.Corn(Mosmi)July-Dec,115019.0,55028673.6,28681692.0,0.20901648627053224,0.4010188799182419
2025-01,Hybrid Testing Fee,110000.0,55028673.6,28681692.0,0.1998957866940118,0.38351991228411486
2025-01,Insurance Plant & Machinery,108571.0,55028673.6,28681692.0,0.19729895870141417,0.3785376399690785
2025-01,Freight & octroi-corn seed,103400.0,55028673.6,28681692.0,0.1879020394923711,0.360508717547068
2025-01,Importer License Fee FSC & RD,75000.0,55028673.6,28681692.0,0.13629258183682624,0.2614908492846238
2025-01,Lease expenses,70000.0,55028673.6,28681692.0,0.12720640971437117,0.2440581259989822
2025-01,Ploughing expenses-fty,62000.0,55028673.6,28681692.0,0.11266853431844302,0.21616576874195567
2025-01,Vehicle R&M POL 2260 Rizwan Sb.,58000.0,55028673.6,28681692.0,0.10539959662047896,0.2022195901134424
2025-01,audit Fee-ISO,55000.0,55028673.6,28681692.0,0.0999478933470059,0.19175995614205743
2025-01,Vehicle POL LZH-5455,50750.0,55028673.6,28681692.0,0.09222464704291909,0.1769421413492621
2025-01,Vehicle R&M POL 118,49008.0,55028673.6,28681692.0,0.08905902467545575,0.17086858055654458
2025-01,Sales Promotion Expenses,45330.0,55028673.6,28681692.0,0.08237523646217779,0.15804506930762663
2025-01,Advertisement Expenses-selling,45200.0,55028673.6,28681692.0,0.08213899598699395,0.15759181850219994
2025-01,Consultency Fee-ISO,45000.0,55028673.6,28681692.0,0.08177554910209575,0.15689450957077428
2025-01,Micronutrient expenses,44000.0,55028673.6,28681692.0,0.07995831467760472,0.15340796491364597
2025-01,Salary & wages,44000.0,55028673.6,28681692.0,0.07995831467760472,0.15340796491364597
2025-01,labour charges-wheat(DAL),39244.0,55028673.6,28681692.0,0.07131554775472546,0.13682595852434368
2025-01,Vehicle 2.OD Repair 4382 Dr.Sb,37950.0,55028673.6,28681692.0,0.06896404640943408,0.13231436973801966
2025-01,Germination Claim,36500.0,55028673.6,28681692.0,0.06632905649392211,0.1272588799851836
2025-01,Vehicle R&M Pol 418 (Akhtar),35822.0,55028673.6,28681692.0,0.0650969715541172,0.12489500270765057
2025-01,Labour charges-Cotton Seed,30525.0,55028673.6,28681692.0,0.05547108080758828,0.10642677565884189
2025-01,Packing Material Consumed,28210.0,55028673.6,28681692.0,0.05126418311489157,0.09835542477758984
2025-01,Labour charges-Cotton seed,27811.0,55028673.6,28681692.0,0.05053910657951967,0.09696429345939563
2025-01,Entertainment  (Factory),26270.0,55028673.6,28681692.0,0.047738748331379005,0.09159152814276089
2025-01,House Rent (G.M.),25200.0,55028673.6,28681692.0,0.045794307497173614,0.0878609253596336
2025-01,Vehicle Repair LZH-5455,24850.0,55028673.6,28681692.0,0.045158275448601765,0.08664063472963869
2025-01,Ploughing Expenses,24000.0,55028673.6,28681692.0,0.043613626187784395,0.08367707177107961
2025-01,Pesticide Expenses,23000.0,55028673.6,28681692.0,0.04179639176329338,0.08019052711395129
2025-01,Canteen Expenses,22263.0,55028673.6,28681692.0,0.040457089992443504,0.07762094370164772
2025-01,E.O.B.I Factory,22200.0,55028673.6,28681692.0,0.04034260422370057,0.07740129138824864
2025-01,EOBI Staff,22200.0,55028673.6,28681692.0,0.04034260422370057,0.07740129138824864
2025-01,Vehicle POL LEE-17-7430 Hafiz Qadir,22020.0,55028673.6,28681692.0,0.040015502027292184,0.07677371334996555
2025-01,Misc. Expenses-Selling,21670.0,55028673.6,28681692.0,0.03937946997872033,0.07555342271997063
2025-01,Legal & Professional Charges,20880.0,55028673.6,28681692.0,0.03794385478337242,0.07279905244083927
2025-01,Labortary Expenses,20060.0,55028673.6,28681692.0,0.036453722555289794,0.06994008582199404
2025-01,Tag & Sticker Expenses,19250.0,55028673.6,28681692.0,0.034981762671452074,0.0671159846497201
2025-01,Vehicle POL LEH-7012 Hassan Shah,19200.0,55028673.6,28681692.0,0.03489090095022752,0.0669416574168637
2025-01,Vehicle POL 2995 Aslam Sb.,19180.0,55028673.6,28681692.0,0.034854556261737696,0.06687192652372112
2025-01,Social security,17760.0,55028673.6,28681692.0,0.032274083378960455,0.06192103311059891
2025-01,Accomodation / Residence Expenses,15160.0,55028673.6,28681692.0,0.02754927387528381,0.05285601700206529
2025-01,Printing & Stationery  (Factory),14335.0,55028673.6,28681692.0,0.026050055475078722,0.049979617659934424
2025-01,Travelling & Conveyance Others,14300.0,55028673.6,28681692.0,0.02598645227022154,0.04985758859693493
2025-01,Vehicle POL 6793 Subhan Ali,13610.0,55028673.6,28681692.0,0.024732560517322734,0.0474518727835164
2025-01,Social Security,13320.0,55028673.6,28681692.0,0.02420556253422034,0.046440774832949186
2025-01,Social Security                 (G),13320.0,55028673.6,28681692.0,0.02420556253422034,0.046440774832949186
2025-01,R&M Generator (HO),12850.0,55028673.6,28681692.0,0.02335146235470956,0.04480209884409888
2025-01,Repair & Renovation HO,12850.0,55028673.6,28681692.0,0.02335146235470956,0.04480209884409888
2025-01,Gardening & Plantation,12800.0,55028673.6,28681692.0,0.023260600633485014,0.044627771611242456
2025-01,Labour charges-SSG,11600.0,55028673.6,28681692.0,0.02107991932409579,0.04044391802268848
2025-01,Vehicle POL KWM-19-3348 Zain Ul Abi,10400.0,55028673.6,28681692.0,0.01889923801470657,0.0362600644341345
2025-01,Vehicle POL KWM-2868 Nazar Ali,10000.0,55028673.6,28681692.0,0.01817234424491017,0.034865446571283175
2025-01,Telephone Expenses-Director,9300.0,55028673.6,28681692.0,0.016900280147766452,0.03242486531129335
2025-01,E.O.B.I,9250.0,55028673.6,28681692.0,0.016809418426541906,0.03225053807843694
2025-01,Misc expenses,9250.0,55028673.6,28681692.0,0.016809418426541906,0.03225053807843694
2025-01,Vehicle R&M Repair 118,8600.0,55028673.6,28681692.0,0.015628216050622742,0.02998428405130353
2025-01,Labour charges(DAL)Pddy,7943.0,55028673.6,28681692.0,0.014434293033732145,0.027693624211570227
2025-01,Vehicle POL-KWM-17-7032 M.Khalid,7500.0,55028673.6,28681692.0,0.013629258183682625,0.026149084928462383
2025-01,Vehicle POL M/C ALF 6829 Hassan Raz,7460.0,55028673.6,28681692.0,0.013556568806702985,0.026009623142177245
2025-01,Staff Welfare  (Factory),7403.0,55028673.6,28681692.0,0.013452986444506996,0.025810890096720933
2025-01,Vehicle Repair LEH-7012 Hassan Shah,7220.0,55028673.6,28681692.0,0.013120432544825141,0.02517285242446645
2025-01,Vehicle R&M Repair 2260 Rizwan Sb.,7000.0,55028673.6,28681692.0,0.012720640971437117,0.02440581259989822
2025-01,Repair & Maintenance Electrical,6800.0,55028673.6,28681692.0,0.012357194086538913,0.023708503668472557
2025-01,Vehicle Repair 2995 Aslam Sb.,6750.0,55028673.6,28681692.0,0.01226633236531436,0.02353417643561614
2025-01,Vehicle RepairLEE-17-7430 Haifz Qad,6740.0,55028673.6,28681692.0,0.012248160021069451,0.02349931098904486
2025-01,Vehicle Repari AGB-6545 Faisal Driv,6550.0,55028673.6,28681692.0,0.011902885480416158,0.022836867504190478
2025-01,labour charges-paddy,6212.0,55028673.6,28681692.0,0.011288660244938195,0.02165841541008111
2025-01,Freight & Octroi,6000.0,55028673.6,28681692.0,0.010903406546946099,0.020919267942769902
2025-01,Vehicle POL KWK-20-8845 Shahid Sajj,5852.0,55028673.6,28681692.0,0.010634455852121428,0.020403259333514914
2025-01,Labour charges SSG(DAL),5814.0,55028673.6,28681692.0,0.01056540094399077,0.020270770636544037
2025-01,Vehicle POL KWM-17-4525 Haider Abba,5020.0,55028673.6,28681692.0,0.009122516810944904,0.01750245417878415
2025-01,Vehicle R&M POL 9700 Zafar Iqbal,4800.0,55028673.6,28681692.0,0.00872272523755688,0.016735414354215924
2025-01,Entertainmetn-Mfg,4720.0,55028673.6,28681692.0,0.008577346483597597,0.01645649078164566
2025-01,Purchase of wheat seed,4680.0,55028673.6,28681692.0,0.008504657106617958,0.016317028995360527
2025-01,Vehicle POL KWK-20-7778 Khaliq Dad,4620.0,55028673.6,28681692.0,0.008395623041148497,0.016107836315932825
2025-01,Education Cess,4499.0,55028673.6,28681692.0,0.008175737675785083,0.0156859644124203
2025-01,Postal & Courier Charges,4418.0,55028673.6,28681692.0,0.008028541687401311,0.015403554295192906
2025-01,Vehicle R&M Repair 418(Akhtar),4400.0,55028673.6,28681692.0,0.007995831467760473,0.015340796491364597
2025-01,Discount on sale of Raya Seed,4000.0,55028673.6,28681692.0,0.007268937697964066,0.01394617862851327
2025-01,Vehicle POL KWN-17-4123 Naveed,4000.0,55028673.6,28681692.0,0.007268937697964066,0.01394617862851327
2025-01,House Rent (Faisal Driver),3500.0,55028673.6,28681692.0,0.006360320485718558,0.01220290629994911
2025-01,Vehicle Repair KWM-19-3348 Zain Ul,3280.0,55028673.6,28681692.0,0.0059605289123305346,0.01143586647538088
2025-01,Vehicel R&M POL M/C Zakriya,3100.0,55028673.6,28681692.0,0.005633426715922152,0.010808288437097783
2025-01,Vehicle ALF-6829 Repair Hassan Raza,3010.0,55028673.6,28681692.0,0.00546987561771796,0.010494499417956235
2025-01,Freight & Octroi-vanda,3000.0,55028673.6,28681692.0,0.005451703273473049,0.010459633971384951
2025-01,Vehicle POL AGB-6545 Faisal Driver,3000.0,55028673.6,28681692.0,0.005451703273473049,0.010459633971384951
2025-01,Telephone Exp Naveed,2880.0,55028673.6,28681692.0,0.005233635142534127,0.010041248612529554
2025-01,Vehicle Repair 6793 Subhan Ali,2810.0,55028673.6,28681692.0,0.005106428732819757,0.009797190486530572
2025-01,Electricity Expenses Bedian,2609.0,55028673.6,28681692.0,0.004741164613497062,0.00909639501044778
2025-01,Telephone & Telex  (Factory),2500.0,55028673.6,28681692.0,0.004543086061227542,0.008716361642820794
2025-01,Labour Charge Raya,2320.0,55028673.6,28681692.0,0.0042159838648191585,0.008088783604537696
2025-01,Social security-staff,2220.0,55028673.6,28681692.0,0.004034260422370057,0.007740129138824864
2025-01,Freight & Oct. General,2200.0,55028673.6,28681692.0,0.003997915733880236,0.0076703982456822984
2025-01,Telephone Exp Akhtar Ali,2100.0,55028673.6,28681692.0,0.003816192291431135,0.007321743779969466
2025-01,Bank Charges,2080.6,55028673.6,28681692.0,0.0037809379435960093,0.0072541048136211764
2025-01,Telephone Exp Aslam Sb,2000.0,55028673.6,28681692.0,0.003634468848982033,0.006973089314256635
2025-01,Telephone Exp Hassan Raza,2000.0,55028673.6,28681692.0,0.003634468848982033,0.006973089314256635
2025-01,Telephone Exp Zakria,2000.0,55028673.6,28681692.0,0.003634468848982033,0.006973089314256635
2025-01,Misc Expenses,1980.0,55028673.6,28681692.0,0.003598124160492213,0.006903358421114069
2025-01,Entertainment,1860.0,55028673.6,28681692.0,0.0033800560295532906,0.00648497306225867
2025-01,Telephone Exp-Rizwan Sb,1800.0,55028673.6,28681692.0,0.0032710219640838295,0.006275780382830971
2025-01,Additional Discount,1750.0,55028673.6,28681692.0,0.003180160242859279,0.006101453149974555
2025-01,Vehicle Repair KWK-20-8845 Shahid S,1750.0,55028673.6,28681692.0,0.003180160242859279,0.006101453149974555
2025-01,Vehicle Repair-KWM-19-2868 Nazar Ai,1720.0,55028673.6,28681692.0,0.0031256432101245484,0.005996856810260706
2025-01,Labour charges-silage,1660.0,55028673.6,28681692.0,0.0030166091446550873,0.005787664130833007
2025-01,Vehicle POL -17-2347 Mess Safdar,1650.0,55028673.6,28681692.0,0.0029984368004101775,0.005752798684261724
2025-01,Vehicle Repair KWM17-4525 Haider A,1570.0,55028673.6,28681692.0,0.002853058046450896,0.005473875111691458
2025-01,Misc.Expenses,1400.0,55028673.6,28681692.0,0.002544128194287423,0.004881162519979644
2025-01,Freight & Octroi-Raya,1350.0,55028673.6,28681692.0,0.0024532664730628722,0.004706835287123228
2025-01,Misc. Expenses,1320.0,55028673.6,28681692.0,0.002398749440328142,0.004602238947409378
2025-01,Telephone Exp Farid,1300.0,55028673.6,28681692.0,0.0023624047518383214,0.004532508054266813
2025-01,Telephone Exp Khaliq Dad,1300.0,55028673.6,28681692.0,0.0023624047518383214,0.004532508054266813
2025-01,Telephone Exp Subhan Ali,1300.0,55028673.6,28681692.0,0.0023624047518383214,0.004532508054266813
2025-01,Telephone Exp Zafar Iqbal,1180.0,55028673.6,28681692.0,0.0021443366208993993,0.004114122695411415
2025-01,Telephone Exp Haider Abbas,1000.0,55028673.6,28681692.0,0.0018172344244910166,0.0034865446571283173
2025-01,Telephone Exp Haifz Ghulam Qadir,1000.0,55028673.6,28681692.0,0.0018172344244910166,0.0034865446571283173
2025-01,Vehicle Running & Maint.Gen(Factor,848.0,55028673.6,28681692.0,0.001541014791968382,0.0029565898692448128
2025-01,Telephone Exp M.Khalid,800.0,55028673.6,28681692.0,0.0014537875395928134,0.0027892357257026535
2025-01,Telephone Exp Nazar Ali,800.0,55028673.6,28681692.0,0.0014537875395928134,0.0027892357257026535
2025-01,Telephone Exp Kafitullah,750.0,55028673.6,28681692.0,0.0013629258183682623,0.0026149084928462378
2025-01,Freight & Octroi-chemicals,700.0,55028673.6,28681692.0,0.0012720640971437115,0.002440581259989822
2025-01,Telephone Exp Shahid Sajjad,700.0,55028673.6,28681692.0,0.0012720640971437115,0.002440581259989822
2025-01,Vehicle Repari KWM-17-2347 Mess,660.0,55028673.6,28681692.0,0.001199374720164071,0.002301119473704689
2025-01,Repair & Maint. Office Equipment,400.0,55028673.6,28681692.0,0.0007268937697964067,0.0013946178628513268
2025-01,Freight & octroi-packing material,290.0,55028673.6,28681692.0,0.0005269979831023948,0.001011097950567212
2025-01,Freight & Octori-cotton seed,200.0,55028673.6,28681692.0,0.00036344688489820334,0.0006973089314256634
2025-01,Labour charges-Okra,171.0,55028673.6,28681692.0,0.0003107470865879638,0.0005961991363689422
2025-01,Processing charges-corn seed,-37380.0,55028673.6,28681692.0,-0.0679282227874742,-0.13032703928345651
2025-01,Chemical application & packing char,-89744.0,55028673.6,28681692.0,-0.1630858861915218,-0.3128964637093237
2025-01,Other Income,-249402.0,55028673.6,28681692.0,-0.45322189993690853,-0.8695512105771165
2025-01,Processing charges-paddy,-601176.0,55028673.6,28681692.0,-1.0924777223778115,-2.096026970793773
2025-01,Delinting & processing-cotton seed,-1040634.0,55028673.6,28681692.0,-1.8910759280957847,-3.628216912726069
2025-02,Purchase of Sunflower,1215700.0,6107726.0,44886907.0,19.90429826092395,2.708362151127945
2025-02,Salary & Wages-Production staff,967679.0,6107726.0,44886907.0,15.843523432452603,2.1558157259532273
2025-02,Electricity Charges,924841.0,6107726.0,44886907.0,15.142149467739713,2.0603803242669407
2025-02,Salaries & Wages,670597.0,6107726.0,44886907.0,10.979487291997055,1.4939701681828959
2025-02,Salaries & Wages (H.O),614400.0,6107726.0,44886907.0,10.059390352481431,1.3687733039837207
2025-02,Salary & Wages,458600.0,6107726.0,44886907.0,7.508522811927057,1.0216787714956612
2025-02,Directors Remuneration,420000.0,6107726.0,44886907.0,6.876536373766603,0.9356848757701215
2025-02,Salaries & Wages (Factory),367262.0,6107726.0,44886907.0,6.013072623100643,0.8181940448692533
2025-02,Labour charges-Misc,316000.0,6107726.0,44886907.0,5.173774985976777,0.7039914779603772
2025-02,Labour Charges,293192.0,6107726.0,44886907.0,4.800346315469947,0.653179333563794
2025-02,Labour charges,263997.0,6107726.0,44886907.0,4.3223451739649095,0.5881380955921066
2025-02,Labour charges-corn(DAL),207262.0,6107726.0,44886907.0,3.3934397188086036,0.4617426636234927
2025-02,Freight & octroi-corn seed,169550.0,6107726.0,44886907.0,2.7759922432669706,0.37772707306386694
2025-02,Vehicle 2.OD POL 4382 Dr. Anwar Sb.,143350.0,6107726.0,44886907.0,2.347027355189149,0.3193581593848736
2025-02,Labour charges-Cotton Seed,135547.0,6107726.0,44886907.0,2.2192711329879566,0.30197447108574443
2025-02,Ploughing Expenses,130650.0,6107726.0,44886907.0,2.1390939934109685,0.29106483099849134
2025-02,Labour charges(Daily Marketing staf,112440.0,6107726.0,44886907.0,1.8409470234912306,0.25049620817045826
2025-02,Hybrid Testing Fee,99300.0,6107726.0,44886907.0,1.6258096712262466,0.22122263848565016
2025-02,Seasonal Disc.Corn(Mosmi)July-Dec,95000.0,6107726.0,44886907.0,1.5554070369233983,0.21164300761467034
2025-02,Micronutrient expenses,87000.0,6107726.0,44886907.0,1.4244253917087963,0.19382043855238232
2025-02,Vehicle R&M Repair 6677 Sohail Sb,82500.0,6107726.0,44886907.0,1.3507482162755828,0.18379524345484533
2025-02,Misc.Expenses-HO,80120.0,6107726.0,44886907.0,1.3117811768242387,0.1784930291588146
2025-02,Labour Charges Dryer Corn,71270.0,6107726.0,44886907.0,1.1668827318055852,0.1587768121336585
2025-02,Labour charges-Cotton seed,65799.0,6107726.0,44886907.0,1.0773076591844493,0.14658840271618626
2025-02,Vehicle POL LEH-7012 Hassan Shah,63180.0,6107726.0,44886907.0,1.0344275430823189,0.14075373916941972
2025-02,Vehicle R&M Repair 118,61200.0,6107726.0,44886907.0,1.002009585891705,0.13634265332650342
2025-02,Vehicle Running & Maint. (H.O),58569.0,6107726.0,44886907.0,0.9589329973217529,0.13048125592614346
2025-02,Telephone & Telex Charges (H.O),57130.0,6107726.0,44886907.0,0.9353726738887763,0.1272754213160644
2025-02,Entertainment  (Factory),56781.0,6107726.0,44886907.0,0.9296585996162893,0.12649791174072209
2025-02,Vehicle Repair LEH-7012 Hassan Shah,55200.0,6107726.0,44886907.0,0.9037733519807535,0.12297572652978742
2025-02,Vehicle R&M POL 2260 Rizwan Sb.,47000.0,6107726.0,44886907.0,0.7695171656357865,0.10470759324094217
2025-02,Vehicle 2.OD Repair 4382 Dr.Sb,46825.0,6107726.0,44886907.0,0.7666519421467172,0.10431772454270463
2025-02,Vehicle R&M POL 118,45314.0,6107726.0,44886907.0,0.7419127839068093,0.10095148681106497
2025-02,Travelling & Conveyance Others,43810.0,6107726.0,44886907.0,0.717288234606464,0.09760084382735482
2025-02,Germination Claim Wheat,42750.0,6107726.0,44886907.0,0.6999331666155293,0.09523935342660166
2025-02,Canteen Expenses,40297.0,6107726.0,44886907.0,0.659770919651602,0.08977450818787759
2025-02,Entertainment (H.O),37001.0,6107726.0,44886907.0,0.6058064818231859,0.08243160973421493
2025-02,Printing & Stationery H.O,35160.0,6107726.0,44886907.0,0.5756643307181756,0.0783301910287559
2025-02,labour charges-wheat(DAL),31485.0,6107726.0,44886907.0,0.5154946374477178,0.07014294836576733
2025-02,Vehicle R&M Pol 418 (Akhtar),31069.0,6107726.0,44886907.0,0.5086835918965585,0.06921617477452835
2025-02,Staff Welfare  (Factory),30880.0,6107726.0,44886907.0,0.5055891505283636,0.0687951165804318
2025-02,Vehicle POL LZH-5455,30000.0,6107726.0,44886907.0,0.4911811695547574,0.06683463398358011
2025-02,Electricity Charges (H.O),26040.0,6107726.0,44886907.0,0.4263452551735294,0.058012462297747536
2025-02,Vehicle R&M POL 6677 Sohail Sb,26000.0,6107726.0,44886907.0,0.4256903469474564,0.0579233494524361
2025-02,House Rent (G.M.),25200.0,6107726.0,44886907.0,0.41259218242599616,0.05614109254620729
2025-02,Packing Material Consumed,25000.0,6107726.0,44886907.0,0.4093176412956311,0.05569552831965009
2025-02,Misc. Expenses-Selling,24980.0,6107726.0,44886907.0,0.40899018718259467,0.055650971896994375
2025-02,Misc. Expenses,23885.0,6107726.0,44886907.0,0.391062074493846,0.053211507756593696
2025-02,Vehicle POL LEE-17-7430 Hafiz Qadir,23790.0,6107726.0,44886907.0,0.3895066674569226,0.052999864748979025
2025-02,Fee & Subscription,22225.0,6107726.0,44886907.0,0.3638833831118161,0.04951332467616894
2025-02,E.O.B.I Factory,22200.0,6107726.0,44886907.0,0.36347406547052047,0.049457629147849284
2025-02,EOBI Staff,22200.0,6107726.0,44886907.0,0.36347406547052047,0.049457629147849284
2025-02,Vehicle POL 2995 Aslam Sb.,22170.0,6107726.0,44886907.0,0.3629828843009657,0.0493907945138657
2025-02,Social security,17760.0,6107726.0,44886907.0,0.2907792523764164,0.03956610331827942
2025-02,Tag & Sticker Expenses,16100.0,6107726.0,44886907.0,0.26360056099438645,0.03586792023785466
2025-02,Irrigation expenses,14800.0,6107726.0,44886907.0,0.24231604364701362,0.032971752765232856
2025-02,Social Security,13320.0,6107726.0,44886907.0,0.2180844392823123,0.02967457748870957
2025-02,Social Security                 (G),13320.0,6107726.0,44886907.0,0.2180844392823123,0.02967457748870957
2025-02,Land Lease Exp,13000.0,6107726.0,44886907.0,0.2128451734737282,0.02896167472621805
2025-02,Ploughing expenses,13000.0,6107726.0,44886907.0,0.2128451734737282,0.02896167472621805
2025-02,Freight & Octori-cotton seed,12300.0,6107726.0,44886907.0,0.20138427951745053,0.027402199933267847
2025-02,Labour charges-SSG,11883.0,6107726.0,44886907.0,0.1945568612606394,0.026473198520896083
2025-02,Vehicle POL KWM-2868 Nazar Ali,11000.0,6107726.0,44886907.0,0.1800997621700777,0.024506032460646043
2025-02,Misc Expenses,10974.0,6107726.0,44886907.0,0.17967407182313022,0.024448109111193602
2025-02,Vehicle POL M/C ALF 6829 Hassan Raz,10960.0,6107726.0,44886907.0,0.1794448539440047,0.024416919615334605
2025-02,Legal & Professional Charges,10440.0,6107726.0,44886907.0,0.17093104700505557,0.02325845262628588
2025-02,Postal & Courier Charges,10019.0,6107726.0,44886907.0,0.16403813792563712,0.02232053992938297
2025-02,E.O.B.I,9250.0,6107726.0,44886907.0,0.15144752727938351,0.020607345478270533
2025-02,Printing & Stationery  (Factory),9000.0,6107726.0,44886907.0,0.1473543508664272,0.020050390195074035
2025-02,labour charges-paddy,8943.0,6107726.0,44886907.0,0.14642110664427319,0.01992340439050523
2025-02,Labour charges vanda,7846.0,6107726.0,44886907.0,0.12846024854422086,0.017479484607838987
2025-02,Vehicle POL 6793 Subhan Ali,7230.0,6107726.0,44886907.0,0.11837466186269653,0.016107146790042808
2025-02,Telephone Exp Fty PTCL,7150.0,6107726.0,44886907.0,0.1170648454105505,0.015928921099419926
2025-02,Vehicle POL-KWM-17-7032 M.Khalid,7000.0,6107726.0,44886907.0,0.11460893956277672,0.015594747929502027
2025-02,Labour charges(DAL)Pddy,6754.0,6107726.0,44886907.0,0.11058125397242771,0.01504670393083667
2025-02,Advertisement Expenses-selling,6000.0,6107726.0,44886907.0,0.09823623391095146,0.013366926796716022
2025-02,Freight & Octroi-SSG,6000.0,6107726.0,44886907.0,0.09823623391095146,0.013366926796716022
2025-02,Vehicle POL 6793   Aslam Shakir,6000.0,6107726.0,44886907.0,0.09823623391095146,0.013366926796716022
2025-02,Vehicle POL KWK-20-8845 Shahid Sajj,5936.0,6107726.0,44886907.0,0.09718838074923465,0.013224346244217717
2025-02,Bank Charges,5754.0,6107726.0,44886907.0,0.09420854832060246,0.012818882798050667
2025-02,Vegetable Seed,4843.0,6107726.0,44886907.0,0.07929301347178966,0.010789337746082617
2025-02,Repair & Renovation HO,4825.0,6107726.0,44886907.0,0.0789983047700568,0.010749236965692468
2025-02,Vehicle R&M POL & Repair,4785.0,6107726.0,44886907.0,0.0783433965439838,0.010660124120381028
2025-02,Labour charges-wheat,4640.0,6107726.0,44886907.0,0.07596935422446914,0.010337090056127056
2025-02,Freight & Octroi,4500.0,6107726.0,44886907.0,0.0736771754332136,0.010025195097537017
2025-02,Postal & Courier charges HO,4105.0,6107726.0,44886907.0,0.06720995670074263,0.009145205750086545
2025-02,Vehicle POL AGC-21-3228 Abdul Rauf,4000.0,6107726.0,44886907.0,0.06549082260730099,0.008911284531144014
2025-02,Vehicle POL KWK-20-7778 Khaliq Dad,4000.0,6107726.0,44886907.0,0.06549082260730099,0.008911284531144014
2025-02,Vehicle POL KWN-17-4123 Naveed,4000.0,6107726.0,44886907.0,0.06549082260730099,0.008911284531144014
2025-02,Vehicle POL KWM-19-3348 Zain Ul Abi,3900.0,6107726.0,44886907.0,0.06385355204211846,0.008688502417865415
2025-02,Vehicle Repair 2995 Aslam Sb.,3900.0,6107726.0,44886907.0,0.06385355204211846,0.008688502417865415
2025-02,Labour charges SSG(DAL),3668.0,6107726.0,44886907.0,0.06005508433089501,0.00817164791505906
2025-02,Vehicle Repair KWK-20-8845 Shahid S,3620.0,6107726.0,44886907.0,0.05926919445960739,0.008064712500685333
2025-02,House Rent (Faisal Driver),3500.0,6107726.0,44886907.0,0.05730446978138836,0.007797373964751013
2025-02,Education Cess,3370.0,6107726.0,44886907.0,0.05517601804665108,0.007507757217488832
2025-02,Vehicel R&M POL M/C Zakriya,3300.0,6107726.0,44886907.0,0.05402992865102331,0.0073518097381938124
2025-02,Vehicle RepairLEE-17-7430 Haifz Qad,3200.0,6107726.0,44886907.0,0.05239265808584079,0.007129027624915212
2025-02,Vehicle Repair-KWM-19-2868 Nazar Ai,3130.0,6107726.0,44886907.0,0.05124656869021302,0.006973080145620191
2025-02,Vehicle Running & Maint.Gen(Factor,3070.0,6107726.0,44886907.0,0.050264206351103506,0.006839410877653032
2025-02,Misc expenses,3060.0,6107726.0,44886907.0,0.050100479294585255,0.006817132666325171
2025-02,Vehicle POL AGB-6545 Faisal Driver,3000.0,6107726.0,44886907.0,0.04911811695547573,0.006683463398358011
2025-02,Vehicle POL KWM-17-4525 Haider Abba,3000.0,6107726.0,44886907.0,0.04911811695547573,0.006683463398358011
2025-02,Electricity Expenses Bedian,2697.0,6107726.0,44886907.0,0.04415718714297268,0.006008433595123852
2025-02,Labortary Expenses,2430.0,6107726.0,44886907.0,0.03978567473393535,0.005413605352669989
2025-02,Vehicle Repair LZH-5455,2400.0,6107726.0,44886907.0,0.03929449356438059,0.005346770718686409
2025-02,Social security-staff,2220.0,6107726.0,44886907.0,0.03634740654705205,0.004945762914784928
2025-02,Freight & Octroi-chemicals,2200.0,6107726.0,44886907.0,0.03601995243401554,0.004901206492129208
2025-02,Gardening & Plantation,2170.0,6107726.0,44886907.0,0.03552877126446079,0.004834371858145628
2025-02,Entertainmetn-Mfg,2100.0,6107726.0,44886907.0,0.03438268186883302,0.004678424378850608
2025-02,Vehicle R&M Repair 418(Akhtar),2100.0,6107726.0,44886907.0,0.03438268186883302,0.004678424378850608
2025-02,Telephone Exp Aslam Sb,2000.0,6107726.0,44886907.0,0.032745411303650496,0.004455642265572007
2025-02,Telephone Exp Hassan Raza,2000.0,6107726.0,44886907.0,0.032745411303650496,0.004455642265572007
2025-02,Telephone Exp Zakria,2000.0,6107726.0,44886907.0,0.032745411303650496,0.004455642265572007
2025-02,Telephone Exp-Rizwan Sb,2000.0,6107726.0,44886907.0,0.032745411303650496,0.004455642265572007
2025-02,Vehicle Repair KWM-17-7032 M.Khalid,1900.0,6107726.0,44886907.0,0.031108140738467963,0.004232860152293407
2025-02,Entertainment,1830.0,6107726.0,44886907.0,0.0299620513428402,0.004076912672998387
2025-02,Vehicle ALF-6829 Repair Hassan Raza,1750.0,6107726.0,44886907.0,0.02865223489069418,0.0038986869823755066
2025-02,Telephone & Telex  (Factory),1700.0,6107726.0,44886907.0,0.02783359960810292,0.003787295925736207
2025-02,Vehicle Repair 6793 Subhan Ali,1650.0,6107726.0,44886907.0,0.027014964325511655,0.0036759048690969062
2025-02,Labour charges-silage,1607.0,6107726.0,44886907.0,0.02631093798248317,0.0035801085603871076
2025-02,Freight & Octroi-javi,1600.0,6107726.0,44886907.0,0.026196329042920394,0.003564513812457606
2025-02,Repair & Maint. Office Equipment,1300.0,6107726.0,44886907.0,0.02128451734737282,0.002896167472621805
2025-02,Telephone Exp Akhtar Ali,1300.0,6107726.0,44886907.0,0.02128451734737282,0.002896167472621805
2025-02,Telephone Exp Farid,1300.0,6107726.0,44886907.0,0.02128451734737282,0.002896167472621805
2025-02,Vehicle Repair AGC-21-3228 Rauf,1300.0,6107726.0,44886907.0,0.02128451734737282,0.002896167472621805
2025-02,Newspaper & Perodical,1260.0,6107726.0,44886907.0,0.020629609121299807,0.0028070546273103645
2025-02,Labour charges-vanda,1195.0,6107726.0,44886907.0,0.01956538325393117,0.0026622462536792747
2025-02,Telephone Exp Hassan Gardezi,1100.0,6107726.0,44886907.0,0.01800997621700777,0.002450603246064604
2025-02,Labour charges-bursum,1053.0,6107726.0,44886907.0,0.017240459051371983,0.002345895652823662
2025-02,Freight & octroi-packing material,1010.0,6107726.0,44886907.0,0.0165364327083435,0.0022500993441138635
2025-02,Vehicle POL -17-2347 Mess Safdar,1010.0,6107726.0,44886907.0,0.0165364327083435,0.0022500993441138635
2025-02,Freight & Octroi - wheat seed,1000.0,6107726.0,44886907.0,0.016372705651825248,0.0022278211327860036
2025-02,Telephone Exp Haider Abbas,1000.0,6107726.0,44886907.0,0.016372705651825248,0.0022278211327860036
2025-02,Telephone Exp Haifz Ghulam Qadir,1000.0,6107726.0,44886907.0,0.016372705651825248,0.0022278211327860036
2025-02,Telephone Exp M.Khalid,1000.0,6107726.0,44886907.0,0.016372705651825248,0.0022278211327860036
2025-02,Vehicle Repair KWM-19-3348 Zain Ul,950.0,6107726.0,44886907.0,0.015554070369233982,0.0021164300761467034
2025-02,Telephone Exp Zafar Iqbal,930.0,6107726.0,44886907.0,0.015226616256197478,0.0020718736534909837
2025-02,Telephone Exp Abdul Rauf,800.0,6107726.0,44886907.0,0.013098164521460197,0.001782256906228803
2025-02,Telephone Exp Nazar Ali,800.0,6107726.0,44886907.0,0.013098164521460197,0.001782256906228803
2025-02,Telephone Exp Kafitullah,750.0,6107726.0,44886907.0,0.012279529238868932,0.0016708658495895028
2025-02,Telephone Exp Subhan Ali,650.0,6107726.0,44886907.0,0.01064225867368641,0.0014480837363109024
2025-02,Vehicle Repair AGC-21-3251 Zakria,100.0,6107726.0,44886907.0,0.0016372705651825246,0.00022278211327860038
2025-02,Misc.Expenses,90.0,6107726.0,44886907.0,0.001473543508664272,0.00020050390195074032
2025-02,Pesticide Expenses,-35000.0,6107726.0,44886907.0,-0.5730446978138836,-0.07797373964751013
2025-02,Processing charges-paddy,-170514.0,6107726.0,44886907.0,-2.79177553151533,-0.37987469263587265
2025-02,Chemical application & packing char,-202746.0,6107726.0,44886907.0,-3.3195005800849615,-0.45168182338783114
2025-02,Other Income,-468556.0,6107726.0,44886907.0,-7.6715294693966305,-1.0438589586936786
2025-02,Delinting & processing-cotton seed,-2499262.0,6107726.0,44886907.0,-40.919681072792066,-5.5679086999690135
2025-03,Mark-up on Supliers Credit Loan,2064778.85,17344835.830000002,18746690.0,11.904285922549432,11.014098222139483
2025-03,Diesel for Generator Consumed,1922716.0,17344835.830000002,18746690.0,11.085236083205983,10.256295911438233
2025-03,Chemicals Consumed,1759696.0,17344835.830000002,18746690.0,10.145359790355535,9.38670239919687
2025-03,Purchase of canola cooking oil,1548449.0,17344835.830000002,18746690.0,8.927435319518962,8.259852806015356
2025-03,Dep.on Vehicles Factory,1326278.0,17344835.830000002,18746690.0,7.6465295664894155,7.074731592617151
2025-03,Salaries & Wages (H.O),1228800.0,17344835.830000002,18746690.0,7.0845294359871716,6.554757133125901
2025-03,Salary & Wages-Production staff,967679.0,17344835.830000002,18746690.0,5.579061165435084,5.161865908061636
2025-03,Salary & Wages,917200.0,17344835.830000002,18746690.0,5.2880292958068305,4.892597039797426
2025-03,Directors Remuneration,840000.0,17344835.830000002,18746690.0,4.842940044131856,4.480791008972784
2025-03,Salaries & Wages,800597.0,17344835.830000002,18746690.0,4.61576579822837,4.270604570726886
2025-03,Packing Material Consumed,632741.0,17344835.830000002,18746690.0,3.648008007695279,3.375214504533867
2025-03,Seasonal Disc.Corn(Mosmi)July-Dec,589650.0,17344835.830000002,18746690.0,3.3995709488361294,3.145355260048574
2025-03,Labour Charges,586384.0,17344835.830000002,18746690.0,3.3807411367121594,3.1279335178636867
2025-03,Electricity Charges,451219.0,17344835.830000002,18746690.0,2.6014601949680136,2.4069262360448698
2025-03,Labour charges,399065.0,17344835.830000002,18746690.0,2.30077127227557,2.128722457137767
2025-03,Salaries & Wages (Factory),367262.0,17344835.830000002,18746690.0,2.1174141029618494,1.9590765089730506
2025-03,Vehicle 2.OD Repair 4382 Dr.Sb,354890.0,17344835.830000002,18746690.0,2.0460845145975646,1.8930808585408945
2025-03,Labour charges-Misc,316000.0,17344835.830000002,18746690.0,1.8218679213638886,1.685630903375476
2025-03,Germination Claim,285000.0,17344835.830000002,18746690.0,1.6431403721161653,1.5202683780443376
2025-03,Labour charges-Cotton Seed,277319.0,17344835.830000002,18746690.0,1.598856297736431,1.4792958116872899
2025-03,Fertilizer expenss,238756.0,17344835.830000002,18746690.0,1.3765249918770779,1.2735901644503642
2025-03,Ploughing expenses,220000.0,17344835.830000002,18746690.0,1.2683890591773908,1.173540502350015
2025-03,Vehicle R&M Repair 2260 Rizwan Sb.,175900.0,17344835.830000002,18746690.0,1.0141347068604682,0.9382989743789437
2025-03,Wheat seed expenses,154600.0,17344835.830000002,18746690.0,0.8913315843128391,0.8246789166514196
2025-03,Gardening & Plantation,153000.0,17344835.830000002,18746690.0,0.8821069366097308,0.8161440766343284
2025-03,Labour charges-SSG,131582.0,17344835.830000002,18746690.0,0.7586234962939974,0.7018945744555438
2025-03,Bank Charges,123788.8,17344835.830000002,18746690.0,0.7136925434940827,0.6603235024422979
2025-03,Telephone expenses,114000.0,17344835.830000002,18746690.0,0.6572561488464661,0.608107351217735
2025-03,Labour charges-Cotton seed,107340.0,17344835.830000002,18746690.0,0.6188585527822779,0.5725810796465937
2025-03,Vehicle Repair LZH-5455,88410.0,17344835.830000002,18746690.0,0.5097194396448778,0.4716032536943855
2025-03,Micronutrient expenses,88000.0,17344835.830000002,18746690.0,0.5073556236709563,0.46941620094000597
2025-03,Labour charges(Daily Marketing staf,87440.0,17344835.830000002,18746690.0,0.5041269969748684,0.46642900693402406
2025-03,Fertilizer Expenses,80673.0,17344835.830000002,18746690.0,0.4651125025955347,0.4303319679367397
2025-03,Labour charges-corn(DAL),70889.0,17344835.830000002,18746690.0,0.4087037818910276,0.3781414212322282
2025-03,Fee & Subscription,69170.0,17344835.830000002,18746690.0,0.3987930510150005,0.368971802488866
2025-03,Vehicle R&M POL PA-443,60080.0,17344835.830000002,18746690.0,0.3463855212517165,0.3204832426417677
2025-03,Vehicle 2.OD POL 4382 Dr. Anwar Sb.,59800.0,17344835.830000002,18746690.0,0.3447712079036726,0.31898964563877674
2025-03,Moboil for generator consumed,57000.0,17344835.830000002,18746690.0,0.32862807442323305,0.3040536756088675
2025-03,Vehicle Repair 2995 Aslam Sb.,52150.0,17344835.830000002,18746690.0,0.30066586107318605,0.2781824418070603
2025-03,Vehicle R&M POL 2260 Rizwan Sb.,51000.0,17344835.830000002,18746690.0,0.2940356455365769,0.2720480255447762
2025-03,Mark-up on Sauid-i-Pak Agri Invst.,50870.01,17344835.830000002,18746690.0,0.2932862005647476,0.2713546231361377
2025-03,labour charges-cotton,49857.0,17344835.830000002,18746690.0,0.287445787833669,0.26595094920756673
2025-03,Fertilizer Exp.,47601.0,17344835.830000002,18746690.0,0.27443903457228624,0.25391682478346844
2025-03,Pesticide Corn Exp,44547.0,17344835.830000002,18746690.0,0.25683148826897834,0.23762594890084596
2025-03,Vehicle R&M POL 118,43586.0,17344835.830000002,18746690.0,0.25129093424229887,0.2324997106155807
2025-03,Ploughing Expenses,42250.0,17344835.830000002,18746690.0,0.24358835341020346,0.22537311920130965
2025-03,Legal & Professional Charges,40440.0,17344835.830000002,18746690.0,0.23315297069606217,0.21571808143197546
2025-03,Irrigation Expenses,38830.0,17344835.830000002,18746690.0,0.22387066894480945,0.2071298986647776
2025-03,Vehicle POL LZH-5455,34050.0,17344835.830000002,18746690.0,0.1963120339317734,0.1816320641137182
2025-03,Entertainment  (Factory),33020.0,17344835.830000002,18746690.0,0.19037366697289745,0.17613776085271587
2025-03,Canteen Expenses,32610.0,17344835.830000002,18746690.0,0.18800985099897596,0.1739507080983363
2025-03,Picking charges-SSG,32200.0,17344835.830000002,18746690.0,0.18564603502505445,0.1717636553439567
2025-03,Discount of Paddy,32100.0,17344835.830000002,18746690.0,0.18506949454361019,0.17123022784288855
2025-03,Pesticide Expenses,30400.0,17344835.830000002,18746690.0,0.17526830635905763,0.16216196032472932
2025-03,Vehicle R&M Pol 418 (Akhtar),30126.0,17344835.830000002,18746690.0,0.17368858543990034,0.1607003689718025
2025-03,Telephone & Telex Charges (H.O),27040.0,17344835.830000002,18746690.0,0.1558965461825302,0.1442387962888382
2025-03,Vehicle R&M POL 6677 Sohail Sb,27000.0,17344835.830000002,18746690.0,0.15566592998995252,0.14402542528841092
2025-03,Vehicle POL LEH-7012 Hassan Shah,26640.0,17344835.830000002,18746690.0,0.15359038425675314,0.14210508628456545
2025-03,labour charges sesame seed,26014.0,17344835.830000002,18746690.0,0.149981240842912,0.13876583012787858
2025-03,Freight-sesame seed,26000.0,17344835.830000002,18746690.0,0.1499005251755098,0.13869115027772902
2025-03,Freight & Oct. General,25250.0,17344835.830000002,18746690.0,0.1455764715646778,0.1346904440197176
2025-03,House Rent (G.M.),25200.0,17344835.830000002,18746690.0,0.14528820132395567,0.13442373026918353
2025-03,Freight & octroi-corn seed,24050.0,17344835.830000002,18746690.0,0.1386579857873466,0.12828931400689936
2025-03,Vehicle POL LEE-17-7430 Hafiz Qadir,23630.0,17344835.830000002,18746690.0,0.13623651576528065,0.12604891850241295
2025-03,Labortary Expenses,22660.0,17344835.830000002,18746690.0,0.13064407309527126,0.12087467174205152
2025-03,E.O.B.I Factory,22200.0,17344835.830000002,18746690.0,0.1279919868806276,0.11842090523713786
2025-03,EOBI Staff,22200.0,17344835.830000002,18746690.0,0.1279919868806276,0.11842090523713786
2025-03,Vehicle Running & Maint. (H.O),21930.0,17344835.830000002,18746690.0,0.1264353275807281,0.11698065098425375
2025-03,Electricity Charges (H.O),20731.0,17344835.830000002,18746690.0,0.1195226072082113,0.11058485524644618
2025-03,Entertainment (H.O),19682.0,17344835.830000002,18746690.0,0.11347469755786092,0.10498920076024087
2025-03,Vehicle POL 2995 Aslam Sb.,19280.0,17344835.830000002,18746690.0,0.11115700482245497,0.10284482220594676
2025-03,Misc. Expenses-Selling,18840.0,17344835.830000002,18746690.0,0.10862022670410018,0.10049774120124673
2025-03,Misc Expenses,18599.0,17344835.830000002,18746690.0,0.1072307641438195,0.0992121809236724
2025-03,Labour charges(DAL)Pddy,18046.0,17344835.830000002,18746690.0,0.10404249528143271,0.09626232684276531
2025-03,Social security,17760.0,17344835.830000002,18746690.0,0.10239358950450209,0.09473672418971028
2025-03,Vehicle R&M Repair PA-443,16250.0,17344835.830000002,18746690.0,0.09368782823469364,0.08668196892358064
2025-03,Vehicle POL KWM-2868 Nazar Ali,15300.0,17344835.830000002,18746690.0,0.08821069366097309,0.08161440766343285
2025-03,Postal & Courier Charges,15285.0,17344835.830000002,18746690.0,0.08812421258875644,0.08153439353827262
2025-03,Repair & Maint. Plant & Machinery,14570.0,17344835.830000002,18746690.0,0.08400194814642992,0.07772038690563507
2025-03,Telephone Exp Fty PTCL,13858.17,17344835.830000002,18746690.0,0.07989796003736518,0.07392328992478138
2025-03,Germination Claim Cotton Seed,13500.0,17344835.830000002,18746690.0,0.07783296499497626,0.07201271264420546
2025-03,Social Security,13320.0,17344835.830000002,18746690.0,0.07679519212837657,0.07105254314228272
2025-03,Social Security                 (G),13320.0,17344835.830000002,18746690.0,0.07679519212837657,0.07105254314228272
2025-03,Misc.expenses,12406.0,17344835.830000002,18746690.0,0.07152561212797595,0.06617701578251947
2025-03,Printing & Stationery  (Factory),11600.0,17344835.830000002,18746690.0,0.06687869584753516,0.06187759012390988
2025-03,Vehicle RepairLEE-17-7430 Haifz Qad,11100.0,17344835.830000002,18746690.0,0.0639959934403138,0.05921045261856893
2025-03,Labour Charges Dryer Corn,10488.0,17344835.830000002,18746690.0,0.060467565693874875,0.055945876312031614
2025-03,Misc. Expenses,10100.0,17344835.830000002,18746690.0,0.058230588625871126,0.053876177607887044
2025-03,Vehicle POL KWK-20-8845 Shahid Sajj,9509.0,17344835.830000002,18746690.0,0.05482323438053549,0.05072362107657405
2025-03,Vehicle POL KWK-20-7778 Khaliq Dad,9260.0,17344835.830000002,18746690.0,0.05338764858173927,0.04939538659891426
2025-03,E.O.B.I,9250.0,17344835.830000002,18746690.0,0.05332999453359484,0.04934204384880744
2025-03,Vehicle POL-KWM-17-7032 M.Khalid,9000.0,17344835.830000002,18746690.0,0.05188864332998416,0.048008475096136975
2025-03,Labour charges vanda,8680.0,17344835.830000002,18746690.0,0.05004371378936251,0.04630150709271877
2025-03,Misc expenses,8500.0,17344835.830000002,18746690.0,0.04900594092276283,0.04534133759079603
2025-03,Travelling & Conveyance Others,8450.0,17344835.830000002,18746690.0,0.04871767068204069,0.04507462384026193
2025-03,Vehicle POL M/C ALF 6829 Hassan Raz,8210.0,17344835.830000002,18746690.0,0.047333973526574445,0.043794397837698285
2025-03,Vehicle POL KWM-17-4525 Haider Abba,8000.0,17344835.830000002,18746690.0,0.04612323851554148,0.04267420008545508
2025-03,Vehicle POL KWM-19-3348 Zain Ul Abi,7800.0,17344835.830000002,18746690.0,0.04497015755265294,0.0416073450833187
2025-03,labour charges-paddy,7763.0,17344835.830000002,18746690.0,0.044756837574518565,0.04140997690792348
2025-03,Vehicle POL AGC-21-3228 Abdul Rauf,7500.0,17344835.830000002,18746690.0,0.04324053610832014,0.04000706258011414
2025-03,Vehicle POL 6793 Subhan Ali,7480.0,17344835.830000002,18746690.0,0.04312522801203129,0.039900377079900504
2025-03,Freight & Octroi-chemicals,7300.0,17344835.830000002,18746690.0,0.0420874551454316,0.03894020757797777
2025-03,Vehicle POL -17-2347 Mess Safdar,7280.0,17344835.830000002,18746690.0,0.04197214704914275,0.03883352207776413
2025-03,Freight & Octori-cotton seed,7100.0,17344835.830000002,18746690.0,0.04093437418254307,0.03787335257584139
2025-03,Misc.Expenses,6760.0,17344835.830000002,18746690.0,0.03897413654563255,0.03605969907220955
2025-03,Pesticide expenses,6485.0,17344835.830000002,18746690.0,0.03738865022166081,0.03459277344427203
2025-03,Vehicle Repair KWK-20-8845 Shahid S,6400.0,17344835.830000002,18746690.0,0.036898590812433185,0.03413936006836407
2025-03,Advertisement Expenses-selling,6000.0,17344835.830000002,18746690.0,0.03459242888665611,0.03200565006409131
2025-03,Vehicle Repair KWM-19-3348 Zain Ul,5810.0,17344835.830000002,18746690.0,0.033497001971912,0.030992137812061754
2025-03,Vehicle R&M Repair 418(Akhtar),5550.0,17344835.830000002,18746690.0,0.0319979967201569,0.029605226309284464
2025-03,Vehicle R&M Repair 118,5260.0,17344835.830000002,18746690.0,0.030326029323968526,0.028058286556186716
2025-03,Vehicle POL 6793   Aslam Shakir,5200.0,17344835.830000002,18746690.0,0.029980105035101963,0.027738230055545807
2025-03,Labour charges Sesame(DAL),5007.0,17344835.830000002,18746690.0,0.028867381905914525,0.0267087149784842
2025-03,Freight & Octroi-vanda,5000.0,17344835.830000002,18746690.0,0.028827024072213426,0.02667137505340943
2025-03,Misc.Expenses-HO,4525.0,17344835.830000002,18746690.0,0.026088456785353153,0.02413759442333553
2025-03,Telephone Expenses-Director,4480.0,17344835.830000002,18746690.0,0.025829013568703228,0.023897552047854848
2025-03,Vehicle Repair-KWM-19-2868 Nazar Ai,4210.0,17344835.830000002,18746690.0,0.024272354268803704,0.02245729779497074
2025-03,Vehicle POL KWN-17-4123 Naveed,4000.0,17344835.830000002,18746690.0,0.02306161925777074,0.02133710004272754
2025-03,Telephone & Telex  (Factory),3750.0,17344835.830000002,18746690.0,0.02162026805416007,0.02000353129005707
2025-03,House Rent (Faisal Driver),3500.0,17344835.830000002,18746690.0,0.0201789168505494,0.0186699625373866
2025-03,Vehicle Repair KWM17-4525 Haider A,3280.0,17344835.830000002,18746690.0,0.018910527791372006,0.017496422035036586
2025-03,Vehicle POL AGB-6545 Faisal Driver,3250.0,17344835.830000002,18746690.0,0.018737565646938726,0.017336393784716127
2025-03,Printing & Stationery H.O,3100.0,17344835.830000002,18746690.0,0.017872754924772326,0.016536252533113846
2025-03,Vehicle Repair AGC-21-3228 Rauf,3010.0,17344835.830000002,18746690.0,0.017353868491472482,0.016056167782152474
2025-03,Freight & Octroi-SSg,3000.0,17344835.830000002,18746690.0,0.017296214443328056,0.016002825032045656
2025-03,Vehicel R&M POL M/C Zakriya,3000.0,17344835.830000002,18746690.0,0.017296214443328056,0.016002825032045656
2025-03,Labour charges-wheat,2900.0,17344835.830000002,18746690.0,0.01671967396188379,0.01546939753097747
2025-03,Telephone Exp Naveed,2880.0,17344835.830000002,18746690.0,0.016604365865594932,0.015362712030763831
2025-03,Freight & octroi-packing material,2800.0,17344835.830000002,18746690.0,0.01614313348043952,0.014935970029909281
2025-03,Postal & Courier charges HO,2750.0,17344835.830000002,18746690.0,0.015854863239717385,0.014669256279375186
2025-03,Telephone Exp Khaliq Dad,2600.0,17344835.830000002,18746690.0,0.014990052517550981,0.013869115027772903
2025-03,Vehicle R&M POL & Repair,2494.0,17344835.830000002,18746690.0,0.014378919607220056,0.013303681876640624
2025-03,Vehicle ALF-6829 Repair Hassan Raza,2350.0,17344835.830000002,18746690.0,0.013548701313940311,0.01253554627510243
2025-03,Newspaper & Perodical,2325.0,17344835.830000002,18746690.0,0.013404566193579243,0.012402189399835385
2025-03,Social security-staff,2220.0,17344835.830000002,18746690.0,0.01279919868806276,0.011842090523713785
2025-03,Repair & Maint. Office Equipment,2200.0,17344835.830000002,18746690.0,0.012683890591773907,0.011735405023500149
2025-03,Vehicle Running & Maint.Gen(Factor,2148.0,17344835.830000002,18746690.0,0.012384089541422888,0.01145802272294469
2025-03,Telephone Exp Aslam Sb,2000.0,17344835.830000002,18746690.0,0.01153080962888537,0.01066855002136377
2025-03,Telephone Exp Zafar Iqbal,2000.0,17344835.830000002,18746690.0,0.01153080962888537,0.01066855002136377
2025-03,Telephone Exp Zakria,2000.0,17344835.830000002,18746690.0,0.01153080962888537,0.01066855002136377
2025-03,Telephone Exp-Rizwan Sb,2000.0,17344835.830000002,18746690.0,0.01153080962888537,0.01066855002136377
2025-03,Vehicle RepairKWK-20-7778 Khaliq Da,1920.0,17344835.830000002,18746690.0,0.011069577243729955,0.010241808020509221
2025-03,Vehicle Repair AGC-21-3251 Zakria,1910.0,17344835.830000002,18746690.0,0.011011923195585529,0.010188465270402403
2025-03,Telephone Exp Abdul Rauf,1700.0,17344835.830000002,18746690.0,0.009801188184552565,0.009068267518159206
2025-03,Telephone Exp Shahid Sajjad,1650.0,17344835.830000002,18746690.0,0.009512917943830431,0.008801553767625111
2025-03,Labour charges-Misc.,1645.0,17344835.830000002,18746690.0,0.009484090919758218,0.008774882392571702
2025-03,Vehicle Repair 6793 Subhan Ali,1620.0,17344835.830000002,18746690.0,0.00933995579939715,0.008641525517304655
2025-03,Vehicle Repair 6793 Aslam Shakir,1500.0,17344835.830000002,18746690.0,0.008648107221664028,0.008001412516022828
2025-03,Telephone Exp Farid,1300.0,17344835.830000002,18746690.0,0.007495026258775491,0.006934557513886452
2025-03,Purchase of wheat seed,1200.0,17344835.830000002,18746690.0,0.006918485777331222,0.006401130012818263
2025-03,labour charges-wheat(DAL),1152.0,17344835.830000002,18746690.0,0.006641746346237973,0.006145084812305532
2025-03,Telephone Exp Akhtar Ali,1100.0,17344835.830000002,18746690.0,0.006341945295886954,0.005867702511750074
2025-03,Telephone Exp Haider Abbas,1000.0,17344835.830000002,18746690.0,0.005765404814442685,0.005334275010681885
2025-03,Telephone Exp Haifz Ghulam Qadir,1000.0,17344835.830000002,18746690.0,0.005765404814442685,0.005334275010681885
2025-03,Telephone Exp M.Khalid,1000.0,17344835.830000002,18746690.0,0.005765404814442685,0.005334275010681885
2025-03,Telephone Exp Nazar Ali,1000.0,17344835.830000002,18746690.0,0.005765404814442685,0.005334275010681885
2025-03,Entertainmetn-Mfg,970.0,17344835.830000002,18746690.0,0.005592442670009405,0.005174246760361429
2025-03,Telephone Exp  Zain Ullah Abideen,800.0,17344835.830000002,18746690.0,0.004612323851554148,0.004267420008545509
2025-03,Telephone Exp Kafitullah,750.0,17344835.830000002,18746690.0,0.004324053610832014,0.004000706258011414
2025-03,Telephone Exp Subhan Ali,650.0,17344835.830000002,18746690.0,0.0037475131293877454,0.003467278756943226
2025-03,Labour charges-vanda,593.0,17344835.830000002,18746690.0,0.0034188850549645125,0.003163225081334358
2025-03,Vehicle Repari KWM-17-2347 Mess,500.0,17344835.830000002,18746690.0,0.0028827024072213426,0.0026671375053409427
2025-03,Vehicle Repair KWM-17-7032 M.Khalid,330.0,17344835.830000002,18746690.0,0.001902583588766086,0.0017603107535250223
2025-03,Vehicle Repari AGB-6545 Faisal Driv,250.0,17344835.830000002,18746690.0,0.0014413512036106713,0.0013335687526704713
2025-03,Pesticide exp,-839.0,17344835.830000002,18746690.0,-0.004837174639317413,-0.004475456733962102
2025-03,Packing charges-cotton seed,-53448.0,17344835.830000002,18746690.0,-0.3081493565223326,-0.28510633077092545
2025-03,Chemical application & packing char,-100548.0,17344835.830000002,18746690.0,-0.5796999232825831,-0.5363506837740423
2025-03,Other Income,-123700.0,17344835.830000002,18746690.0,-0.7131805755465601,-0.6598498188213493
2025-03,Processing charges-paddy,-249384.0,17344835.830000002,18746690.0,-1.4377997142449745,-1.3302828392638915
2025-03,Delinting & processing-cotton seed,-1369472.0,17344835.830000002,18746690.0,-7.895560462044453,-7.305140267428543
2025-03,Gain on sale of fixed assets,-2076278.0,17344835.830000002,18746690.0,-11.97058317732143,-11.075437850628564
2025-04,Purchase of wheat Commercial,14187802.0,23395850.65,45639708.0,60.642385747149575,31.08653105317852
2025-04,Mark-up on Al-Towfiq,2804514.65,23395850.65,45639708.0,11.987230949433334,6.144900510756993
2025-04,Purchase of canola cooking oil,2249235.0,23395850.65,45639708.0,9.613820132673826,4.928241433972365
2025-04,Salary & Wages-Production staff,967679.0,23395850.65,45639708.0,4.136113768532712,2.1202567728960933
2025-04,Salaries & Wages,540597.0,23395850.65,45639708.0,2.3106533209126976,1.1844882969014612
2025-04,Salaries & Wages (Factory),367262.0,23395850.65,45639708.0,1.569774082995354,0.8046983999108847
2025-04,Labour charges,318354.0,23395850.65,45639708.0,1.3607284674643794,0.69753732867879
2025-04,Labour charges-Misc,314353.0,23395850.65,45639708.0,1.3436271444141743,0.6887708396381501
2025-04,Purchase of Raw Material (Wheat),295875.0,23395850.65,45639708.0,1.264647327537971,0.6482841651835283
2025-04,Freight on purchases-Kappas,270237.0,23395850.65,45639708.0,1.1550637933312335,0.5921093973695012
2025-04,Gardening & Plantation,190000.0,23395850.65,45639708.0,0.8121098174303827,0.41630415339204185
2025-04,Legal & Professional Charges,169940.0,23395850.65,45639708.0,0.7263681177585224,0.37235119909180836
2025-04,Germination Claim,162750.0,23395850.65,45639708.0,0.6956361725620778,0.3565973734976569
2025-04,Vehicle R&M POL PA-443,117350.0,23395850.65,45639708.0,0.5015846688181864,0.2571225915818743
2025-04,Labour charges(Daily Marketing staf,112440.0,23395850.65,45639708.0,0.4805980414309065,0.2463644158284273
2025-04,Freight-sesame seed,109900.0,23395850.65,45639708.0,0.4697414154505214,0.24079908661992316
2025-04,Freight & Octori-cotton seed,85750.0,23395850.65,45639708.0,0.36651798339292274,0.1878846376493031
2025-04,Telephone & Telex Charges (H.O),84930.0,23395850.65,45639708.0,0.3630130883913811,0.1860879565662427
2025-04,Vehicle R&M POL 6677 Sohail Sb,78000.0,23395850.65,45639708.0,0.33339245136615714,0.17090381033989088
2025-04,Lease expenses,70000.0,23395850.65,45639708.0,0.29919835379014104,0.15337521440759436
2025-04,Pesticide Expenses,64500.0,23395850.65,45639708.0,0.27568991170662993,0.14132430470414054
2025-04,Ploughing expenses-fty,62000.0,23395850.65,45639708.0,0.2650042562141249,0.1358466184752979
2025-04,Misc.Expenses-HO,56902.0,23395850.65,45639708.0,0.24321406753380864,0.12467652071744192
2025-04,Vehicle R&M POL 118,51364.0,23395850.65,45639708.0,0.21954320348681147,0.11254235018330967
2025-04,Vehicle POL LZH-5455,50220.0,23395850.65,45639708.0,0.21465344753344115,0.11003576096499128
2025-04,Wheat Roguing,49800.0,23395850.65,45639708.0,0.21285825741070033,0.10911550967854572
2025-04,Labour charges-Cotton Seed,48577.0,23395850.65,45639708.0,0.20763083474376687,0.10643582557539588
2025-04,Irrigation Expenses,44558.0,23395850.65,45639708.0,0.19045257497401574,0.09762989719390842
2025-04,Repair & Renovation HO,41554.0,23395850.65,45639708.0,0.1776126913342217,0.09104790942133109
2025-04,Labour charges-SSG,38960.0,23395850.65,45639708.0,0.16652525519519848,0.08536426219028395
2025-04,Vehicle POL LEH-7012 Hassan Shah,38540.0,23395850.65,45639708.0,0.16473006507245763,0.08444401090383838
2025-04,Entertainment (H.O),38389.0,23395850.65,45639708.0,0.16408465148071033,0.08411315865561629
2025-04,Canteen Expenses,36779.0,23395850.65,45639708.0,0.15720308934353708,0.08058552872424163
2025-04,Vehicle Repair 2995 Aslam Sb.,36250.0,23395850.65,45639708.0,0.15494200464132302,0.0794264503182185
2025-04,Labour charges-corn(DAL),36193.0,23395850.65,45639708.0,0.1546983716960939,0.07930155907220089
2025-04,Vehicle R&M Pol 418 (Akhtar),35711.0,23395850.65,45639708.0,0.15263817731713894,0.07824546116728004
2025-04,Travelling & Conveyance H.O.,33298.0,23395850.65,45639708.0,0.14232438263577307,0.0729583984192011
2025-04,labour charges-paddy,28182.0,23395850.65,45639708.0,0.12045725723591078,0.06174886132049749
2025-04,Packing Material Consumed,25980.0,23395850.65,45639708.0,0.11104533187811234,0.05692411529013288
2025-04,House Rent (G.M.),25200.0,23395850.65,45639708.0,0.10771140736445077,0.05521507718673398
2025-04,Entertainment  (Factory),24640.0,23395850.65,45639708.0,0.10531782053412964,0.05398807547147322
2025-04,Vehicle Repair LZH-5455,23050.0,23395850.65,45639708.0,0.09852174364089643,0.05050426702992929
2025-04,Freight & octroi-packing material,22700.0,23395850.65,45639708.0,0.09702575187194572,0.049737390957891314
2025-04,Electricity Charges (H.O),22503.0,23395850.65,45639708.0,0.09618372221913633,0.04930574928305851
2025-04,E.O.B.I Factory,22200.0,23395850.65,45639708.0,0.09488862077344472,0.04864185371212279
2025-04,EOBI Staff,22200.0,23395850.65,45639708.0,0.09488862077344472,0.04864185371212279
2025-04,Printing & Stationery  (Factory),21430.0,23395850.65,45639708.0,0.09159743888175317,0.046954726353639245
2025-04,Vehicle POL LEE-17-7430 Hafiz Qadir,21230.0,23395850.65,45639708.0,0.09074258644235277,0.04651651145533184
2025-04,Vehicle POL 2995 Aslam Sb.,20918.0,23395850.65,45639708.0,0.08940901663688813,0.04583289621397227
2025-04,Labour charges-Cotton seed,19720.0,23395850.65,45639708.0,0.08428845052487972,0.04320798897311087
2025-04,Vehicle Running & Maint. (H.O),18567.0,23395850.65,45639708.0,0.0793602262117364,0.04068168008436864
2025-04,Misc. Expenses-Selling,18450.0,23395850.65,45639708.0,0.07886013753468717,0.0404253243688588
2025-04,Social security,17760.0,23395850.65,45639708.0,0.07591089661875577,0.03891348296969823
2025-04,Labortary Expenses,17640.0,23395850.65,45639708.0,0.07539798515511553,0.03865055403071378
2025-04,Staff Welfare  (Factory),17217.0,23395850.65,45639708.0,0.07358997224578369,0.03772372952079361
2025-04,Freight & octroi-corn seed,16700.0,23395850.65,45639708.0,0.07138017868993364,0.03659094400866894
2025-04,labour charges sesame seed,16590.0,23395850.65,45639708.0,0.07091000984826343,0.036349925814599865
2025-04,Vehicle POL M/C ALF 6829 Hassan Raz,13550.0,23395850.65,45639708.0,0.05791625276937729,0.029689059360327195
2025-04,Social Security,13320.0,23395850.65,45639708.0,0.05693317246406683,0.02918511222727367
2025-04,Social Security                 (G),13320.0,23395850.65,45639708.0,0.05693317246406683,0.02918511222727367
2025-04,Labour charges(DAL)Pddy,12831.0,23395850.65,45639708.0,0.05484305824973285,0.028113676800912046
2025-04,R&M Generator (HO),12040.0,23395850.65,45639708.0,0.05146211685190425,0.02638053687810623
2025-04,Vehicle POL KWM-2868 Nazar Ali,12000.0,23395850.65,45639708.0,0.051291146364024175,0.02629289389844475
2025-04,Vehicle R&M Repair PA-443,11750.0,23395850.65,45639708.0,0.05022258081477367,0.02574512527556048
2025-04,Advertisement Expenses-selling,11600.0,23395850.65,45639708.0,0.049581441485223365,0.025416464101829923
2025-04,Fee & Subscription,10965.0,23395850.65,45639708.0,0.04686728499012709,0.024025131799703888
2025-04,Repair & Maintenance Electrical,9500.0,23395850.65,45639708.0,0.040605490871519136,0.02081520766960209
2025-04,E.O.B.I,9250.0,23395850.65,45639708.0,0.03953692532226863,0.02026743904671783
2025-04,Misc Expenses,8488.0,23395850.65,45639708.0,0.036279937528153096,0.018597840284166587
2025-04,Printing & Stationery H.O,8070.0,23395850.65,45639708.0,0.03449329592980626,0.017681971146704095
2025-04,Bank Charges,8063.0,23395850.65,45639708.0,0.03446337609442725,0.017666633625263335
2025-04,Picking charges-SSG,7400.0,23395850.65,45639708.0,0.031629540257814906,0.01621395123737426
2025-04,Travelling & Conveyance Others,7380.0,23395850.65,45639708.0,0.03154405501387487,0.01617012974754352
2025-04,Vehicle Repair LEH-7012 Hassan Shah,7350.0,23395850.65,45639708.0,0.03141582714796481,0.016104397512797408
2025-04,Freight & Octroi-SSg,7000.0,23395850.65,45639708.0,0.0299198353790141,0.015337521440759437
2025-04,Vehicle R&M Repair 2260 Rizwan Sb.,6950.0,23395850.65,45639708.0,0.029706122269164,0.015227967716182584
2025-04,Vehicel R&M POL M/C Zakriya,6660.0,23395850.65,45639708.0,0.028466586232033415,0.014592556113636836
2025-04,Vehicle POL 6793 Subhan Ali,6150.0,23395850.65,45639708.0,0.026286712511562386,0.013475108122952932
2025-04,Postal & Courier charges HO,6085.0,23395850.65,45639708.0,0.026008885468757258,0.013332688281003025
2025-04,Vehicle RepairLEE-17-7430 Haifz Qad,5150.0,23395850.65,45639708.0,0.022012450314560374,0.011284033631415872
2025-04,Postal & Courier Charges,4651.0,23395850.65,45639708.0,0.01987959347825637,0.010190687460138877
2025-04,Vehicle R&M Repair 418(Akhtar),4450.0,23395850.65,45639708.0,0.019020466776658963,0.009750281487339928
2025-04,Vehicle ALF-6829 Repair Hassan Raza,4150.0,23395850.65,45639708.0,0.01773818811755836,0.00909295913987881
2025-04,Telephone Exp Hassan Raza,4000.0,23395850.65,45639708.0,0.017097048788008058,0.008764297966148249
2025-04,Vehicle POL KWN-17-4123 Naveed,4000.0,23395850.65,45639708.0,0.017097048788008058,0.008764297966148249
2025-04,Vehicle POL-KWM-17-7032 M.Khalid,4000.0,23395850.65,45639708.0,0.017097048788008058,0.008764297966148249
2025-04,Freight & Octroi Paddy,3900.0,23395850.65,45639708.0,0.016669622568307858,0.008545190516994544
2025-04,Vehicle POL KWM-19-3348 Zain Ul Abi,3900.0,23395850.65,45639708.0,0.016669622568307858,0.008545190516994544
2025-04,Labour charges Sesame(DAL),3880.0,23395850.65,45639708.0,0.016584137324367816,0.008501369027163802
2025-04,House Rent (Faisal Driver),3500.0,23395850.65,45639708.0,0.01495991768950705,0.007668760720379719
2025-04,Vehicle POL AGC-21-3228 Abdul Rauf,3500.0,23395850.65,45639708.0,0.01495991768950705,0.007668760720379719
2025-04,Freight & Oct. General,3200.0,23395850.65,45639708.0,0.013677639030406445,0.0070114383729186
2025-04,Vehicle POL KWK-20-7778 Khaliq Dad,3100.0,23395850.65,45639708.0,0.013250212810706244,0.006792330923764894
2025-04,Vehicle POL AGB-6545 Faisal Driver,3000.0,23395850.65,45639708.0,0.012822786591006044,0.006573223474611188
2025-04,Vehicle POL KWM-17-4525 Haider Abba,3000.0,23395850.65,45639708.0,0.012822786591006044,0.006573223474611188
2025-04,Vehicle Repair KWM-17-7032 M.Khalid,2840.0,23395850.65,45639708.0,0.01213890463948572,0.006222651555965257
2025-04,Vehicle Repair AGC-21-3228 Rauf,2600.0,23395850.65,45639708.0,0.011113081712205236,0.0056967936779963625
2025-04,Misc expenses,2570.0,23395850.65,45639708.0,0.010984853846295177,0.0056310614432502504
2025-04,Vehicle POL KWK-20-8845 Shahid Sajj,2560.0,23395850.65,45639708.0,0.010942111224325157,0.00560915069833488
2025-04,Vehicle Repair KWM17-4525 Haider A,2450.0,23395850.65,45639708.0,0.010471942382654935,0.005368132504265803
2025-04,Freight & Octroi-chemicals,2420.0,23395850.65,45639708.0,0.010343714516744875,0.005302400269519691
2025-04,Social security-staff,2220.0,23395850.65,45639708.0,0.009488862077344472,0.004864185371212279
2025-04,Vehicle Repair-KWM-19-2868 Nazar Ai,2150.0,23395850.65,45639708.0,0.00918966372355433,0.004710810156804684
2025-04,Telephone Exp Akhtar Ali,2000.0,23395850.65,45639708.0,0.008548524394004029,0.0043821489830741245
2025-04,Telephone Exp Aslam Sb,2000.0,23395850.65,45639708.0,0.008548524394004029,0.0043821489830741245
2025-04,Telephone Exp Zakria,2000.0,23395850.65,45639708.0,0.008548524394004029,0.0043821489830741245
2025-04,Vehicle Repair KWM-19-3348 Zain Ul,1850.0,23395850.65,45639708.0,0.007907385064453726,0.004053487809343565
2025-04,Vehicle POL -17-2347 Mess Safdar,1800.0,23395850.65,45639708.0,0.007693671954603626,0.003943934084766712
2025-04,Vehicle Repair 6793 Subhan Ali,1660.0,23395850.65,45639708.0,0.007095275247023344,0.003637183655951524
2025-04,Vehicle R&M Repair 118,1600.0,23395850.65,45639708.0,0.006838819515203222,0.0035057191864593
2025-04,Vehicle RepairKWK-20-7778 Khaliq Da,1600.0,23395850.65,45639708.0,0.006838819515203222,0.0035057191864593
2025-04,Telephone Expenses-Director,1499.0,23395850.65,45639708.0,0.0064071190333060205,0.003284420662814057
2025-04,Repair & Maint. Office Equipment,1450.0,23395850.65,45639708.0,0.006197680185652921,0.0031770580127287403
2025-04,Telephone Exp Zafar Iqbal,1400.0,23395850.65,45639708.0,0.00598396707580282,0.0030675042881518873
2025-04,Telephone expenses-Sohail sb,1380.0,23395850.65,45639708.0,0.005898481831862781,0.0030236827983211464
2025-04,Vehicle Repair KWK-20-8845 Shahid S,1380.0,23395850.65,45639708.0,0.005898481831862781,0.0030236827983211464
2025-04,Discount-wheat seed,1300.0,23395850.65,45639708.0,0.005556540856102618,0.0028483968389981813
2025-04,Vehicle Running & Maint.Gen(Factor,1220.0,23395850.65,45639708.0,0.005214599880342457,0.002673110879675216
2025-04,Telephone Exp Farid,1200.0,23395850.65,45639708.0,0.0051291146364024175,0.0026292893898444748
2025-04,Labour charges-wheat,1160.0,23395850.65,45639708.0,0.004958144148522336,0.0025416464101829924
2025-04,Telephone Exp Hassan Gardezi,1100.0,23395850.65,45639708.0,0.004701688416702216,0.0024101819406907687
2025-04,Freight & Octroi-Raya,1000.0,23395850.65,45639708.0,0.0042742621970020146,0.0021910744915370622
2025-04,Telephone Exp Haider Abbas,1000.0,23395850.65,45639708.0,0.0042742621970020146,0.0021910744915370622
2025-04,Telephone Exp Haifz Ghulam Qadir,1000.0,23395850.65,45639708.0,0.0042742621970020146,0.0021910744915370622
2025-04,Telephone Exp Nazar Ali,1000.0,23395850.65,45639708.0,0.0042742621970020146,0.0021910744915370622
2025-04,Vehicle R&M POL 9700 Zafar Iqbal,1000.0,23395850.65,45639708.0,0.0042742621970020146,0.0021910744915370622
2025-04,Education Cess,900.0,23395850.65,45639708.0,0.003846835977301813,0.001971967042383356
2025-04,Telephone Exp Abdul Rauf,900.0,23395850.65,45639708.0,0.003846835977301813,0.001971967042383356
2025-04,Telephone Exp Kafitullah,850.0,23395850.65,45639708.0,0.0036331228674517124,0.0018624133178065032
2025-04,Telephone Exp  Zain Ullah Abideen,800.0,23395850.65,45639708.0,0.003419409757601611,0.00175285959322965
2025-04,Telephone Exp Subhan Ali,650.0,23395850.65,45639708.0,0.002778270428051309,0.0014241984194990906
2025-04,Telephone Exp M.Khalid,600.0,23395850.65,45639708.0,0.0025645573182012087,0.0013146446949222374
2025-04,Misc. Expenses,400.0,23395850.65,45639708.0,0.0017097048788008056,0.000876429796614825
2025-04,Telephone & Telex  (Factory),350.0,23395850.65,45639708.0,0.001495991768950705,0.0007668760720379718
2025-04,Vehicle Repari KWM-17-2347 Mess,200.0,23395850.65,45639708.0,0.0008548524394004028,0.0004382148983074125
2025-04,Other Income,-13600.0,23395850.65,45639708.0,-0.0581299658792274,-0.02979861308490405
2025-04,Sales Promotion Expenses,-50000.0,23395850.65,45639708.0,-0.21371310985010072,-0.10955372457685311
2025-04,Processing charges-paddy,-61812.0,23395850.65,45639708.0,-0.2642006949210885,-0.1354346964708889
2025-04,Chemical application & packing char,-66302.0,23395850.65,45639708.0,-0.2833921321856276,-0.1452726209378903
2025-04,Packing charges-cotton seed,-70410.0,23395850.65,45639708.0,-0.30095080129091184,-0.15427355494912456
2025-04,Delinting & processing-cotton seed,-1354628.0,23395850.65,45639708.0,-5.790035251400445,-2.9680908563218678
2025-05,Purchase of Raw Material (Wheat),17543766.0,40199463.5,20725925.82,43.641791388584075,84.64647684433332
2025-05,Purchase of Silage,9738339.0,40199463.5,20725925.82,24.225047182532673,46.98626775264604
2025-05,Purchase of canola cooking oil,2497362.5,40199463.5,20725925.82,6.212427436998009,12.04946173063163
2025-05,Salary & Wages-Production staff,967679.0,40199463.5,20725925.82,2.4071938174000755,4.668930152525268
2025-05,Discount-on delinted of cottonseed,861000.0,40199463.5,20725925.82,2.1418196290107208,4.154217319301397
2025-05,Salaries & Wages,670597.0,40199463.5,20725925.82,1.6681740043620232,3.2355466569936797
2025-05,Salaries & Wages (H.O),614400.0,40199463.5,20725925.82,1.528378606346326,2.964403160254098
2025-05,Germination Claim,534250.0,40199463.5,20725925.82,1.3289978360034582,2.577689434189049
2025-05,Discount on sale of sesame seed,489800.0,40199463.5,20725925.82,1.2184242210098153,2.3632237433145455
2025-05,Fertilizer Exp,472500.0,40199463.5,20725925.82,1.175388820798566,2.2797534069336933
2025-05,Salary & Wages,458600.0,40199463.5,20725925.82,1.1408112449062908,2.2126876453328927
2025-05,Directors Remuneration,420000.0,40199463.5,20725925.82,1.0447900629320588,2.0264474728299495
2025-05,Salaries & Wages (Factory),367262.0,40199463.5,20725925.82,0.9135992573632232,1.771993218491602
2025-05,Labour charges-Misc,334248.0,40199463.5,20725925.82,0.8314737832259876,1.6127047973772974
2025-05,Germination Claim Wheat,333000.0,40199463.5,20725925.82,0.8283692641818466,1.6066833534580314
2025-05,Incentive staff-selling,312456.0,40199463.5,20725925.82,0.7772641045321413,1.5075611227870351
2025-05,Seasonal Disc.Corn(Mosmi)July-Dec,305650.0,40199463.5,20725925.82,0.7603335303218661,1.4747230239773192
2025-05,Labour Charges,301792.0,40199463.5,20725925.82,0.7507363873152189,1.4561086564768955
2025-05,Discount-wheat seed,228250.0,40199463.5,20725925.82,0.5677936472958153,1.1012777039843713
2025-05,Electricity Charges,209915.0,40199463.5,20725925.82,0.522183585858055,1.0128136220454735
2025-05,Freight & Octroi-wheat,182000.0,40199463.5,20725925.82,0.4527423606038921,0.8781272382263114
2025-05,Freight & Octroi Paddy,176900.0,40199463.5,20725925.82,0.4400556241254314,0.8535203760562335
2025-05,Labour charges,155195.0,40199463.5,20725925.82,0.38606236623033535,0.7487964655853429
2025-05,Tag & Sticker Expenses,151938.0,40199463.5,20725925.82,0.3779602680518361,0.7330818479210401
2025-05,Hybrid Testing Fee,139300.0,40199463.5,20725925.82,0.34652203753913285,0.6721050784885999
2025-05,Vehicle R&M Repair 9700,133630.0,40199463.5,20725925.82,0.33241737168955005,0.6447480376053957
2025-05,Pesticide expeses,127500.0,40199463.5,20725925.82,0.31716841196151785,0.6151715542519489
2025-05,Sales Promotion Expenses,125601.0,40199463.5,20725925.82,0.3124444683198322,0.6060091167497964
2025-05,labour charges-wheat(DAL),123046.0,40199463.5,20725925.82,0.30608866210366215,0.5936815612900809
2025-05,Vehicle R&M POL PA-443,118930.0,40199463.5,20725925.82,0.29584971948692795,0.5738223760563474
2025-05,Labour charges-Cotton Seed,110152.0,40199463.5,20725925.82,0.2740136071716479,0.5314696238742015
2025-05,Freight-sesame seed,99500.0,40199463.5,20725925.82,0.24751574109938057,0.48007505606328565
2025-05,Labour charges(Daily Marketing staf,87440.0,40199463.5,20725925.82,0.2175153407209029,0.42188706434345424
2025-05,Vehicle POL LEH-7012 Hassan Shah,78070.0,40199463.5,20725925.82,0.19420657193596624,0.37667798619960513
2025-05,Entertainment  (Factory),76110.0,40199463.5,20725925.82,0.18933088497561665,0.3672212313263987
2025-05,Packing Material Consumed,71500.0,40199463.5,20725925.82,0.17786307023724335,0.34497855787462234
2025-05,Germination Claim Cotton Seed,67500.0,40199463.5,20725925.82,0.16791268868550946,0.32567905813338477
2025-05,Ploughing expenses,63620.0,40199463.5,20725925.82,0.15826081858032756,0.3069585433843842
2025-05,Labour charges-corn(DAL),58018.0,40199463.5,20725925.82,0.14432530921712425,0.279929593996781
2025-05,Vehicle R&M Repair 418(Akhtar),55850.0,40199463.5,20725925.82,0.13893220241608448,0.26946926513703023
2025-05,labour charges sesame seed,55420.0,40199463.5,20725925.82,0.1378625363992731,0.26739456891484714
2025-05,Labour charges-SSG,51330.0,40199463.5,20725925.82,0.1276882712626252,0.24766083042943166
2025-05,Labour charges-Cotton seed,50591.0,40199463.5,20725925.82,0.12584993827094235,0.24409524785223802
2025-05,Vehicle R&M POL 118,50520.0,40199463.5,20725925.82,0.12567331899839906,0.2437526817318311
2025-05,Vehicle R&M POL 9700 Zafar Iqbal,49695.0,40199463.5,20725925.82,0.12362105280335396,0.23977215991020082
2025-05,Labour charges(DAL)Pddy,49481.0,40199463.5,20725925.82,0.12308870739033619,0.2387396366740446
2025-05,Vehicle R&M Repair PA-443,49210.0,40199463.5,20725925.82,0.12241456904020621,0.23743209556657574
2025-05,Micronutrient expenses,44000.0,40199463.5,20725925.82,0.10945419706907282,0.21229449715361373
2025-05,Vehicle Repair 2995 Aslam Sb.,39450.0,40199463.5,20725925.82,0.09813563805397552,0.190341316197956
2025-05,Vehicle POL LZH-5455,38790.0,40199463.5,20725925.82,0.09649382509793943,0.18715689874065178
2025-05,Irrigation Expenses,36900.0,40199463.5,20725925.82,0.09179226981474517,0.178037885112917
2025-05,Repair & Maint. Office Equipment,36410.0,40199463.5,20725925.82,0.09057334807465776,0.1756736963946154
2025-05,Samples-corn seed,35800.0,40199463.5,20725925.82,0.08905591488801834,0.17273052268407665
2025-05,Electricity Charges (H.O),32127.0,40199463.5,20725925.82,0.07991897702813869,0.1550087570466852
2025-05,Canteen Expenses,29358.0,40199463.5,20725925.82,0.07303082539895091,0.14164867835081346
2025-05,Freight & octroi-corn seed,28500.0,40199463.5,20725925.82,0.07089646855610399,0.137508935656318
2025-05,Vehicle R&M POL 2260 Rizwan Sb.,28000.0,40199463.5,20725925.82,0.06965267086213725,0.13509649818866332
2025-05,Vehicle Repair LZH-5455,27640.0,40199463.5,20725925.82,0.0687571365224812,0.13335954321195193
2025-05,Misc. Expenses-Selling,27330.0,40199463.5,20725925.82,0.06798598195222182,0.131863831982006
2025-05,Vehicle R&M Repair 2260 Rizwan Sb.,26650.0,40199463.5,20725925.82,0.06629441708842707,0.1285829170259956
2025-05,Vehicle POL 2995 Aslam Sb.,26030.0,40199463.5,20725925.82,0.06475210794790831,0.12559149456610377
2025-05,Premium on Wheat Seed,25930.0,40199463.5,20725925.82,0.06450334840911495,0.12510900707257283
2025-05,House Rent (G.M.),25200.0,40199463.5,20725925.82,0.06268740377592352,0.12158684836979697
2025-05,Vehicle R&M POL 371 (FRK),25000.0,40199463.5,20725925.82,0.06218988469833683,0.12062187338273508
2025-05,Entertainment (H.O),24709.0,40199463.5,20725925.82,0.061465994440448195,0.11921783477656005
2025-05,Picking charges-SSG,24540.0,40199463.5,20725925.82,0.06104559081988744,0.11840243091249275
2025-05,labour charges-paddy,24387.0,40199463.5,20725925.82,0.060664988725533615,0.11766422504739044
2025-05,Vehicle POL LEE-17-7430 Hafiz Qadir,23040.0,40199463.5,20725925.82,0.057314197737987224,0.11116511850952865
2025-05,E.O.B.I Factory,22200.0,40199463.5,20725925.82,0.055224617612123106,0.10711222356386876
2025-05,EOBI Staff,22200.0,40199463.5,20725925.82,0.055224617612123106,0.10711222356386876
2025-05,Telephone & Telex Charges (H.O),21940.0,40199463.5,20725925.82,0.05457784281126041,0.10585775608068831
2025-05,Labour charges-wheat,19292.0,40199463.5,20725925.82,0.04799069022401257,0.09308148725198902
2025-05,Vehicle Running & Maint. (H.O),18069.0,40199463.5,20725925.82,0.04494836106456993,0.08718066520610561
2025-05,Social security,17760.0,40199463.5,20725925.82,0.04417969408969848,0.08568977885109501
2025-05,Vehicle R&M Repair 6677 Sohail Sb,16600.0,40199463.5,20725925.82,0.04129408343969566,0.0800929239261361
2025-05,Misc.Expenses-HO,16228.0,40199463.5,20725925.82,0.040368697955384406,0.07829807045020101
2025-05,Vehicle Repair LEH-7012 Hassan Shah,14700.0,40199463.5,20725925.82,0.03656765220262206,0.07092566154904824
2025-05,Freight & Octroi,14500.0,40199463.5,20725925.82,0.03607013312503536,0.06996068656198635
2025-05,Germination Claim SSG Seed,14000.0,40199463.5,20725925.82,0.034826335431068625,0.06754824909433166
2025-05,Accomodation / Residence Expenses,13630.0,40199463.5,20725925.82,0.03390592513753324,0.06576304536826717
2025-05,Social Security,13320.0,40199463.5,20725925.82,0.03313477056727386,0.06426733413832125
2025-05,Social Security                 (G),13320.0,40199463.5,20725925.82,0.03313477056727386,0.06426733413832125
2025-05,Printing & Stationery  (Factory),12960.0,40199463.5,20725925.82,0.03223923622761782,0.06253037916160988
2025-05,"Rent, Rates & Taxes",12000.0,40199463.5,20725925.82,0.029851144655201677,0.057898499223712846
2025-05,Travelling & Conveyance Others,11376.0,40199463.5,20725925.82,0.028298885133131196,0.05488777726407977
2025-05,Vehicle POL KWM-17-4525 Haider Abba,11000.0,40199463.5,20725925.82,0.027363549267268205,0.05307362428840343
2025-05,Staff Welfare  (Factory),10488.0,40199463.5,20725925.82,0.026089900428646267,0.05060328832152503
2025-05,Legal & Professional Charges,10440.0,40199463.5,20725925.82,0.025970495850025463,0.05037169432463018
2025-05,Freight & octroi-packing material,10000.0,40199463.5,20725925.82,0.024875953879334733,0.04824874935309404
2025-05,Vehicle RepairLEE-17-7430 Haifz Qad,9800.0,40199463.5,20725925.82,0.024378434801748037,0.04728377436603216
2025-05,Vehicle Repair AGC-21-3251 Zakria,9620.0,40199463.5,20725925.82,0.023930667631920012,0.04641529687767646
2025-05,Gardening & Plantation,9300.0,40199463.5,20725925.82,0.0231346371077813,0.044871336898377454
2025-05,E.O.B.I,9250.0,40199463.5,20725925.82,0.02301025733838463,0.04463009315161198
2025-05,Vehicle POL KWK-20-7778 Khaliq Dad,9100.0,40199463.5,20725925.82,0.02263711803019461,0.04390636191131557
2025-05,Discount-SSG,9000.0,40199463.5,20725925.82,0.02238835849140126,0.043423874417784634
2025-05,Misc. Expenses,7720.0,40199463.5,20725925.82,0.019204236394846412,0.0372480345005886
2025-05,Vehicle POL KWM-19-3348 Zain Ul Abi,7280.0,40199463.5,20725925.82,0.018109694424155685,0.03512508952905246
2025-05,Telephone Exp Fty PTCL,7150.0,40199463.5,20725925.82,0.017786307023724336,0.034497855787462235
2025-05,Labortary Expenses,7060.0,40199463.5,20725925.82,0.017562423438810322,0.03406361704328439
2025-05,Vehicle POL-KWM-17-7032 M.Khalid,7000.0,40199463.5,20725925.82,0.017413167715534313,0.03377412454716583
2025-05,Vehicle POL AGC-21-3228 Abdul Rauf,6550.0,40199463.5,20725925.82,0.016293749790964252,0.0316029308262766
2025-05,Vehicle Repair-KWM-19-2868 Nazar Ai,6500.0,40199463.5,20725925.82,0.016169370021567576,0.03136168707951112
2025-05,Vehicle Repair KWM-19-3348 Zain Ul,6390.0,40199463.5,20725925.82,0.015895734528894895,0.03083095083662709
2025-05,Vehicle POL 6793 Subhan Ali,6300.0,40199463.5,20725925.82,0.01567185094398088,0.030396712092449242
2025-05,Vehicle R&M POL & Repair,6270.0,40199463.5,20725925.82,0.015597223082342878,0.030251965844389963
2025-05,Advertisement Expenses-selling,6000.0,40199463.5,20725925.82,0.014925572327600839,0.028949249611856423
2025-05,Vehicel R&M POL M/C Zakriya,5600.0,40199463.5,20725925.82,0.01393053417242745,0.027019299637732662
2025-05,Labour charges Sesame(DAL),5519.0,40199463.5,20725925.82,0.01372903894600484,0.0266284847679726
2025-05,Vehicle Repair KWK-20-8845 Shahid S,5252.0,40199463.5,20725925.82,0.0130648509774266,0.025340243160244986
2025-05,Entertainmetn-Mfg,5219.0,40199463.5,20725925.82,0.012982760329624797,0.02518102228737978
2025-05,Vehicle POL 6793   Aslam Shakir,5000.0,40199463.5,20725925.82,0.012437976939667366,0.02412437467654702
2025-05,Postal & Courier charges HO,4980.0,40199463.5,20725925.82,0.012388225031908699,0.02402787717784083
2025-05,Vehicle POL KWN-17-4123 Naveed,4760.0,40199463.5,20725925.82,0.011840954046563334,0.022966404692072763
2025-05,Vehicle POL KWK-20-8845 Shahid Sajj,4606.0,40199463.5,20725925.82,0.011457864356821577,0.022223373952035115
2025-05,Vehicle Repair KWM17-4525 Haider A,4530.0,40199463.5,20725925.82,0.011268807107338635,0.0218566834569516
2025-05,Freight & Octori-cotton seed,4500.0,40199463.5,20725925.82,0.01119417924570063,0.021711937208892317
2025-05,Samples-cotton seed,4500.0,40199463.5,20725925.82,0.01119417924570063,0.021711937208892317
2025-05,Repair & Maint. Plant & Machinery,4240.0,40199463.5,20725925.82,0.010547404444837927,0.02045746972571187
2025-05,Misc expenses,4160.0,40199463.5,20725925.82,0.01034839681380325,0.020071479730887118
2025-05,Labour charges-sunflower,4060.0,40199463.5,20725925.82,0.0100996372750099,0.01958899223735618
2025-05,Discount on sale of Raya Seed,4000.0,40199463.5,20725925.82,0.009950381551733894,0.019299499741237614
2025-05,Misc.Expenses,3970.0,40199463.5,20725925.82,0.00987575369009589,0.01915475349317833
2025-05,Repair & Maintenance Electrical,3840.0,40199463.5,20725925.82,0.009552366289664537,0.01852751975158811
2025-05,House Rent (Faisal Driver),3500.0,40199463.5,20725925.82,0.008706583857767156,0.016887062273582915
2025-05,Telephone Expenses-MFG,3300.0,40199463.5,20725925.82,0.008209064780180462,0.015922087286521034
2025-05,Vehicle POL -17-2347 Mess Safdar,3200.0,40199463.5,20725925.82,0.007960305241387114,0.015439599792990092
2025-05,Freight & Octroi-SSg,3000.0,40199463.5,20725925.82,0.007462786163800419,0.014474624805928211
2025-05,Vehicle POL AGB-6545 Faisal Driver,3000.0,40199463.5,20725925.82,0.007462786163800419,0.014474624805928211
2025-05,Travelling & Cony.Production staff,2900.0,40199463.5,20725925.82,0.007214026625007072,0.013992137312397271
2025-05,Telephone Exp Hassan Gardezi,2500.0,40199463.5,20725925.82,0.006218988469833683,0.01206218733827351
2025-05,Newspaper & Perodical,2405.0,40199463.5,20725925.82,0.005982666907980003,0.011603824219419115
2025-05,Vehicle Running & Maint.Gen(Factor,2270.0,40199463.5,20725925.82,0.005646841530608984,0.010952466103152347
2025-05,Social security-staff,2220.0,40199463.5,20725925.82,0.00552246176121231,0.010711222356386876
2025-05,Vehicle R&M Repair 118,2050.0,40199463.5,20725925.82,0.00509957054526362,0.009890993617384278
2025-05,Telephone Exp Hassan Raza,2000.0,40199463.5,20725925.82,0.004975190775866947,0.009649749870618807
2025-05,Telephone Exp Zakria,2000.0,40199463.5,20725925.82,0.004975190775866947,0.009649749870618807
2025-05,Veh. Running & Maint.General,1970.0,40199463.5,20725925.82,0.004900562914228942,0.009505003622559526
2025-05,Vehicle Repair KWM-17-7032 M.Khalid,1760.0,40199463.5,20725925.82,0.004378167882762913,0.00849177988614455
2025-05,Telephone Exp Naveed,1650.0,40199463.5,20725925.82,0.004104532390090231,0.007961043643260517
2025-05,Vehicle POL KWM-2868 Nazar Ali,1630.0,40199463.5,20725925.82,0.004054780482331561,0.007864546144554329
2025-05,Telephone Exp Aslam Sb,1500.0,40199463.5,20725925.82,0.0037313930819002097,0.007237312402964106
2025-05,Telephone expenses-Sohail sb,1500.0,40199463.5,20725925.82,0.0037313930819002097,0.007237312402964106
2025-05,Vehicle Repair 6793 Subhan Ali,1450.0,40199463.5,20725925.82,0.003607013312503536,0.006996068656198636
2025-05,Telephone Exp Zafar Iqbal,1440.0,40199463.5,20725925.82,0.0035821373586242015,0.0069478199068455405
2025-05,Bank Charges,1420.0,40199463.5,20725925.82,0.0035323854508655323,0.006851322408139354
2025-05,Telephone & Telex  (Factory),1400.0,40199463.5,20725925.82,0.0034826335431068626,0.0067548249094331655
2025-05,Vehicle Repair AGC-21-3228 Rauf,1300.0,40199463.5,20725925.82,0.003233874004313515,0.006272337415902225
2025-05,Ploughing Expenses,1250.0,40199463.5,20725925.82,0.0031094942349168416,0.006031093669136755
2025-05,Vehicle Repair 6793 Aslam Shakir,1250.0,40199463.5,20725925.82,0.0031094942349168416,0.006031093669136755
2025-05,Telephone Exp Farid,1200.0,40199463.5,20725925.82,0.002985114465520168,0.005789849922371285
2025-05,Telephone Exp Haifz Ghulam Qadir,1200.0,40199463.5,20725925.82,0.002985114465520168,0.005789849922371285
2025-05,Telephone Exp Khaliq Dad,1100.0,40199463.5,20725925.82,0.0027363549267268206,0.005307362428840344
2025-05,Telephone Exp M.Khalid,1000.0,40199463.5,20725925.82,0.0024875953879334735,0.0048248749353094035
2025-05,Telephone Exp Nazar Ali,1000.0,40199463.5,20725925.82,0.0024875953879334735,0.0048248749353094035
2025-05,Postal & Courier Charges,922.0,40199463.5,20725925.82,0.002293562947674662,0.00444853469035527
2025-05,Telephone Exp Abdul Rauf,900.0,40199463.5,20725925.82,0.002238835849140126,0.004342387441778463
2025-05,Telephone Exp Kafitullah,850.0,40199463.5,20725925.82,0.0021144560797434525,0.004101143695012993
2025-05,Telephone Exp Shahid Sajjad,850.0,40199463.5,20725925.82,0.0021144560797434525,0.004101143695012993
2025-05,Telephone Exp  Zain Ullah Abideen,800.0,40199463.5,20725925.82,0.0019900763103467786,0.003859899948247523
2025-05,Labour charges-silage,789.0,40199463.5,20725925.82,0.0019627127610795103,0.003806826323959119
2025-05,Misc Expenses,750.0,40199463.5,20725925.82,0.0018656965409501048,0.003618656201482053
2025-05,Labour charges-Okra,705.0,40199463.5,20725925.82,0.0017537547484930984,0.0034015368293931294
2025-05,Freight & Octroi-chemicals,700.0,40199463.5,20725925.82,0.0017413167715534313,0.0033774124547165827
2025-05,Telephone Exp Subhan Ali,650.0,40199463.5,20725925.82,0.0016169370021567576,0.0031361687079511126
2025-05,Labour charges SSG(DAL),494.0,40199463.5,20725925.82,0.0012288721216391358,0.0023834882180428455
2025-05,Telephone Expenses-Director,460.0,40199463.5,20725925.82,0.0011442938784493976,0.0022194424702423254
2025-05,Freight & Oct. General,400.0,40199463.5,20725925.82,0.0009950381551733893,0.0019299499741237615
2025-05,Vehicle Repari KWM-17-2347 Mess,300.0,40199463.5,20725925.82,0.000746278616380042,0.0014474624805928212
2025-05,Electricity Exp,288.0,40199463.5,20725925.82,0.0007164274717248403,0.0013895639813691083
2025-05,Packing charges-cotton seed,-5835.0,40199463.5,20725925.82,-0.014515119088591818,-0.028153145247530372
2025-05,Chemical application & packing char,-27640.0,40199463.5,20725925.82,-0.0687571365224812,-0.13335954321195193
2025-05,Other Income,-41900.0,40199463.5,20725925.82,-0.10423024675441253,-0.20216225978946403
2025-05,Processing charges-paddy,-72144.0,40199463.5,20725925.82,-0.1794650816670725,-0.3480857773329616
2025-05,"Mazhar Khan Chak 77/10-R,KWL",-84500.0,40199463.5,20725925.82,-0.2102018102803785,-0.4077019320336446
2025-05,Delinting & processing-cotton seed,-363494.0,40199463.5,20725925.82,-0.9042259979414898,-1.753813089735356
2025-05,Purchase of Sunflower,-648000.0,40199463.5,20725925.82,-1.6119618113808905,-3.126518958080494
2025-06,Mark-up on Redeemable Capt. NDFC,5798231.2,25414377.06,1211165.0,22.81476813817289,478.7317334962618
2025-06,Mark-up on Al-Towfiq,2777885.0,25414377.06,1211165.0,10.930368245665747,229.35644606639062
2025-06,Purchase of R.M.Okra,2318225.0,25414377.06,1211165.0,9.121706955582566,191.40455676972172
2025-06,Mark-up on Supliers Credit Loan,1601701.06,25414377.06,1211165.0,6.302342395481874,132.24466195770188
2025-06,Salaries & Wages (H.O),1131600.0,25414377.06,1211165.0,4.452597824170317,93.43070514752326
2025-06,Packing Material Consumed,1010553.0,25414377.06,1211165.0,3.9763044264835505,83.43644342430635
2025-06,Salary & Wages-Production staff,956179.0,25414377.06,1211165.0,3.762354661468142,78.94704685158504
2025-06,Germination Claim,862322.0,25414377.06,1211165.0,3.393047950631138,71.1977311101295
2025-06,Salary & Wages,859910.0,25414377.06,1211165.0,3.3835572596167345,70.99858400795928
2025-06,Directors Remuneration,840000.0,25414377.06,1211165.0,3.3052157761603618,69.35471219858566
2025-06,Chemicals Consumed,823443.0,25414377.06,1211165.0,3.2400676123438297,67.9876812820714
2025-06,Salaries & Wages,800597.0,25414377.06,1211165.0,3.15017361279364,66.10139824053701
2025-06,Labour Charges,633018.0,25414377.06,1211165.0,2.4907870002303336,52.26521572205274
2025-06,Diesel for Generator Consumed,583780.0,25414377.06,1211165.0,2.2970462688177333,48.19987367534564
2025-06,Salaries & Wages (Factory),367262.0,25414377.06,1211165.0,1.445095424266913,30.323036085091626
2025-06,Labour charges-Misc,327120.0,25414377.06,1211165.0,1.2871454579733068,27.008706493334927
2025-06,Seasonal Disc.Corn(Mosmi)July-Dec,236500.0,25414377.06,1211165.0,0.9305756322165782,19.52665408924465
2025-06,Discount of Paddy,194000.0,25414377.06,1211165.0,0.7633474530656075,16.017635912530498
2025-06,Pesticide exp,188641.0,25414377.06,1211165.0,0.7422609633698415,15.575169361730234
2025-06,Discount on sale of sesame seed,184700.0,25414377.06,1211165.0,0.7267539926866892,15.249780170331869
2025-06,Fertilizer expenss,161930.0,25414377.06,1211165.0,0.6371590364686279,13.36977207894878
2025-06,Electricity Charges (H.O),147794.0,25414377.06,1211165.0,0.5815369766926721,12.202631350806868
2025-06,Fertilizer Exp.,135214.0,25414377.06,1211165.0,0.5320374356639848,11.163961970499479
2025-06,Vehicle R&M POL PA-443,126640.0,25414377.06,1211165.0,0.49830062606303366,10.456048515272485
2025-06,Discount-on delinted of cottonseed,116600.0,25414377.06,1211165.0,0.45879542797654554,9.627094574232247
2025-06,Labour charges,112646.0,25414377.06,1211165.0,0.4432373051444764,9.300632036097477
2025-06,Labour charges-corn(DAL),107006.0,25414377.06,1211165.0,0.42104514207597105,8.834964682764115
2025-06,Telephone & Telex Charges (H.O),105120.0,25414377.06,1211165.0,0.41362414570235395,8.679246840851578
2025-06,Hybrid Testing Fee,100000.0,25414377.06,1211165.0,0.39347806859051937,8.256513356974484
2025-06,Entertainment  (Factory),97550.0,25414377.06,1211165.0,0.3838378559100516,8.054228779728609
2025-06,Entertainment (H.O),95045.0,25414377.06,1211165.0,0.3739812302918591,7.8474031201363985
2025-06,Discount of Afgoyee Seed,92000.0,25414377.06,1211165.0,0.3619998231032778,7.595992288416524
2025-06,Fertilizer Expenses,90297.0,25414377.06,1211165.0,0.35529889159518124,7.4553838659472484
2025-06,Sales Promotion Expenses,88990.0,25414377.06,1211165.0,0.35015613323870315,7.347471236371593
2025-06,Vehicle R&M Pol 418 (Akhtar),87992.0,25414377.06,1211165.0,0.34622922211416973,7.265071233068987
2025-06,Labour charges(Daily Marketing staf,87440.0,25414377.06,1211165.0,0.3440572231755501,7.219495279338488
2025-06,Vehicle R&M POL 2260 Rizwan Sb.,83790.0,25414377.06,1211165.0,0.32969527367199614,6.9181325418089195
2025-06,Labour charges-SSG,76310.0,25414377.06,1211165.0,0.30026311414142526,6.300545342707228
2025-06,Vehicle Running & Maint. (H.O),70665.0,25414377.06,1211165.0,0.27805127716949046,5.834465163706018
2025-06,Lease expenses,70000.0,25414377.06,1211165.0,0.2754346480133635,5.779559349882138
2025-06,Legal & Professional Charges,66120.0,25414377.06,1211165.0,0.26016769895205133,5.459206631631528
2025-06,labour charges-paddy,65102.0,25414377.06,1211165.0,0.2561620922137999,5.375155325657528
2025-06,Vehicle R&M Repair PA-443,64450.0,25414377.06,1211165.0,0.2535966152065897,5.3213228585700545
2025-06,Ploughing expenses-fty,62000.0,25414377.06,1211165.0,0.24395640252612197,5.11903828132418
2025-06,Purchase of Janter Seed,60000.0,25414377.06,1211165.0,0.23608684115431158,4.95390801418469
2025-06,Vehicle R&M Repair 9700,59570.0,25414377.06,1211165.0,0.23439488545937237,4.918405006749699
2025-06,Ploughing expenses,55800.0,25414377.06,1211165.0,0.2195607622735098,4.607134453191762
2025-06,Freight & Octroi Paddy,54800.0,25414377.06,1211165.0,0.21562598158760457,4.5245693196220165
2025-06,General Store Consumed,53126.0,25414377.06,1211165.0,0.20903915871939927,4.386355286026264
2025-06,Pesticide expenses,52919.0,25414377.06,1211165.0,0.20822465911741694,4.369264303377326
2025-06,Vehicle R&M POL 118,50707.0,25414377.06,1211165.0,0.1995209242401946,4.186630227921051
2025-06,Vehicle POL LEH-7012 Hassan Shah,50041.0,25414377.06,1211165.0,0.19690036030338176,4.131641848963601
2025-06,Vehicle 2.OD Repair 4382 Dr.Sb,50000.0,25414377.06,1211165.0,0.19673903429525968,4.128256678487242
2025-06,Vehicle R&M POL 6677 Sohail Sb,50000.0,25414377.06,1211165.0,0.19673903429525968,4.128256678487242
2025-06,Micronutrient expenses,44000.0,25414377.06,1211165.0,0.1731303501798285,3.632865877068773
2025-06,Repair & Renovation HO,43963.0,25414377.06,1211165.0,0.17298476329445,3.629810967126692
2025-06,Vehicle R&M Repair 6677 Sohail Sb,42150.0,25414377.06,1211165.0,0.16585100591090388,3.480120379964745
2025-06,Vehicle Repair LEH-7012 Hassan Shah,36920.0,25414377.06,1211165.0,0.14527210292361975,3.048304731394979
2025-06,Vehicle Repair LZH-5455,36580.0,25414377.06,1211165.0,0.143934277490412,3.020232585981266
2025-06,Vehicle R&M POL 9700 Zafar Iqbal,34600.0,25414377.06,1211165.0,0.1361434117323197,2.856753621513171
2025-06,Labour charges-Okra,34516.0,25414377.06,1211165.0,0.13581289015470363,2.849818150293313
2025-06,Misc. Expenses-Selling,32060.0,25414377.06,1211165.0,0.12614906879012047,2.6470381822460194
2025-06,Irrigation Expenses,29600.0,25414377.06,1211165.0,0.11646950830279373,2.443927953664447
2025-06,Picking charges-SSG,29590.0,25414377.06,1211165.0,0.11643016049593467,2.4431023023287497
2025-06,Vehicle POL LZH-5455,29340.0,25414377.06,1211165.0,0.11544646532445836,2.422461018936313
2025-06,Vehicle 2.OD POL 4382 Dr. Anwar Sb.,29250.0,25414377.06,1211165.0,0.11509233506272691,2.4150301569150363
2025-06,Vehicle POL 2995 Aslam Sb.,28530.0,25414377.06,1211165.0,0.11225929296887514,2.35558326074482
2025-06,Vehicle R&M Repair 418(Akhtar),26610.0,25414377.06,1211165.0,0.10470451405193719,2.1970582042909097
2025-06,House Rent (G.M.),25200.0,25414377.06,1211165.0,0.09915647328481086,2.08064136595757
2025-06,Printing & Stationery H.O,25200.0,25414377.06,1211165.0,0.09915647328481086,2.08064136595757
2025-06,E.O.B.I Factory,22200.0,25414377.06,1211165.0,0.08735213122709529,1.832945965248335
2025-06,EOBI Staff,21830.0,25414377.06,1211165.0,0.08589626237331037,1.8023968658275296
2025-06,Staff Welfare  (Factory),21684.0,25414377.06,1211165.0,0.0853217843931682,1.790342356326347
2025-06,Charity & Donation,19875.0,25414377.06,1211165.0,0.07820376613236571,1.6409820296986783
2025-06,Vehicle POL LEE-17-7430 Hafiz Qadir,19800.0,25414377.06,1211165.0,0.07790865758092282,1.6347896446809476
2025-06,Ploughing expenses-okra,18612.0,25414377.06,1211165.0,0.07323413812606745,1.5367022660000906
2025-06,Canteen Expenses,18611.0,25414377.06,1211165.0,0.07323020334538155,1.536619700866521
2025-06,Telephone Expenses-Director,18000.0,25414377.06,1211165.0,0.07082605234629347,1.486172404255407
2025-06,Fee & Subscription,17860.0,25414377.06,1211165.0,0.07027518305026674,1.4746132855556426
2025-06,Social security,17760.0,25414377.06,1211165.0,0.06988170498167623,1.4663567721986683
2025-06,Vehicle POL KWM-2868 Nazar Ali,17600.0,25414377.06,1211165.0,0.0692521400719314,1.453146350827509
2025-06,Purchase of Raw Material (Paddy),17500.0,25414377.06,1211165.0,0.06885866200334087,1.4448898374705346
2025-06,Freight & Octroi-SSg,16500.0,25414377.06,1211165.0,0.06492388131743569,1.3623247039007897
2025-06,Freight-sesame seed,16000.0,25414377.06,1211165.0,0.0629564909744831,1.3210421371159173
2025-06,Misc. Expenses,14340.0,25414377.06,1211165.0,0.056424755035880465,1.1839840153901409
2025-06,Telephone Exp Fty PTCL,14069.0,25414377.06,1211165.0,0.05535842947000016,1.16160886419274
2025-06,Pesticide Expenses,13936.0,25414377.06,1211165.0,0.05483510363877477,1.150627701427964
2025-06,Accomodation / Residence Expenses,13630.0,25414377.06,1211165.0,0.05363106074888778,1.1253627705556222
2025-06,Social Security,13320.0,25414377.06,1211165.0,0.05241127873625717,1.0997675791490011
2025-06,Social Security                 (G),13320.0,25414377.06,1211165.0,0.05241127873625717,1.0997675791490011
2025-06,Repair & Maintenance Electrical,13120.0,25414377.06,1211165.0,0.051624322599076136,1.0832545524350523
2025-06,Bank Charges,13027.8,25414377.06,1211165.0,0.051261535819835675,1.0756420471199215
2025-06,R&M Generator (HO),12835.0,25414377.06,1211165.0,0.05050291010359315,1.059723489367675
2025-06,Misc.Expenses-HO,12259.0,25414377.06,1211165.0,0.04823647642851176,1.012165972431502
2025-06,"Rent, Rates & Taxes",12065.0,25414377.06,1211165.0,0.04747312897544616,0.9961483365189714
2025-06,Vehicle R&M POL 371 (FRK),12000.0,25414377.06,1211165.0,0.04721736823086232,0.990781602836938
2025-06,Postal & Courier charges HO,11377.0,25414377.06,1211165.0,0.04476599986354338,0.939343524622987
2025-06,Vehicle POL KWK-20-8845 Shahid Sajj,10053.0,25414377.06,1211165.0,0.03955635023540491,0.8300272877766447
2025-06,Pesticide Corn Exp,9953.0,25414377.06,1211165.0,0.03916287216681438,0.8217707744196704
2025-06,Vehicle POL-KWM-17-7032 M.Khalid,9500.0,25414377.06,1211165.0,0.03738041651609933,0.7843687689125758
2025-06,E.O.B.I,9250.0,25414377.06,1211165.0,0.03639672134462303,0.7637274855201397
2025-06,Vehicle POL KWN-17-4123 Naveed,9000.0,25414377.06,1211165.0,0.03541302617314673,0.7430862021277035
2025-06,Labortary Expenses,8160.0,25414377.06,1211165.0,0.032107810396986375,0.6737314899291178
2025-06,Vehicle Repair 2995 Aslam Sb.,8050.0,25414377.06,1211165.0,0.0316749845215368,0.6646493252364459
2025-06,Vehicle POL AGC-21-3228 Abdul Rauf,8000.0,25414377.06,1211165.0,0.03147824548724155,0.6605210685579587
2025-06,Vehicle POL KWK-20-7778 Khaliq Dad,7900.0,25414377.06,1211165.0,0.031084767418651026,0.6522645552009843
2025-06,Vehicel R&M POL M/C Zakriya,7850.0,25414377.06,1211165.0,0.030888028384355764,0.648136298522497
2025-06,Vehicle POL KWM-19-3348 Zain Ul Abi,7820.0,25414377.06,1211165.0,0.03076998496377861,0.6456593445154045
2025-06,Labour charges-sunflower,7550.0,25414377.06,1211165.0,0.029707594178584207,0.6233667584515734
2025-06,Discount-SSG,7500.0,25414377.06,1211165.0,0.029510855144288948,0.6192385017730863
2025-06,Vehicle POL 6793 Subhan Ali,6780.0,25414377.06,1211165.0,0.026677813050437208,0.55979160560287
2025-06,Vehicle Running & Maint.Gen(Factor,6550.0,25414377.06,1211165.0,0.025772813492679014,0.5408016248818286
2025-06,Travelling & Conveyance Others,6500.0,25414377.06,1211165.0,0.02557607445838376,0.5366733682033414
2025-06,Vehicle R&M Repair 118,6500.0,25414377.06,1211165.0,0.02557607445838376,0.5366733682033414
2025-06,labour charges sesame seed,6214.0,25414377.06,1211165.0,0.02445072718221487,0.5130597400023944
2025-06,Advertisement Expenses-selling,6000.0,25414377.06,1211165.0,0.02360868411543116,0.495390801418469
2025-06,Vehicle POL KWM-17-4525 Haider Abba,6000.0,25414377.06,1211165.0,0.02360868411543116,0.495390801418469
2025-06,Travelling & Conveyance H.O.,5640.0,25414377.06,1211165.0,0.02219216306850529,0.46566735333336085
2025-06,Freight & Octori-cotton seed,5500.0,25414377.06,1211165.0,0.021641293772478563,0.4541082346335966
2025-06,Vehicle RepairLEE-17-7430 Haifz Qad,5250.0,25414377.06,1211165.0,0.020657598601002265,0.43346695124116036
2025-06,Discount on sale of corn afgoyee,5100.0,25414377.06,1211165.0,0.020067381498116484,0.4210821812056987
2025-06,Labour charges-wheat,5040.0,25414377.06,1211165.0,0.01983129465696217,0.4161282731915139
2025-06,Vehicle POL 6793   Aslam Shakir,5000.0,25414377.06,1211165.0,0.019673903429525966,0.41282566784872415
2025-06,Labour Charge Raya,4640.0,25414377.06,1211165.0,0.018257382382600097,0.383102219763616
2025-06,Printing & Stationery  (Factory),4470.0,25414377.06,1211165.0,0.017588469665996212,0.3690661470567594
2025-06,Telephone Exp-Rizwan Sb,4100.0,25414377.06,1211165.0,0.01613260081221129,0.3385170476359538
2025-06,Labour charges(DAL)Pddy,3988.0,25414377.06,1211165.0,0.015691905375389913,0.3292697526761424
2025-06,Postal & Courier Charges,3682.0,25414377.06,1211165.0,0.014487862485502922,0.3040048218038005
2025-06,House Rent (Faisal Driver),3500.0,25414377.06,1211165.0,0.013771732400668176,0.2889779674941069
2025-06,Vehicle POL -17-2347 Mess Safdar,3040.0,25414377.06,1211165.0,0.011961733285151788,0.2509980060520243
2025-06,Germination Claim SSG Seed,3000.0,25414377.06,1211165.0,0.01180434205771558,0.2476954007092345
2025-06,Vehicle POL AGB-6545 Faisal Driver,3000.0,25414377.06,1211165.0,0.01180434205771558,0.2476954007092345
2025-06,Telephone Exp Akhtar Ali,2600.0,25414377.06,1211165.0,0.010230429783353501,0.21466934728133655
2025-06,Telephone Exp Khaliq Dad,2500.0,25414377.06,1211165.0,0.009836951714762983,0.20641283392436208
2025-06,Vehicle Repair-KWM-19-2868 Nazar Ai,2300.0,25414377.06,1211165.0,0.009049995577581944,0.1898998072104131
2025-06,Social security-staff,2220.0,25414377.06,1211165.0,0.008735213122709529,0.18329459652483354
2025-06,Telephone Exp Aslam Sb,2200.0,25414377.06,1211165.0,0.008656517508991424,0.18164329385343864
2025-06,Telephone Exp Hassan Raza,2200.0,25414377.06,1211165.0,0.008656517508991424,0.18164329385343864
2025-06,Telephone Exp Zakria,2200.0,25414377.06,1211165.0,0.008656517508991424,0.18164329385343864
2025-06,Freight & octroi-corn seed,2100.0,25414377.06,1211165.0,0.008263039440400907,0.17338678049646414
2025-06,Vehicle RepairKWK-20-7778 Khaliq Da,2100.0,25414377.06,1211165.0,0.008263039440400907,0.17338678049646414
2025-06,Vehicle Repair AGC-21-3228 Rauf,2000.0,25414377.06,1211165.0,0.007869561371810387,0.16513026713948967
2025-06,Vehicle Repair KWK-20-8845 Shahid S,1990.0,25414377.06,1211165.0,0.007830213564951335,0.16430461580379221
2025-06,Travelling & Conveyance-Selling,1890.0,25414377.06,1211165.0,0.007436735496360815,0.15604810244681774
2025-06,Vehicle Repair KWM17-4525 Haider A,1810.0,25414377.06,1211165.0,0.0071219530414884,0.14944289176123815
2025-06,Telephone Exp Zafar Iqbal,1800.0,25414377.06,1211165.0,0.007082605234629348,0.1486172404255407
2025-06,Vehicle Repair KWM-19-3348 Zain Ul,1580.0,25414377.06,1211165.0,0.006216953483730206,0.13045291104019685
2025-06,Telephone Exp Naveed,1500.0,25414377.06,1211165.0,0.00590217102885779,0.12384770035461724
2025-06,Misc.Expenses,1400.0,25414377.06,1211165.0,0.005508692960267271,0.11559118699764276
2025-06,Vehicle Repair KWM-17-7032 M.Khalid,1310.0,25414377.06,1211165.0,0.005154562698535803,0.10816032497636573
2025-06,Telephone Exp Farid,1300.0,25414377.06,1211165.0,0.0051152148916767505,0.10733467364066827
2025-06,Telephone Exp Hassan Gardezi,1300.0,25414377.06,1211165.0,0.0051152148916767505,0.10733467364066827
2025-06,Vehicle Repair 6793 Subhan Ali,1300.0,25414377.06,1211165.0,0.0051152148916767505,0.10733467364066827
2025-06,Telephone Exp M.Khalid,1270.0,25414377.06,1211165.0,0.004997171471099595,0.10485771963357594
2025-06,Telephone Exp Haifz Ghulam Qadir,1200.0,25414377.06,1211165.0,0.004721736823086232,0.09907816028369379
2025-06,labour charges-cotton,1160.0,25414377.06,1211165.0,0.004564345595650024,0.095775554940904
2025-06,Vehicle Repair AGC-21-3251 Zakria,1150.0,25414377.06,1211165.0,0.004524997788790972,0.09494990360520655
2025-06,Newspaper & Perodical,1130.0,25414377.06,1211165.0,0.004446302175072869,0.09329860093381166
2025-06,Freight & Oct. General,1100.0,25414377.06,1211165.0,0.004328258754495712,0.09082164692671932
2025-06,Purchase of Sulphor (Tiger Brand),1000.0,25414377.06,1211165.0,0.0039347806859051935,0.08256513356974483
2025-06,Telephone Exp Haider Abbas,1000.0,25414377.06,1211165.0,0.0039347806859051935,0.08256513356974483
2025-06,Telephone Exp Nazar Ali,1000.0,25414377.06,1211165.0,0.0039347806859051935,0.08256513356974483
2025-06,Vehicle Repari KWM-17-2347 Mess,960.0,25414377.06,1211165.0,0.0037773894584689854,0.07926252822695504
2025-06,Repair & Maint. Office Equipment,900.0,25414377.06,1211165.0,0.003541302617314674,0.07430862021277035
2025-06,Telephone Exp Abdul Rauf,900.0,25414377.06,1211165.0,0.003541302617314674,0.07430862021277035
2025-06,Vehicle Repair 6793 Aslam Shakir,900.0,25414377.06,1211165.0,0.003541302617314674,0.07430862021277035
2025-06,Education Cess,850.0,25414377.06,1211165.0,0.003344563583019414,0.0701803635342831
2025-06,Telephone Exp Shahid Sajjad,850.0,25414377.06,1211165.0,0.003344563583019414,0.0701803635342831
2025-06,Telephone & Telex  (Factory),800.0,25414377.06,1211165.0,0.0031478245487241542,0.06605210685579586
2025-06,Telephone Exp  Zain Ullah Abideen,800.0,25414377.06,1211165.0,0.0031478245487241542,0.06605210685579586
2025-06,Telephone Exp Subhan Ali,650.0,25414377.06,1211165.0,0.0025576074458383753,0.05366733682033414
2025-06,Electricity Exp,577.0,25414377.06,1211165.0,0.0022703684557672963,0.04764008206974277
2025-06,Labour charges-silage,422.0,25414377.06,1211165.0,0.0016604774494519915,0.03484248636643232
2025-06,Labour charges-cotton(DAL),416.0,25414377.06,1211165.0,0.0016368687653365603,0.03434709556501385
2025-06,Labour charges Sesame(DAL),364.0,25414377.06,1211165.0,0.0014322601696694903,0.03005370861938712
2025-06,Other Income,-14460.0,25414377.06,1211165.0,-0.05689692871818909,-1.1938918314185103
2025-06,Harvesting charges of Turnip,-218956.0,25414377.06,1211165.0,-0.8615438398630574,-18.078131385897052
2025-06,Electricity Charges,-310432.0,25414377.06,1211165.0,-1.221481837886921,-25.630859544323027
2025-06,Purchase of canola cooking oil,-625425.0,25414377.06,1211165.0,-2.4609102104822553,-51.638298662857665
2025-07,Purchase of R.M.Okra,1298375.0,8033817.390000001,64319150.0,16.16137057852643,2.0186445249976095
2025-07,Salary & Wages-Production staff,860269.0,8033817.390000001,64319150.0,10.708097511287843,1.3375005733129246
2025-07,Purchase of Oil Seed,680000.0,8033817.390000001,64319150.0,8.464220270259341,1.0572279017990753
2025-07,Salaries & Wages,662767.0,8033817.390000001,64319150.0,8.24971452332202,1.0304349482230408
2025-07,Mark-up on Redeemable Capt. NDFC,561984.39,8033817.390000001,64319150.0,6.995234802069604,0.8737434962993137
2025-07,Freight & octroi-corn seed,463500.0,8033817.390000001,64319150.0,5.769361904801771,0.7206251948292227
2025-07,Purchase of Raw Material (Wheat),358398.0,8033817.390000001,64319150.0,4.461117082971187,0.5572181846308603
2025-07,Labour charges-Misc,299806.0,8033817.390000001,64319150.0,3.7318000328608414,0.4661224534217258
2025-07,Salaries & Wages (Factory),295002.0,8033817.390000001,64319150.0,3.6720028061280092,0.4586534492448983
2025-07,Advertisement Expenses-selling,223542.0,8033817.390000001,64319150.0,2.7825128347857553,0.34755123474113075
2025-07,Sales Promotion Expenses,222395.0,8033817.390000001,64319150.0,2.768235686771068,0.34576794003030203
2025-07,Pesticide Expenses,216000.0,8033817.390000001,64319150.0,2.6886346740823788,0.3358253335126475
2025-07,Labour charges-corn(DAL),205453.0,8033817.390000001,64319150.0,2.5573521282141067,0.31942741780636097
2025-07,Vehicle R&M POL PA-443,132850.0,8033817.390000001,64319150.0,1.653634798388167,0.2065481275794223
2025-07,Packing Material Consumed,124290.0,8033817.390000001,64319150.0,1.5470852020449022,0.19323949399206924
2025-07,Tag & Sticker Expenses,88830.0,8033817.390000001,64319150.0,1.1057010097163782,0.1381081684070763
2025-07,Vehicle R&M Repair PA-443,87460.0,8033817.390000001,64319150.0,1.0886480953483557,0.13597816513433403
2025-07,Labour charges(Daily Marketing staf,87440.0,8033817.390000001,64319150.0,1.0883991476933481,0.1359470701960458
2025-07,Lease expenses,70000.0,8033817.390000001,64319150.0,0.8713167925266968,0.10883228400872834
2025-07,Ploughing expenses-fty,62000.0,8033817.390000001,64319150.0,0.7717377305236458,0.0963943086934451
2025-07,Vehicle R&M POL 2260 Rizwan Sb.,58000.0,8033817.390000001,64319150.0,0.7219481995221203,0.09017532103580349
2025-07,Vehicle R&M POL 118,56614.0,8033817.390000001,64319150.0,0.7046961270300917,0.08802044181243067
2025-07,Labour charges,55160.0,8033817.390000001,64319150.0,0.6865976325110371,0.08575983979887794
2025-07,Vehicle R&M POL 9700 Zafar Iqbal,54000.0,8033817.390000001,64319150.0,0.6721586685205947,0.08395633337816187
2025-07,Repair & Maintenance Electrical,47445.0,8033817.390000001,64319150.0,0.5905660745918447,0.07376496735420167
2025-07,Micronutrient expenses,44000.0,8033817.390000001,64319150.0,0.5476848410167809,0.06840886423405781
2025-07,Vehicle POL 2995 Aslam Sb.,40888.0,8033817.390000001,64319150.0,0.5089485858975941,0.06357049183641264
2025-07,"Rent, Rates & Taxes",40000.0,8033817.390000001,64319150.0,0.49789531001525533,0.0621898765764162
2025-07,Vehicle POL M/C ALF 6829 Hassan Raz,38718.0,8033817.390000001,64319150.0,0.48193776532926647,0.060196691032142056
2025-07,Printing & Stationery  (Factory),34360.0,8033817.390000001,64319150.0,0.4276920713031044,0.05342110397914151
2025-07,Entertainment  (Factory),31161.0,8033817.390000001,64319150.0,0.3878728938846343,0.04844746859994263
2025-07,Vehicle POL LEH-7012 Hassan Shah,29290.0,8033817.390000001,64319150.0,0.36458384075867073,0.045538537123080765
2025-07,Canteen Expenses,28218.0,8033817.390000001,64319150.0,0.3512402464502619,0.043871848430832805
2025-07,E.O.B.I,27750.0,8033817.390000001,64319150.0,0.3454148713230834,0.04314422687488874
2025-07,House Rent (G.M.),25200.0,8033817.390000001,64319150.0,0.31367404530961085,0.039179622243142205
2025-07,Misc. Expenses-Selling,25070.0,8033817.390000001,64319150.0,0.3120558855520613,0.03897750514426885
2025-07,Freight & Octroi-micronutrient,25000.0,8033817.390000001,64319150.0,0.3111845687595346,0.03886867286026012
2025-07,Wood Expenses(Dryer),24440.0,8033817.390000001,64319150.0,0.30421403441932104,0.0379980145881903
2025-07,Repair & Maint. Plant & Machinery,24320.0,8033817.390000001,64319150.0,0.30272034848927526,0.03781144495846105
2025-07,E.O.B.I Factory,24050.0,8033817.390000001,64319150.0,0.2993595551466723,0.03739166329157024
2025-07,Social security,24000.0,8033817.390000001,64319150.0,0.2987371860091532,0.03731392594584972
2025-07,Freight & Octroi-Mungbean,20200.0,8033817.390000001,64319150.0,0.2514371315577039,0.031405887671090184
2025-07,Vehicle Repair 2995 Aslam Sb.,19000.0,8033817.390000001,64319150.0,0.2365002722572463,0.02954019137379769
2025-07,Labour charges-Okra,17888.0,8033817.390000001,64319150.0,0.22265878263882222,0.027811312804973322
2025-07,Repair & Renovation HO,17000.0,8033817.390000001,64319150.0,0.2116055067564835,0.026430697544976883
2025-07,Social Security,16800.0,8033817.390000001,64319150.0,0.20911603020640723,0.026119748162094805
2025-07,Irrigation Expenses,16700.0,8033817.390000001,64319150.0,0.2078712919313691,0.025964273470653762
2025-07,labour charges vanda,16030.0,8033817.390000001,64319150.0,0.19953154548861357,0.024922593037998788
2025-07,Legal & Professional Charges,15440.0,8033817.390000001,64319150.0,0.1921875896658886,0.024005292358496653
2025-07,R&M Generator (HO),13815.0,8033817.390000001,64319150.0,0.1719605926965188,0.021478828622579743
2025-07,Vehicle Repair 6793 Aslam Shakir,13470.0,8033817.390000001,64319150.0,0.16766624564763724,0.020942440937108155
2025-07,Travelling & conveyance-MFG.,13280.0,8033817.390000001,64319150.0,0.16530124292506476,0.02064703902337018
2025-07,Travelling & Conveyance Others,12480.0,8033817.390000001,64319150.0,0.1553433367247597,0.019403241491841854
2025-07,Germination Claim,12000.0,8033817.390000001,64319150.0,0.1493685930045766,0.01865696297292486
2025-07,Vehicle POL KWM-2868 Nazar Ali,11600.0,8033817.390000001,64319150.0,0.14438963990442408,0.0180350642071607
2025-07,Vehicle ALF-6829 Repair Hassan Raza,11360.0,8033817.390000001,64319150.0,0.1414022680443325,0.0176619249477022
2025-07,Hybrid Testing Fee,10000.0,8033817.390000001,64319150.0,0.12447382750381383,0.01554746914410405
2025-07,Labortary Expenses,10000.0,8033817.390000001,64319150.0,0.12447382750381383,0.01554746914410405
2025-07,Education Cess,9643.0,8033817.390000001,64319150.0,0.12003011186192769,0.014992424495659535
2025-07,Social security-staff,9600.0,8033817.390000001,64319150.0,0.11949487440366129,0.014925570378339888
2025-07,Vehicle Repair LEH-7012 Hassan Shah,8100.0,8033817.390000001,64319150.0,0.10082380027808921,0.012593450006724282
2025-07,Misc. Expenses,8075.0,8033817.390000001,64319150.0,0.10051261570932968,0.012554581333864018
2025-07,Vehicle Repair AGC-21-3251 Zakria,8050.0,8033817.390000001,64319150.0,0.10020143114057015,0.012515712661003759
2025-07,Vehicle POL KWM-17-4525 Haider Abba,7800.0,8033817.390000001,64319150.0,0.0970895854529748,0.01212702593240116
2025-07,Vehicle R&M Repair 2260 Rizwan Sb.,6850.0,8033817.390000001,64319150.0,0.08526457184011248,0.010650016363711275
2025-07,Freight & Octori-cotton seed,6600.0,8033817.390000001,64319150.0,0.08215272615251713,0.010261329635108672
2025-07,Ploughing Expenses.,6575.0,8033817.390000001,64319150.0,0.0818415415837576,0.010222460962248412
2025-07,Freight & Octroi-chemicals,6400.0,8033817.390000001,64319150.0,0.07966324960244085,0.009950380252226592
2025-07,Vehicle POL 6793 Subhan Ali,6000.0,8033817.390000001,64319150.0,0.0746842965022883,0.00932848148646243
2025-07,Travelling & Conveyance-Selling,5810.0,8033817.390000001,64319150.0,0.07231929377971584,0.009033079572724452
2025-07,Labour charges-wheat,5800.0,8033817.390000001,64319150.0,0.07219481995221204,0.00901753210358035
2025-07,Vehicle R&M Repair 118,5600.0,8033817.390000001,64319150.0,0.06970534340213574,0.008706582720698268
2025-07,Ploughing Exp Paddy,5575.0,8033817.390000001,64319150.0,0.06939415883337621,0.008667714047838008
2025-07,Freight & Oct. General,5400.0,8033817.390000001,64319150.0,0.06721586685205948,0.008395633337816188
2025-07,Staff Welfare  (Factory),5245.0,8033817.390000001,64319150.0,0.06528652252575036,0.008154647566082574
2025-07,Vehicle POL 6793   Aslam Shakir,5000.0,8033817.390000001,64319150.0,0.06223691375190692,0.007773734572052025
2025-07,Freight & octroi-packing material,4600.0,8033817.390000001,64319150.0,0.05725796065175437,0.0071518358062878625
2025-07,Vehicle POL -17-2347 Mess Safdar,4440.0,8033817.390000001,64319150.0,0.055266379411693344,0.006903076299982198
2025-07,Postal & Courier Charges,4308.0,8033817.390000001,64319150.0,0.053623324888643,0.006697849707280025
2025-07,Freight & Octroi-peas,4000.0,8033817.390000001,64319150.0,0.049789531001525535,0.0062189876576416205
2025-07,Vehicle POL AGC-21-3228 Abdul Rauf,4000.0,8033817.390000001,64319150.0,0.049789531001525535,0.0062189876576416205
2025-07,House Rent (Faisal Driver),3500.0,8033817.390000001,64319150.0,0.04356583962633484,0.0054416142004364175
2025-07,Vehicle Repari AGB-6545 Faisal Driv,3340.0,8033817.390000001,64319150.0,0.04157425838627382,0.005192854694130752
2025-07,Vehicle POL KWK-20-7778 Khaliq Dad,3300.0,8033817.390000001,64319150.0,0.04107636307625857,0.005130664817554336
2025-07,Telephone Exp Naveed,3000.0,8033817.390000001,64319150.0,0.03734214825114415,0.004664240743231215
2025-07,Vehicle POL AGB-6545 Faisal Driver,3000.0,8033817.390000001,64319150.0,0.03734214825114415,0.004664240743231215
2025-07,Vehicle POL KWK-20-8845 Shahid Sajj,2950.0,8033817.390000001,64319150.0,0.03671977911362508,0.004586503397510695
2025-07,Vehicle POL KWM-19-3348 Zain Ul Abi,2850.0,8033817.390000001,64319150.0,0.03547504083858694,0.004431028706069654
2025-07,Telephone Exp-Rizwan Sb,2500.0,8033817.390000001,64319150.0,0.03111845687595346,0.0038868672860260123
2025-07,Telephone Exp Aslam Sb,2200.0,8033817.390000001,64319150.0,0.027384242050839048,0.0034204432117028913
2025-07,Telephone Exp Hassan Raza,2200.0,8033817.390000001,64319150.0,0.027384242050839048,0.0034204432117028913
2025-07,Telephone Exp Zakria,2200.0,8033817.390000001,64319150.0,0.027384242050839048,0.0034204432117028913
2025-07,Vehicle 2.OD POL 4382 Dr. Anwar Sb.,2000.0,8033817.390000001,64319150.0,0.024894765500762767,0.0031094938288208102
2025-07,Telephone & Telex  (Factory),1930.0,8033817.390000001,64319150.0,0.024023448708236073,0.0030006615448120817
2025-07,Repair & Maint. Office Equipment,1800.0,8033817.390000001,64319150.0,0.022405288950686494,0.002798544445938729
2025-07,Vehicle Repair KWM-19-3348 Zain Ul,1700.0,8033817.390000001,64319150.0,0.021160550675648353,0.0026430697544976883
2025-07,Vehicle Repair AGC-21-3228 Rauf,1600.0,8033817.390000001,64319150.0,0.019915812400610213,0.002487595063056648
2025-07,Bank Charges,1441.0,8033817.390000001,64319150.0,0.017936678543299573,0.0022403903036653937
2025-07,Telephone Exp Farid,1400.0,8033817.390000001,64319150.0,0.017426335850533936,0.002176645680174567
2025-07,Vehicle Repair-KWM-19-2868 Nazar Ai,1380.0,8033817.390000001,64319150.0,0.01717738819552631,0.002145550741886359
2025-07,Vehicle Repair KWK-20-8845 Shahid S,1370.0,8033817.390000001,64319150.0,0.017052914368022497,0.0021300032727422547
2025-07,Vehicle Repair 6793 Subhan Ali,1300.0,8033817.390000001,64319150.0,0.0161815975754958,0.0020211709887335266
2025-07,Misc.Expenses,1170.0,8033817.390000001,64319150.0,0.01456343781794622,0.0018190538898601738
2025-07,Telephone Exp Haider Abbas,1000.0,8033817.390000001,64319150.0,0.012447382750381384,0.0015547469144104051
2025-07,Telephone Exp Nazar Ali,1000.0,8033817.390000001,64319150.0,0.012447382750381384,0.0015547469144104051
2025-07,Purchase of Sulphor (Tiger Brand),950.0,8033817.390000001,64319150.0,0.011825013612862315,0.0014770095686898847
2025-07,Vehicle Running & Maint.Gen(Factor,950.0,8033817.390000001,64319150.0,0.011825013612862315,0.0014770095686898847
2025-07,Labour charges(DAL)Pddy,940.0,8033817.390000001,64319150.0,0.0117005397853585,0.0014614620995457807
2025-07,Telephone Exp Abdul Rauf,900.0,8033817.390000001,64319150.0,0.011202644475343247,0.0013992722229693646
2025-07,Telephone Exp Shahid Sajjad,850.0,8033817.390000001,64319150.0,0.010580275337824177,0.0013215348772488442
2025-07,Freight-sesame seed,800.0,8033817.390000001,64319150.0,0.009957906200305107,0.001243797531528324
2025-07,Telephone Exp  Zain Ullah Abideen,800.0,8033817.390000001,64319150.0,0.009957906200305107,0.001243797531528324
2025-07,Telephone Exp Kafitullah,800.0,8033817.390000001,64319150.0,0.009957906200305107,0.001243797531528324
2025-07,Entertainmetn-Mfg,770.0,8033817.390000001,64319150.0,0.009584484717793666,0.0011971551240960118
2025-07,Ploughing expenses,725.0,8033817.390000001,64319150.0,0.009024352494026505,0.0011271915129475436
2025-07,Telephone Exp Subhan Ali,650.0,8033817.390000001,64319150.0,0.0080907987877479,0.0010105854943667633
2025-07,Vehicle Repair KWM17-4525 Haider A,500.0,8033817.390000001,64319150.0,0.006223691375190692,0.0007773734572052026
2025-07,Labour charges-silage,192.0,8033817.390000001,64319150.0,0.0023898974880732257,0.00029851140756679775
2025-07,Vehicle R&M POL & Repair,150.0,8033817.390000001,64319150.0,0.0018671074125572076,0.00023321203716156075
2025-07,Purchase of Silage,0.0,8033817.390000001,64319150.0,0.0,0.0
2025-07,Other Income,-41562.0,8033817.390000001,64319150.0,-0.5173381218713511,-0.06461839125672525
2025-07,Processing charges-corn seed,-133308.0,8033817.390000001,64319150.0,-1.6593356996878417,-0.20726020166622225
2025-08,Purchase of Raw Material (Paddy),7074000.0,18919241.5,45981892.0,37.390505322319605,15.38431693937257
2025-08,Mark-up on Redeemable Capt. NDFC,2080365.5,18919241.5,45981892.0,10.996030152688732,4.524314701970071
2025-08,Salary & Wages-Production staff,985269.0,18919241.5,45981892.0,5.207761632515765,2.1427326217894644
2025-08,Labour charges-corn(DAL),945635.0,18919241.5,45981892.0,4.998271204477199,2.056537821453715
2025-08,Salaries & Wages,837767.0,18919241.5,45981892.0,4.428121497365526,1.821949823204317
2025-08,Freight & octroi-corn seed,527550.0,18919241.5,45981892.0,2.78843102668783,1.1472994630147015
2025-08,Salary & Wages,524200.0,18919241.5,45981892.0,2.770724185744973,1.1400139863753322
2025-08,Purchase of R.M.Okra,491400.0,18919241.5,45981892.0,2.5973557132298355,1.068681558383896
2025-08,Salaries & Wages (H.O),448000.0,18919241.5,45981892.0,2.3679596245970007,0.9742965774440078
2025-08,Directors Remuneration,420000.0,18919241.5,45981892.0,2.2199621480596883,0.9134030413537572
2025-08,Pesticide Expenses,405500.0,18919241.5,45981892.0,2.1433205977100087,0.8818688887355918
2025-08,Labour Charges,338192.0,18919241.5,45981892.0,1.7875558066109576,0.735489527051214
2025-08,Purchase of Sunflower,320000.0,18919241.5,45981892.0,1.6913997318550007,0.6959261267457199
2025-08,Labour charges-Misc,292000.0,18919241.5,45981892.0,1.543402255317688,0.6350325906554694
2025-08,Salaries & Wages (Factory),250002.0,18919241.5,45981892.0,1.3214166117600434,0.5436966360583858
2025-08,Germination Claim,233500.0,18919241.5,45981892.0,1.2341932418379458,0.5078085956097674
2025-08,Packing Material Consumed,153680.0,18919241.5,45981892.0,0.8122947212233641,0.33421852236963195
2025-08,Vehicle R&M POL PA-443,136750.0,18919241.5,45981892.0,0.7228091041599104,0.2973996807264912
2025-08,Labour charges(DAL)Pddy,121296.0,18919241.5,45981892.0,0.641125068359638,0.2637907983429651
2025-08,Ploughing Expenses -Riffat Farm,120505.0,18919241.5,45981892.0,0.6369441396474589,0.26207055594841555
2025-08,Canteen Expenses,98136.0,18919241.5,45981892.0,0.5187100127666323,0.2134231449197436
2025-08,Vehicle R&M Pol 418 (Akhtar),94269.0,18919241.5,45981892.0,0.498270504131997,0.20501331263185082
2025-08,Vehicle R&M Repair PA-443,93170.0,18919241.5,45981892.0,0.49246160317790755,0.20262324134030849
2025-08,Labour charges(Daily Marketing staf,87440.0,18919241.5,45981892.0,0.4621749767293789,0.19016181413326794
2025-08,Samples-cotton seed,83500.0,18919241.5,45981892.0,0.44134961753091423,0.18159322369771125
2025-08,Labour charges,81680.0,18919241.5,45981892.0,0.4317297815559889,0.17763514385184498
2025-08,Sales Promotion Expenses,76270.0,18919241.5,45981892.0,0.4031345548393153,0.16586964277155017
2025-08,Lease expenses,70000.0,18919241.5,45981892.0,0.36999369134328136,0.15223384022562622
2025-08,Ploughing expenses-fty,62000.0,18919241.5,45981892.0,0.3277086980469064,0.1348356870569832
2025-08,Wood Expenses(Dryer),59710.0,18919241.5,45981892.0,0.315604618715819,0.12985546571245918
2025-08,Insurance Stock,56000.0,18919241.5,45981892.0,0.2959949530746251,0.12178707218050097
2025-08,Ploughing expenses,54629.0,18919241.5,45981892.0,0.28874836234845885,0.11880546368122477
2025-08,Electricity Expenses,54195.0,18919241.5,45981892.0,0.2864544014621305,0.11786161387182588
2025-08,Vehicle R&M POL 118,49618.0,18919241.5,45981892.0,0.26226209967244196,0.10790769549021602
2025-08,Vehicle POL LEH-7012 Hassan Shah,48568.0,18919241.5,45981892.0,0.2567121943022927,0.10562418788683163
2025-08,labour charges-paddy,47450.0,18919241.5,45981892.0,0.2508028664891243,0.10319279598151378
2025-08,Freight & Octroi-Mungbean,47000.0,18919241.5,45981892.0,0.24842433561620322,0.10221414986577759
2025-08,Entertainment  (Factory),46855.0,18919241.5,45981892.0,0.24765792011270643,0.10189880833959594
2025-08,Vehicle R&M POL 9700 Zafar Iqbal,46000.0,18919241.5,45981892.0,0.24313871145415633,0.10003938071969723
2025-08,Vehicle R&M POL 2260 Rizwan Sb.,45800.0,18919241.5,45981892.0,0.24208158662174695,0.09960442689048116
2025-08,Micronutrient expenses,44000.0,18919241.5,45981892.0,0.23256746313006257,0.09568984242753648
2025-08,Vehicle Repair LEH-7012 Hassan Shah,43530.0,18919241.5,45981892.0,0.23008321977390053,0.0946677009288787
2025-08,Vehicle POL M/C ALF 6829 Hassan Raz,41120.0,18919241.5,45981892.0,0.21734486554336757,0.089426507286825
2025-08,Printing & Stationery  (Factory),40190.0,18919241.5,45981892.0,0.21242923507266398,0.08740397198097025
2025-08,Repair & Maint. Office Equipment,36975.0,18919241.5,45981892.0,0.19543595339168326,0.08041208917632185
2025-08,Tag & Sticker Expenses,36000.0,18919241.5,45981892.0,0.19028246983368757,0.07829168925889347
2025-08,"Mazhar Khan Chak 77/10-R,KWL",34000.0,18919241.5,45981892.0,0.17971122150959382,0.07394215096673273
2025-08,Vehicle R&M POL LEC 9352,34000.0,18919241.5,45981892.0,0.17971122150959382,0.07394215096673273
2025-08,Gardening & Plantation,32500.0,18919241.5,45981892.0,0.1717827852665235,0.07067999724761218
2025-08,E.O.B.I,30000.0,18919241.5,45981892.0,0.1585687248614063,0.06524307438241123
2025-08,Staff Welfare  (Factory),29537.0,18919241.5,45981892.0,0.1561214808743786,0.06423615626777603
2025-08,E.O.B.I Factory,26000.0,18919241.5,45981892.0,0.13742622821321882,0.05654399779808974
2025-08,House Rent (G.M.),25200.0,18919241.5,45981892.0,0.1331977288835813,0.05480418248122544
2025-08,Advertisement Expenses-selling,24000.0,18919241.5,45981892.0,0.12685497988912506,0.05219445950592898
2025-08,Insurance Plant & Machinery,24000.0,18919241.5,45981892.0,0.12685497988912506,0.05219445950592898
2025-08,Social security,24000.0,18919241.5,45981892.0,0.12685497988912506,0.05219445950592898
2025-08,Repair & Maint. Plant & Machinery,23710.0,18919241.5,45981892.0,0.12532214888213145,0.05156377645356568
2025-08,Telephone & Telex Charges (H.O),22100.0,18919241.5,45981892.0,0.11681229398123598,0.048062398128376274
2025-08,Repair & Maintenance Electrical,21570.0,18919241.5,45981892.0,0.11401091317535114,0.046909770480953676
2025-08,Misc. Expenses-Selling,20520.0,18919241.5,45981892.0,0.10846100780520192,0.04462626287756928
2025-08,Vehicle ALF-6829 Repair Hassan Raza,20010.0,18919241.5,45981892.0,0.105765339482558,0.04351713061306829
2025-08,Vehicle Running & Maint. (H.O),19781.0,18919241.5,45981892.0,0.10455493154944927,0.04301910847861588
2025-08,labour charges vanda,18565.0,18919241.5,45981892.0,0.09812761256840027,0.040374589196982155
2025-08,Vehicle R&M Repair LEC-9352,17450.0,18919241.5,45981892.0,0.09223414162771801,0.03794972159910253
2025-08,Irrigation Expenses,17000.0,18919241.5,45981892.0,0.08985561075479691,0.03697107548336637
2025-08,Repair & Renovation HO,17000.0,18919241.5,45981892.0,0.08985561075479691,0.03697107548336637
2025-08,Vehicle R&M Repair 6677 Sohail Sb,17000.0,18919241.5,45981892.0,0.08985561075479691,0.03697107548336637
2025-08,Social Security,16800.0,18919241.5,45981892.0,0.08879848592238752,0.036536121654150294
2025-08,Vehicle Repair 6793 Aslam Shakir,16660.0,18919241.5,45981892.0,0.08805849853970096,0.03623165397369904
2025-08,Freight & Octroi,16000.0,18919241.5,45981892.0,0.08456998659275003,0.03479630633728599
2025-08,Labour charges-Okra,15353.0,18919241.5,45981892.0,0.0811501877599057,0.03338923069977199
2025-08,Misc.Expenses,15280.0,18919241.5,45981892.0,0.08076433719607629,0.03323047255210812
2025-08,R&M Generator (HO),14255.0,18919241.5,45981892.0,0.07534657242997823,0.03100133417737574
2025-08,Vehicle POL 2995 Aslam Sb.,13906.0,18919241.5,45981892.0,0.07350188959742388,0.030242339745393684
2025-08,Ploughing Exp Paddy,13000.0,18919241.5,45981892.0,0.06871311410660941,0.02827199889904487
2025-08,Vehicle R&M POL 371 (FRK),13000.0,18919241.5,45981892.0,0.06871311410660941,0.02827199889904487
2025-08,Freight & Oct. General,12350.0,18919241.5,45981892.0,0.06527745840127892,0.026858398954092623
2025-08,Vehicle POL KWK-20-7778 Khaliq Dad,12100.0,18919241.5,45981892.0,0.06395605236076722,0.026314706667572532
2025-08,Vehicle POL KWM-2868 Nazar Ali,12000.0,18919241.5,45981892.0,0.06342748994456253,0.02609722975296449
2025-08,Ploughing Expenses.,11466.0,18919241.5,45981892.0,0.060604966642029495,0.024935903028957575
2025-08,Travelling & Conveyance Others,10980.0,18919241.5,45981892.0,0.05803615329927471,0.023878965223962514
2025-08,Entertainment (H.O),10850.0,18919241.5,45981892.0,0.05734902215820862,0.023596245234972064
2025-08,Vehicle POL KWM-19-3348 Zain Ul Abi,10830.0,18919241.5,45981892.0,0.05724330967496768,0.023552749852050456
2025-08,Legal & Professional Charges,10440.0,18919241.5,45981892.0,0.05518191625176939,0.02270458988507911
2025-08,Vehicle R&M Repair 418(Akhtar),10100.0,18919241.5,45981892.0,0.05338480403667346,0.02196516837541178
2025-08,Social security-staff,9600.0,18919241.5,45981892.0,0.050741991955650025,0.020877783802371597
2025-08,Discount-on delinted of cottonseed,9500.0,18919241.5,45981892.0,0.05021342953944534,0.020660306887763557
2025-08,Vehicle POL KWM-17-4525 Haider Abba,9500.0,18919241.5,45981892.0,0.05021342953944534,0.020660306887763557
2025-08,Vehicle R&M Repair 118,8250.0,18919241.5,45981892.0,0.04360639933688674,0.01794184545516309
2025-08,Vehicle RepairKWK-20-7778 Khaliq Da,7940.0,18919241.5,45981892.0,0.041967855846652205,0.017267667019878172
2025-08,Vehicle POL KWK-20-8845 Shahid Sajj,7753.0,18919241.5,45981892.0,0.04097944412834944,0.016860985189561143
2025-08,Telephone Exp Fty PTCL,7490.0,18919241.5,45981892.0,0.03958932497373111,0.016289020904142002
2025-08,Vehicle POL 6793 Subhan Ali,7200.0,18919241.5,45981892.0,0.03805649396673751,0.015658337851778694
2025-08,Freight & Octroi-chemicals,7090.0,18919241.5,45981892.0,0.03747507530891236,0.015419113245709853
2025-08,Labortary Expenses,7050.0,18919241.5,45981892.0,0.03726365034243048,0.015332122479866641
2025-08,Vehicle POL-KWM-17-7032 M.Khalid,7000.0,18919241.5,45981892.0,0.036999369134328136,0.015223384022562621
2025-08,Freight & octroi-packing material,6750.0,18919241.5,45981892.0,0.03567796309381642,0.014679691736042525
2025-08,Vehicle POL KWN-17-4123 Naveed,5500.0,18919241.5,45981892.0,0.02907093289125782,0.01196123030344206
2025-08,Misc expense Paddy,4900.0,18919241.5,45981892.0,0.025899558394029697,0.010656368815793835
2025-08,Entertainmetn-Mfg,4640.0,18919241.5,45981892.0,0.02452529611189751,0.010090928837812938
2025-08,labour charges-wheat(DAL),4583.0,18919241.5,45981892.0,0.024224015534660838,0.009966966996486356
2025-08,Additional Discount,4000.0,18919241.5,45981892.0,0.021142496648187507,0.008699076584321497
2025-08,Vehicle POL AGC-21-3228 Abdul Rauf,4000.0,18919241.5,45981892.0,0.021142496648187507,0.008699076584321497
2025-08,Freight & Octroi-wheat,3500.0,18919241.5,45981892.0,0.018499684567164068,0.007611692011281311
2025-08,House Rent (Faisal Driver),3500.0,18919241.5,45981892.0,0.018499684567164068,0.007611692011281311
2025-08,Vehicle Repari AGB-6545 Faisal Driv,3300.0,18919241.5,45981892.0,0.017442559734754694,0.0071767381820652355
2025-08,Vehicle POL 6793   Aslam Shakir,3000.0,18919241.5,45981892.0,0.015856872486140632,0.006524307438241122
2025-08,Vehicle POL AGB-6545 Faisal Driver,3000.0,18919241.5,45981892.0,0.015856872486140632,0.006524307438241122
2025-08,Labour charges-Peas seed,2947.0,18919241.5,45981892.0,0.015576734405552147,0.0064090446734988635
2025-08,Misc.Expenses-HO,2900.0,18919241.5,45981892.0,0.015328310069935944,0.006306830523633085
2025-08,Misc. Expenses,2860.0,18919241.5,45981892.0,0.015116885103454068,0.00621983975778987
2025-08,Vehicle POL -17-2347 Mess Safdar,2800.0,18919241.5,45981892.0,0.014799747653731257,0.006089353609025048
2025-08,Vehicle Repair AGC-21-3251 Zakria,2800.0,18919241.5,45981892.0,0.014799747653731257,0.006089353609025048
2025-08,Telephone Exp Akhtar Ali,2700.0,18919241.5,45981892.0,0.014271185237526568,0.005871876694417011
2025-08,Telephone Exp Hassan Gardezi,2620.0,18919241.5,45981892.0,0.013848335304562817,0.0056978951627305804
2025-08,Telephone Exp Khaliq Dad,2600.0,18919241.5,45981892.0,0.013742622821321882,0.0056543997798089735
2025-08,Telephone Exp-Rizwan Sb,2600.0,18919241.5,45981892.0,0.013742622821321882,0.0056543997798089735
2025-08,Postal & Courier Charges,2587.0,18919241.5,45981892.0,0.01367390970721527,0.005626127780909929
2025-08,Telephone Exp M.Khalid,2230.0,18919241.5,45981892.0,0.011786941881364536,0.004849735195759235
2025-08,Vehicle Repari KWM-17-2347 Mess,2230.0,18919241.5,45981892.0,0.011786941881364536,0.004849735195759235
2025-08,Telephone Exp Aslam Sb,2200.0,18919241.5,45981892.0,0.011628373156503129,0.004784492121376824
2025-08,Telephone Exp Hassan Raza,2200.0,18919241.5,45981892.0,0.011628373156503129,0.004784492121376824
2025-08,Telephone Exp Zakria,2200.0,18919241.5,45981892.0,0.011628373156503129,0.004784492121376824
2025-08,Vehicle Repair KWM17-4525 Haider A,1900.0,18919241.5,45981892.0,0.010042685907889065,0.004132061377552711
2025-08,Vehicle Repair-KWM-19-2868 Nazar Ai,1800.0,18919241.5,45981892.0,0.009514123491684378,0.0039145844629446735
2025-08,Vehicle Repair KWK-20-8845 Shahid S,1790.0,18919241.5,45981892.0,0.00946126725006391,0.0038928367714838705
2025-08,Vehicle Repair 6793 Subhan Ali,1730.0,18919241.5,45981892.0,0.009144129800341098,0.003762350622719048
2025-08,Vehicle Repair KWM-19-3348 Zain Ul,1650.0,18919241.5,45981892.0,0.008721279867377347,0.0035883690910326177
2025-08,Bank Charges,1629.0,18919241.5,45981892.0,0.008610281759974362,0.00354269893896493
2025-08,Labour charges-Misc.,1569.0,18919241.5,45981892.0,0.00829314431025155,0.003412212790200107
2025-08,Telephone Exp Naveed,1500.0,18919241.5,45981892.0,0.007928436243070316,0.003262153719120561
2025-08,Vehicle R&M Repair 2260 Rizwan Sb.,1500.0,18919241.5,45981892.0,0.007928436243070316,0.003262153719120561
2025-08,Telephone Exp Farid,1400.0,18919241.5,45981892.0,0.0073998738268656284,0.003044676804512524
2025-08,Insect Net,1312.0,18919241.5,45981892.0,0.006934738900605503,0.0028532971196574513
2025-08,Newspaper & Perodical,1305.0,18919241.5,45981892.0,0.0068977395314711734,0.002838073735634889
2025-08,Telephone Exp Haider Abbas,1000.0,18919241.5,45981892.0,0.005285624162046877,0.0021747691460803744
2025-08,Telephone Exp Nazar Ali,1000.0,18919241.5,45981892.0,0.005285624162046877,0.0021747691460803744
2025-08,Vehicle Running & Maint.Gen(Factor,1000.0,18919241.5,45981892.0,0.005285624162046877,0.0021747691460803744
2025-08,Telephone Exp Abdul Rauf,900.0,18919241.5,45981892.0,0.004757061745842189,0.0019572922314723368
2025-08,Telephone Exp Shahid Sajjad,900.0,18919241.5,45981892.0,0.004757061745842189,0.0019572922314723368
2025-08,Telephone & Telex  (Factory),800.0,18919241.5,45981892.0,0.0042284993296375015,0.0017398153168642996
2025-08,Telephone Exp Kafitullah,800.0,18919241.5,45981892.0,0.0042284993296375015,0.0017398153168642996
2025-08,Telephone Exp Subhan Ali,650.0,18919241.5,45981892.0,0.0034356557053304704,0.0014135999449522434
2025-08,Vehicle Repair KWM-17-7032 M.Khalid,630.0,18919241.5,45981892.0,0.0033299432220895327,0.0013701045620306358
2025-08,Vehicle Repair 2995 Aslam Sb.,500.0,18919241.5,45981892.0,0.0026428120810234384,0.0010873845730401872
2025-08,Income-Chak Shahana farm,-20000.0,18919241.5,45981892.0,-0.10571248324093754,-0.04349538292160749
2025-08,Other Income,-31437.0,18919241.5,45981892.0,-0.16616416678226767,-0.06836821764532873
2025-08,Processing of Peas seed,-95136.0,18919241.5,45981892.0,-0.5028531402804917,-0.20689883748150248
2025-08,Processing charges of Okra seed,-122000.0,18919241.5,45981892.0,-0.6448461477697189,-0.2653218358218057
2025-09,Seasonal Disc.Corn(Mosmi)July-Dec,9800323.0,32813445.02,6832212.0,29.86679086583759,143.4428996055743
2025-09,Mark-up on Redeemable Capt. NDFC,4509163.14,32813445.02,6832212.0,13.741815701617544,65.99858347486874
2025-09,Mark-up on Al-Towfiq,3227779.0,32813445.02,6832212.0,9.836757457294254,47.24354279404679
2025-09,Mark-up on Supliers Credit Loan,1986596.4,32813445.02,6832212.0,6.054214663498931,29.076913889674383
2025-09,Labour charges Detasseling corn(Co),1926000.0,32813445.02,6832212.0,5.869545239233768,28.189991762550694
2025-09,Packing Material Consumed,1612569.0,32813445.02,6832212.0,4.914354463596032,23.602443835173734
2025-09,Salary & Wages,1127581.0,32813445.02,6832212.0,3.4363383646939,16.503893614542406
2025-09,Salary & Wages-Production staff,1110269.0,32813445.02,6832212.0,3.3835795032288876,16.250505692739043
2025-09,Salaries & Wages (H.O),896000.0,32813445.02,6832212.0,2.730588024067215,13.114347154333034
2025-09,Salaries & Wages,850507.0,32813445.02,6832212.0,2.59194668368899,12.448486668739202
2025-09,Directors Remuneration,840000.0,32813445.02,6832212.0,2.559926272563014,12.294700457187218
2025-09,Lease Expenses,792247.0,32813445.02,6832212.0,2.4143975114990837,11.595761372744288
2025-09,Chemicals Consumed,699337.0,32813445.02,6832212.0,2.131251380565953,10.2358796828904
2025-09,Labour Charges,676384.0,32813445.02,6832212.0,2.0613013951681687,9.899926992897761
2025-09,Fee & Subscription,658435.0,32813445.02,6832212.0,2.0066012562797955,9.637215589914366
2025-09,Germination Claim,644600.0,32813445.02,6832212.0,1.9644386610644275,9.43471894607486
2025-09,Fertilizer,643556.0,32813445.02,6832212.0,1.9612570384113848,9.419438389792354
2025-09,Purchase of canola cooking oil,570337.0,32813445.02,6832212.0,1.7381198458509188,8.347764969822364
2025-09,Freight & octroi-corn seed,413000.0,32813445.02,6832212.0,1.258630417343482,6.0448943914503825
2025-09,Salaries & Wages (Factory),362708.0,32813445.02,6832212.0,1.105363974367602,5.308793111220788
2025-09,Pesticide Consumed,302065.0,32813445.02,6832212.0,0.9205525351449367,4.421188920952687
2025-09,Pesticide expenses,294399.0,32813445.02,6832212.0,0.8971901603765224,4.30898514273269
2025-09,Labour charges-Misc,269230.0,32813445.02,6832212.0,0.8204868456692147,3.9405978620101365
2025-09,Labour charges-corn(DAL),256765.0,32813445.02,6832212.0,0.7824993683031457,3.7581532891543765
2025-09,Fertilizer Exp,227399.0,32813445.02,6832212.0,0.6930055648268535,3.328336415790376
2025-09,Discount-on delinted of cottonseed,226965.0,32813445.02,6832212.0,0.6916829362526958,3.3219841538874966
2025-09,Fertilizer Expenses,192699.0,32813445.02,6832212.0,0.5872562295197861,2.820448194523238
2025-09,Electricity Expenses,152306.0,32813445.02,6832212.0,0.46415729865355054,2.229234104562329
2025-09,Discount-wheat seed,150000.0,32813445.02,6832212.0,0.4571296915291097,2.1954822244977175
2025-09,Wood Expenses(Dryer),129321.0,32813445.02,6832212.0,0.3941097922549066,1.8928130450284624
2025-09,Vehicle R&M POL LEC 9352,129000.0,32813445.02,6832212.0,0.39313153471503437,1.888114713068037
2025-09,Lease exp,113178.0,32813445.02,6832212.0,0.34491349485254386,1.6565352480280178
2025-09,Discount on sale of sesame seed,110800.0,32813445.02,6832212.0,0.337666465476169,1.6217295364956474
2025-09,Vehicle R&M POL PA-443,106600.0,32813445.02,6832212.0,0.32486683411335393,1.5602560342097112
2025-09,Vehicle Running & Maint. (H.O),105736.0,32813445.02,6832212.0,0.3222337670901463,1.5476100565966044
2025-09,Labour charges,104800.0,32813445.02,6832212.0,0.31938127781500464,1.5339102475157387
2025-09,Labour charges(Daily Marketing staf,87440.0,32813445.02,6832212.0,0.26647613484870236,1.2798197714005362
2025-09,Vehicle R&M Repair LEC-9352,83300.0,32813445.02,6832212.0,0.25385935536249893,1.219224462004399
2025-09,Pesticide Corn Exp,81119.0,32813445.02,6832212.0,0.24721268964766566,1.1873021504602024
2025-09,Travelling & conv. Others       (G),76377.0,32813445.02,6832212.0,0.23276129633279208,1.1178956390697479
2025-09,Diesel for Generator Consumed,75648.0,32813445.02,6832212.0,0.23053964603196062,1.107225595458689
2025-09,Vehicle R&M POL 2260 Rizwan Sb.,71000.0,32813445.02,6832212.0,0.21637472065711194,1.0391949195955863
2025-09,Lease expenses,70000.0,32813445.02,6832212.0,0.2133271893802512,1.0245583714322681
2025-09,Purchase of R.M.Okra,68250.0,32813445.02,6832212.0,0.2079940096457449,0.9989444121464615
2025-09,Ploughing expenses-fty,62000.0,32813445.02,6832212.0,0.1889469391653653,0.9074659861257233
2025-09,Entertainment  (Factory),60125.0,32813445.02,6832212.0,0.18323281802125146,0.8800224583195018
2025-09,Repair & Maint. Plant & Machinery,60020.0,32813445.02,6832212.0,0.18291282723718108,0.8784856207623534
2025-09,Freight & Oct. General,54800.0,32813445.02,6832212.0,0.16700471397196806,0.8020828393498328
2025-09,Irrigation Expenses,53330.0,32813445.02,6832212.0,0.1625248429949828,0.7805671135497552
2025-09,Charity & Donation,52055.0,32813445.02,6832212.0,0.15863924061698537,0.7619055146415246
2025-09,Pesticide Exp.,51697.0,32813445.02,6832212.0,0.15754822441986924,0.7566656303990567
2025-09,Vehicle R&M POL 118,48123.0,32813445.02,6832212.0,0.14665634763636898,0.7043546072633577
2025-09,Electricity Charges (H.O),46827.0,32813445.02,6832212.0,0.14270674710155745,0.6853856408436975
2025-09,Ploughing expenses,44180.0,32813445.02,6832212.0,0.1346399318117071,0.6466426978553944
2025-09,Micronutrient expenses,44000.0,32813445.02,6832212.0,0.13409137618187217,0.6440081191859972
2025-09,Printing & Stationery  (Factory),39090.0,32813445.02,6832212.0,0.11912799761248599,0.5721426677041052
2025-09,Vehicle POL M/C ALF 6829 Hassan Raz,36400.0,32813445.02,6832212.0,0.11093013847773062,0.5327703531447794
2025-09,Sales Promotion Expenses,35300.0,32813445.02,6832212.0,0.1075778540731838,0.5166701501651295
2025-09,Advertisement Expenses-selling,33000.0,32813445.02,6832212.0,0.10056853213640414,0.48300608938949785
2025-09,E.O.B.I,30000.0,32813445.02,6832212.0,0.09142593830582194,0.4390964448995435
2025-09,Canteen Expenses,29969.0,32813445.02,6832212.0,0.09133146483623926,0.4386427119064807
2025-09,"Rent, Rates & Taxes",27865.0,32813445.02,6832212.0,0.08491945902972428,0.4078474145708593
2025-09,Vehicle R&M POL 6677 Sohail Sb,26500.0,32813445.02,6832212.0,0.08075957883680937,0.3878685263279301
2025-09,E.O.B.I Factory,26000.0,32813445.02,6832212.0,0.07923581319837901,0.38055025224627104
2025-09,Vehicle POL LEH-7012 Hassan Shah,25520.0,32813445.02,6832212.0,0.07777299818548586,0.3735247091278784
2025-09,House Rent (G.M.),25200.0,32813445.02,6832212.0,0.07679778817689042,0.36884101371561656
2025-09,Vehicle R&M Repair PA-443,24430.0,32813445.02,6832212.0,0.07445118909370767,0.35757087162986156
2025-09,Social security,24000.0,32813445.02,6832212.0,0.07314075064465755,0.3512771559196348
2025-09,Entertainment (H.O),23795.0,32813445.02,6832212.0,0.0725160067329011,0.34827666354615455
2025-09,Misc.Expenses-HO,22815.0,32813445.02,6832212.0,0.06952942608157758,0.3339328463461029
2025-09,Fertilizer expenses,21451.0,32813445.02,6832212.0,0.06537259341993955,0.3139685946513369
2025-09,Ploughing Expenses -Riffat Farm,21125.0,32813445.02,6832212.0,0.06437909822368296,0.3091970799500952
2025-09,labour charges sesame seed,20880.0,32813445.02,6832212.0,0.06363245306085206,0.3056111256500823
2025-09,Pesticide exp,18400.0,32813445.02,6832212.0,0.05607457549423745,0.2693124862050534
2025-09,Hybrid Testing Fee,17400.0,32813445.02,6832212.0,0.05302704421737672,0.2546759380417353
2025-09,Vehicle ALF-6829 Repair Hassan Raza,17200.0,32813445.02,6832212.0,0.05241753796200458,0.2517486284090716
2025-09,Repair & Renovation HO,17000.0,32813445.02,6832212.0,0.05180803170663244,0.24882131877640798
2025-09,Social Security,16800.0,32813445.02,6832212.0,0.05119852545126028,0.24589400914374437
2025-09,Vehicle POL 2995 Aslam Sb.,16460.0,32813445.02,6832212.0,0.05016236481712764,0.24091758276821618
2025-09,Misc. Expenses-Selling,15330.0,32813445.02,6832212.0,0.04671865447427501,0.22437828334366675
2025-09,Vehicle R&M Repair 2260 Rizwan Sb.,14950.0,32813445.02,6832212.0,0.04556059258906793,0.21881639504160588
2025-09,Telephone Exp Fty PTCL,14493.12,32813445.02,6832212.0,0.044168236499295806,0.21212924891674906
2025-09,Vehicle R&M POL 9700 Zafar Iqbal,14100.0,32813445.02,6832212.0,0.042970191003736315,0.20637532910278544
2025-09,Vehicle POL KWM-2868 Nazar Ali,14000.0,32813445.02,6832212.0,0.04266543787605023,0.20491167428645365
2025-09,Labour charges-Okra,13952.0,32813445.02,6832212.0,0.04251915637476092,0.20420911997461438
2025-09,R&M Generator (HO),13940.0,32813445.02,6832212.0,0.04248258599943859,0.20403348139665456
2025-09,Purchase of Raw Material (Bursom,13800.0,32813445.02,6832212.0,0.04205593162067809,0.20198436465379005
2025-09,Discount of Afgoyee Seed,12500.0,32813445.02,6832212.0,0.038094140960759144,0.18295685204147646
2025-09,Printing & Stationery H.O,11940.0,32813445.02,6832212.0,0.03638752344571713,0.17476038507001831
2025-09,Vehicle Repair LEH-7012 Hassan Shah,10770.0,32813445.02,6832212.0,0.03282191185179008,0.1576356237189361
2025-09,Legal & Professional Charges,10440.0,32813445.02,6832212.0,0.03181622653042603,0.15280556282504115
2025-09,Labour Charge Raya,10406.0,32813445.02,6832212.0,0.03171261046701277,0.15230792018748832
2025-09,Vehicle POL KWM-19-3348 Zain Ul Abi,10230.0,32813445.02,6832212.0,0.03117624496228528,0.14973188771074433
2025-09,Freight & Octroi-micronutrient,10000.0,32813445.02,6832212.0,0.030475312768607314,0.1463654816331812
2025-09,Telephone Exp Net H.O.,10000.0,32813445.02,6832212.0,0.030475312768607314,0.1463654816331812
2025-09,Tag & Sticker Expenses,9450.0,32813445.02,6832212.0,0.02879917056633391,0.1383153801433562
2025-09,Vehicle POL KWK-20-8845 Shahid Sajj,9266.0,32813445.02,6832212.0,0.028238424811391535,0.13562225528130567
2025-09,Travelling & Conveyance Others,9000.0,32813445.02,6832212.0,0.027427781491746583,0.13172893346986306
2025-09,Bank Charges,8632.36,32813445.02,6832212.0,0.0263073870931215,0.1263479529031008
2025-09,Vehicle R&M Repair 118,8600.0,32813445.02,6832212.0,0.02620876898100229,0.1258743142045358
2025-09,Misc.Expenses,8200.0,32813445.02,6832212.0,0.024989756470257994,0.12001969493920855
2025-09,Freight & Octroi-chemicals,7900.0,32813445.02,6832212.0,0.024075497087199776,0.11562873049021313
2025-09,Vehicle Repair 2995 Aslam Sb.,7800.0,32813445.02,6832212.0,0.023770743959513705,0.11416507567388132
2025-09,Vehicle Repari KWM-17-2347 Mess,7560.0,32813445.02,6832212.0,0.02303933645306713,0.11065230411468496
2025-09,Vehicle POL KWM-17-4525 Haider Abba,7500.0,32813445.02,6832212.0,0.022856484576455484,0.10977411122488588
2025-09,Social security-staff,7200.0,32813445.02,6832212.0,0.021942225193397263,0.10538314677589045
2025-09,Labour charges-Misc.,6618.0,32813445.02,6832212.0,0.02016856199026432,0.0968646757448393
2025-09,Freight & octroi-packing material,6500.0,32813445.02,6832212.0,0.019808953299594752,0.09513756306156776
2025-09,Labour charges-cotton(DAL),6234.0,32813445.02,6832212.0,0.018998309979949796,0.09124424125012515
2025-09,Telephone & Telex  (Factory),5900.0,32813445.02,6832212.0,0.017980434533478314,0.0863556341635769
2025-09,Repair & Maintenance Electrical,5470.0,32813445.02,6832212.0,0.0166699960844282,0.0800619184533501
2025-09,Vehicle POL KWK-20-7778 Khaliq Dad,5400.0,32813445.02,6832212.0,0.01645666889504795,0.07903736008191783
2025-09,Vehicle POL KWN-17-4123 Naveed,5000.0,32813445.02,6832212.0,0.015237656384303657,0.0731827408165906
2025-09,Staff Welfare  (Factory),4688.0,32813445.02,6832212.0,0.014286826625923107,0.06861613778963534
2025-09,Vehicle POL -17-2347 Mess Safdar,4550.0,32813445.02,6832212.0,0.013866267309716327,0.06659629414309742
2025-09,Telephone & Telex Charges (H.O),4230.0,32813445.02,6832212.0,0.012891057301120895,0.061912598730835634
2025-09,Repair & Maint. Office Equipment,4050.0,32813445.02,6832212.0,0.012342501671285961,0.05927802006143837
2025-09,Labour charges Sesame(DAL),4032.0,32813445.02,6832212.0,0.012287646108302469,0.059014562194498646
2025-09,Discount of Paddy,4000.0,32813445.02,6832212.0,0.012190125107442924,0.05854619265327247
2025-09,Vehicle POL AGC-21-3228 Abdul Rauf,4000.0,32813445.02,6832212.0,0.012190125107442924,0.05854619265327247
2025-09,Postal & Courier Charges,3858.0,32813445.02,6832212.0,0.011757375666128701,0.05646780281408129
2025-09,Vehicle Repair KWM17-4525 Haider A,3520.0,32813445.02,6832212.0,0.010727310094549775,0.051520649534879774
2025-09,House Rent (Faisal Driver),3500.0,32813445.02,6832212.0,0.010666359469012558,0.051227918571613414
2025-09,Vehicle POL-KWM-17-7032 M.Khalid,3500.0,32813445.02,6832212.0,0.010666359469012558,0.051227918571613414
2025-09,Vehicle POL AGB-6545 Faisal Driver,3000.0,32813445.02,6832212.0,0.009142593830582194,0.04390964448995435
2025-09,Vehicle Repair KWM-19-3348 Zain Ul,2820.0,32813445.02,6832212.0,0.008594038200747263,0.041275065820557094
2025-09,Labour charges-bursum,2800.0,32813445.02,6832212.0,0.008533087575210048,0.04098233485729073
2025-09,Telephone Exp-Rizwan Sb,2600.0,32813445.02,6832212.0,0.0079235813198379,0.0380550252246271
2025-09,Labour charges vanda,2538.0,32813445.02,6832212.0,0.007734634380672536,0.03714755923850138
2025-09,Purchase of Sulphor (Tiger Brand),2500.0,32813445.02,6832212.0,0.0076188281921518285,0.0365913704082953
2025-09,Vehicle Repair AGC-21-3228 Rauf,2350.0,32813445.02,6832212.0,0.007161698500622718,0.034395888183797574
2025-09,labour charges-paddy,2320.0,32813445.02,6832212.0,0.007070272562316896,0.03395679173889803
2025-09,Telephone Exp Aslam Sb,2200.0,32813445.02,6832212.0,0.006704568809093608,0.032200405959299856
2025-09,Telephone Exp Hassan Raza,2200.0,32813445.02,6832212.0,0.006704568809093608,0.032200405959299856
2025-09,Telephone Exp Zakria,2200.0,32813445.02,6832212.0,0.006704568809093608,0.032200405959299856
2025-09,Misc. Expenses,2150.0,32813445.02,6832212.0,0.0065521922452505725,0.03146857855113395
2025-09,Vehicle POL 6793   Aslam Shakir,2000.0,32813445.02,6832212.0,0.006095062553721462,0.029273096326636234
2025-09,Freight & Octori-cotton seed,1950.0,32813445.02,6832212.0,0.005942685989878426,0.02854126891847033
2025-09,Vehicle Repair AGC-21-3251 Zakria,1900.0,32813445.02,6832212.0,0.00579030942603539,0.02780944151030442
2025-09,Vehicle Running & Maint.Gen(Factor,1810.0,32813445.02,6832212.0,0.005516031611117923,0.02649215217560579
2025-09,Vehicle Repair KWK-20-8845 Shahid S,1780.0,32813445.02,6832212.0,0.005424605672812102,0.02605305573070625
2025-09,Labortary Expenses,1550.0,32813445.02,6832212.0,0.004723673479134133,0.02268664965314308
2025-09,Telephone Exp Naveed,1500.0,32813445.02,6832212.0,0.004571296915291097,0.021954822244977176
2025-09,Telephone expenses-Sohail sb,1500.0,32813445.02,6832212.0,0.004571296915291097,0.021954822244977176
2025-09,Vehicle Repair-KWM-19-2868 Nazar Ai,1500.0,32813445.02,6832212.0,0.004571296915291097,0.021954822244977176
2025-09,Freight & Octroi-R&D,1400.0,32813445.02,6832212.0,0.004266543787605024,0.020491167428645363
2025-09,Education Cess,1370.0,32813445.02,6832212.0,0.004175117849299201,0.02005207098374582
2025-09,Telephone Exp Farid,1300.0,32813445.02,6832212.0,0.00396179065991895,0.01902751261231355
2025-09,Newspaper & Perodical,1225.0,32813445.02,6832212.0,0.0037332258141543955,0.017929771500064695
2025-09,Telephone Exp Abdul Rauf,1000.0,32813445.02,6832212.0,0.003047531276860731,0.014636548163318117
2025-09,Telephone Exp Haider Abbas,1000.0,32813445.02,6832212.0,0.003047531276860731,0.014636548163318117
2025-09,Telephone Exp Nazar Ali,1000.0,32813445.02,6832212.0,0.003047531276860731,0.014636548163318117
2025-09,Labour charges-vanda,890.0,32813445.02,6832212.0,0.002712302836406051,0.013026527865353126
2025-09,Telephone Exp Shahid Sajjad,850.0,32813445.02,6832212.0,0.0025904015853316217,0.0124410659388204
2025-09,Telephone Exp  Zain Ullah Abideen,800.0,32813445.02,6832212.0,0.002438025021488585,0.011709238530654495
2025-09,Telephone Exp Kafitullah,800.0,32813445.02,6832212.0,0.002438025021488585,0.011709238530654495
2025-09,Lease Exp.,700.0,32813445.02,6832212.0,0.002133271893802512,0.010245583714322682
2025-09,Telephone Exp M.Khalid,450.0,32813445.02,6832212.0,0.001371389074587329,0.006586446673493153
2025-09,Chemical application & packing char,-5000.0,32813445.02,6832212.0,-0.015237656384303657,-0.0731827408165906
2025-09,Processing charges of RAYA Seed,-76488.0,32813445.02,6832212.0,-0.23309957230452358,-1.119520295915876
2025-09,Purchase of Sunflower,-224000.0,32813445.02,6832212.0,-0.6826470060168037,-3.2785867885832585
2025-09,Pesticide Expenses,-227000.0,32813445.02,6832212.0,-0.691789599847386,-3.3224964330732125
2025-09,Electricity Charges,-535300.0,32813445.02,6832212.0,-1.6313434925035495,-7.834944231824188
2025-09,Other Income,-4559275.0,32813445.02,6832212.0,-13.89453316230921,-66.73204812731221
2025-10,Purchase of canola cooking oil,239325.0,894573.0,705629.0,26.752987179358197,33.916548214429966
2025-10,Vehicle R&M POL PA-443,72610.0,894573.0,705629.0,8.116721609080534,10.290109958632652
2025-10,Labour charges-corn(DAL),64398.0,894573.0,705629.0,7.198741746062087,9.126325590359807
2025-10,Advertisement Expenses-selling,57420.0,894573.0,705629.0,6.418704789882994,8.13742065589708
2025-10,Micronutrient expenses,52800.0,894573.0,705629.0,5.902257278053328,7.482685660595015
2025-10,Packing Material Consumed,44000.0,894573.0,705629.0,4.918547731711107,6.235571383829179
2025-10,Vehicle POL LEH-7012 Hassan Shah,43800.0,894573.0,705629.0,4.896190696566966,6.207227877539047
2025-10,Repair & Maint. Plant & Machinery,43260.0,894573.0,705629.0,4.835826701677784,6.130700410555689
2025-10,Labour charges,42500.0,894573.0,705629.0,4.750869968130046,6.022995086653184
2025-10,Vehicle R&M POL LEC 9352,35000.0,894573.0,705629.0,3.912481150224744,4.960113600773211
2025-10,Misc. Expenses,28419.0,894573.0,705629.0,3.1768229088067717,4.027470526296397
2025-10,House Rent (G.M.),27720.0,894573.0,705629.0,3.0986850709779974,3.928409971812383
2025-10,Canteen Expenses,24699.0,894573.0,705629.0,2.7609820551257416,3.50028130929993
2025-10,Tag & Sticker Expenses,22500.0,894573.0,705629.0,2.515166453715907,3.188644457639921
2025-10,Shifting charges - wheat,20300.0,894573.0,705629.0,2.2692390671303517,2.8768658884484624
2025-10,Vehicle R&M POL 2260 Rizwan Sb.,19000.0,894573.0,705629.0,2.1239183386934326,2.6926330975626
2025-10,Irrigation Expenses,17400.0,894573.0,705629.0,1.9450620575403015,2.4658850472415392
2025-10,Wood Expenses(Dryer),16584.0,894573.0,705629.0,1.8538453541522046,2.350243541577798
2025-10,Vehicle POL KWM-19-3348 Zain Ul Abi,15320.0,894573.0,705629.0,1.712548892041231,2.17111258182416
2025-10,Electricity Expenses,15000.0,894573.0,705629.0,1.6767776358106046,2.1257629717599476
2025-10,Entertainment  (Factory),14285.0,894573.0,705629.0,1.596851235170299,2.0244349367727232
2025-10,Vehicle Repair 2995 Aslam Sb.,11400.0,894573.0,705629.0,1.2743510032160594,1.61557985853756
2025-10,Vehicle R&M POL 371 (FRK),11270.0,894573.0,705629.0,1.2598189303723675,1.5971565794489737
2025-10,Misc. Expenses-Selling,11130.0,894573.0,705629.0,1.2441690057714685,1.5773161250458811
2025-10,Telephone Expenses-Director,10000.0,894573.0,705629.0,1.1178517572070696,1.4171753145066317
2025-10,Freight & Octroi-chemicals,9620.0,894573.0,705629.0,1.0753733904332012,1.3633226525553797
2025-10,Ploughing expenses,9028.0,894573.0,705629.0,1.0091965664065425,1.279425873936587
2025-10,Vehicle POL KWK-20-7778 Khaliq Dad,8800.0,894573.0,705629.0,0.9837095463422214,1.2471142767658359
2025-10,Printing & Stationery  (Factory),8790.0,894573.0,705629.0,0.9825916945850144,1.2456971014513292
2025-10,labour charges sesame seed,8700.0,894573.0,705629.0,0.9725310287701507,1.2329425236207696
2025-10,Vehicle POL 6793   Aslam Shakir,8000.0,894573.0,705629.0,0.8942814057656558,1.1337402516053052
2025-10,Vehicle Repair LEH-7012 Hassan Shah,7630.0,894573.0,705629.0,0.8529208907489942,1.0813047649685599
2025-10,Germination Claim,7000.0,894573.0,705629.0,0.7824962300449487,0.9920227201546422
2025-10,Vehicle POL KWM-2868 Nazar Ali,7000.0,894573.0,705629.0,0.7824962300449487,0.9920227201546422
2025-10,Vehicle POL KWK-20-8845 Shahid Sajj,6898.0,894573.0,705629.0,0.7710941421214367,0.9775675319466746
2025-10,Labour charges-Misc,6797.0,894573.0,705629.0,0.7598038393736453,0.9632540612701576
2025-10,Vehicle Repair 6793 Aslam Shakir,6700.0,894573.0,705629.0,0.7489606773287367,0.9495074607194433
2025-10,Travelling & Conveyance Others,6000.0,894573.0,705629.0,0.6707110543242418,0.850305188703979
2025-10,Vehicle Repair KWM-19-3348 Zain Ul,5120.0,894573.0,705629.0,0.5723400996900196,0.7255937610273955
2025-10,Vehicle POL KWN-17-4123 Naveed,5000.0,894573.0,705629.0,0.5589258786035348,0.7085876572533159
2025-10,Vehicle POL 2995 Aslam Sb.,4970.0,894573.0,705629.0,0.5555723233319136,0.704336131309796
2025-10,Freight & Oct. General,4700.0,894573.0,705629.0,0.5253903258873227,0.6660723978181169
2025-10,Labour charges-Okra,4640.0,894573.0,705629.0,0.5186832153440804,0.6575693459310772
2025-10,"Rent, Rates & Taxes",4500.0,894573.0,705629.0,0.5030332907431814,0.6377288915279843
2025-10,Freight & octroi-corn seed,4000.0,894573.0,705629.0,0.4471407028828279,0.5668701258026526
2025-10,Repair & Maintenance Electrical,3900.0,894573.0,705629.0,0.43596218531075714,0.5526983726575864
2025-10,Vehicle Repair KWK-20-8845 Shahid S,3630.0,894573.0,705629.0,0.4057801878661663,0.5144346391659074
2025-10,House Rent (Faisal Driver),3500.0,894573.0,705629.0,0.39124811502247436,0.4960113600773211
2025-10,Vehicle POL AGB-6545 Faisal Driver,3000.0,894573.0,705629.0,0.3353555271621209,0.4251525943519895
2025-10,Misc.Expenses,2620.0,894573.0,705629.0,0.2928771603882523,0.3712999324007375
2025-10,Telephone Exp Aslam Sb,2200.0,894573.0,705629.0,0.24592738658555535,0.31177856919145897
2025-10,Freight & Octori-cotton seed,2100.0,894573.0,705629.0,0.23474886901348463,0.29760681604639266
2025-10,Postal & Courier Charges,2080.0,894573.0,705629.0,0.23251316549907053,0.2947724654173794
2025-10,Vehicle POL -17-2347 Mess Safdar,2000.0,894573.0,705629.0,0.22357035144141396,0.2834350629013263
2025-10,Vehicle 2.OD POL 4382 Dr. Anwar Sb.,1980.0,894573.0,705629.0,0.2213346479269998,0.2806007122723131
2025-10,Vehicle Repair-KWM-19-2868 Nazar Ai,1800.0,894573.0,705629.0,0.20121331629727257,0.2550915566111937
2025-10,labour charges-micronutrient,1663.0,894573.0,705629.0,0.1858987472235357,0.23567625480245286
2025-10,Vehicle POL M/C ALF 6829 Hassan Raz,1500.0,894573.0,705629.0,0.16767776358106046,0.21257629717599474
2025-10,Vehicle RepairKWK-20-7778 Khaliq Da,1400.0,894573.0,705629.0,0.15649924600898976,0.19840454403092844
2025-10,Insect Net,1343.0,894573.0,705629.0,0.15012749099290948,0.19032664473824062
2025-10,Telephone Exp Farid,1300.0,894573.0,705629.0,0.14532072843691907,0.1842327908858621
2025-10,Telephone Exp Khaliq Dad,1300.0,894573.0,705629.0,0.14532072843691907,0.1842327908858621
2025-10,Newspaper & Perodical,1160.0,894573.0,705629.0,0.1296708038360201,0.1643923364827693
2025-10,Labour Expenses-Organic matter,1000.0,894573.0,705629.0,0.11178517572070698,0.14171753145066315
2025-10,Telephone Exp Nazar Ali,1000.0,894573.0,705629.0,0.11178517572070698,0.14171753145066315
2025-10,Vehicle R&M Repair PA-443,1000.0,894573.0,705629.0,0.11178517572070698,0.14171753145066315
2025-10,Telephone & Telex  (Factory),800.0,894573.0,705629.0,0.08942814057656558,0.11337402516053055
2025-10,Telephone Exp Kafitullah,800.0,894573.0,705629.0,0.08942814057656558,0.11337402516053055
2025-10,Freight & Octroi-R&D,700.0,894573.0,705629.0,0.07824962300449488,0.09920227201546422
2025-10,Lease Exp.,700.0,894573.0,705629.0,0.07824962300449488,0.09920227201546422
2025-10,Freight & octroi-packing material,500.0,894573.0,705629.0,0.05589258786035349,0.07085876572533158
2025-10,Telephone Exp Shahid Sajjad,500.0,894573.0,705629.0,0.05589258786035349,0.07085876572533158
2025-10,Telephone Exp  Zain Ullah Abideen,300.0,894573.0,705629.0,0.03353555271621209,0.042515259435198946
2025-10,Bank Charges,294.0,894573.0,705629.0,0.03286484166188785,0.04166495424649497
2025-10,Vehicle Repari AGB-6545 Faisal Driv,250.0,894573.0,705629.0,0.027946293930176745,0.03542938286266579
2025-10,Processing charges-carrot seed,-99780.0,894573.0,705629.0,-11.153924833412141,-14.14057528814717
2025-10,Other Income,-146000.0,894573.0,705629.0,-16.320635655223217,-20.690759591796823
